00:24:49 INFO     __main__  === Polymarket-vs-Binance arb bot starting [PAPER] ===
00:24:49 INFO     __main__  Binance symbols: ['btcusdt', 'ethusdt'] | safety_eps=0.0200 cooldown=10.0s notional<=25 | price=[0.10,0.90] σ_floor=0.40 tte=[300,2700]s skip_updown=False
00:24:49 INFO     __main__  Will stop after 86400 seconds and print PnL summary.
00:24:49 INFO     __main__  Overlays: longshot_tilt=1.00 maker=off ml=on(0.25) obi_veto=on(-0.60) momentum=on meanrev=on kelly=on(0.30) price_to_beat=on xvenue=off sell_tail>=0.03
00:24:49 INFO     __main__  Loaded category tracker: 3 known, 0 currently blacklisted
00:24:49 INFO     src.deribit_iv  Deribit IV poller started (refresh=60s, symbols=['btcusdt', 'ethusdt'])
00:24:49 INFO     src.funding  Funding poller started (refresh=60s, symbols=['btcusdt', 'ethusdt'])
00:24:49 INFO     src.poly_universe  Universe: 23 tradeable BTC/ETH markets (1 page(s), 23 BTC/ETH seen)
00:24:49 INFO     __main__  Universe refreshed: 23 markets
00:24:49 INFO     src.poly_ws  Polymarket WS connected: wss://ws-subscriptions-clob.polymarket.com/ws/market
00:24:50 INFO     src.binance_ws  Binance WS connected: wss://stream.binance.com:443/stream?streams=ethusdt@bookTicker/ethusdt@aggTrade
00:24:50 INFO     src.binance_ws  Binance WS connected: wss://stream.binance.com:443/stream?streams=btcusdt@bookTicker/btcusdt@aggTrade
00:25:19 INFO     __main__  HEARTBEAT eval=0 signals=0 fills=0 arbs=0 arb-fills=0 no-spot=69 no-book=11012 warmup=701 markets=23 btcusdt[σ=0.083 iv=0.397 μ=-0.007] ethusdt[σ=0.060 iv=0.548 μ=-0.153] top-raw-gap=-1.000 ()
00:25:20 INFO     src.poly_universe  Universe: 23 tradeable BTC/ETH markets (1 page(s), 23 BTC/ETH seen)
00:25:20 INFO     __main__  Universe refreshed: 23 markets
00:25:49 INFO     __main__  HEARTBEAT eval=0 signals=0 fills=0 arbs=0 arb-fills=0 no-spot=0 no-book=6178 warmup=0 markets=23 btcusdt[σ=0.055 iv=0.397 μ=+0.128] ethusdt[σ=0.050 iv=0.548 μ=+0.051] top-raw-gap=-1.000 ()
00:25:50 INFO     src.poly_universe  Universe: 23 tradeable BTC/ETH markets (1 page(s), 23 BTC/ETH seen)
00:25:50 INFO     __main__  Universe refreshed: 23 markets
00:26:19 INFO     __main__  HEARTBEAT eval=0 signals=0 fills=0 arbs=0 arb-fills=0 no-spot=0 no-book=7797 warmup=0 markets=23 btcusdt[σ=0.064 iv=0.397 μ=-0.141] ethusdt[σ=0.063 iv=0.548 μ=-0.073] top-raw-gap=-1.000 ()
00:26:20 INFO     src.poly_universe  Universe: 23 tradeable BTC/ETH markets (1 page(s), 23 BTC/ETH seen)
00:26:20 INFO     __main__  Universe refreshed: 23 markets
00:26:50 INFO     __main__  HEARTBEAT eval=0 signals=0 fills=0 arbs=0 arb-fills=0 no-spot=0 no-book=7640 warmup=0 markets=23 btcusdt[σ=0.063 iv=0.397 μ=-0.088] ethusdt[σ=0.058 iv=0.548 μ=+0.037] top-raw-gap=-1.000 ()
00:26:50 INFO     src.poly_universe  Universe: 23 tradeable BTC/ETH markets (1 page(s), 23 BTC/ETH seen)
00:26:50 INFO     __main__  Universe refreshed: 23 markets
00:27:20 INFO     __main__  HEARTBEAT eval=0 signals=0 fills=0 arbs=0 arb-fills=0 no-spot=0 no-book=7424 warmup=0 markets=23 btcusdt[σ=0.050 iv=0.397 μ=+0.088] ethusdt[σ=0.057 iv=0.548 μ=-0.084] top-raw-gap=-1.000 ()
00:27:20 INFO     src.poly_universe  Universe: 23 tradeable BTC/ETH markets (1 page(s), 23 BTC/ETH seen)
00:27:20 INFO     __main__  Universe refreshed: 23 markets
00:27:50 INFO     __main__  HEARTBEAT eval=0 signals=0 fills=0 arbs=0 arb-fills=0 no-spot=10 no-book=7438 warmup=0 markets=23 btcusdt[σ=0.068 iv=0.397 μ=+0.078] ethusdt[σ=0.057 iv=0.548 μ=+0.116] top-raw-gap=-1.000 ()
00:27:51 INFO     src.poly_universe  Universe: 23 tradeable BTC/ETH markets (1 page(s), 23 BTC/ETH seen)
00:27:51 INFO     __main__  Universe refreshed: 23 markets
00:28:20 INFO     __main__  HEARTBEAT eval=0 signals=0 fills=0 arbs=0 arb-fills=0 no-spot=0 no-book=6756 warmup=0 markets=23 btcusdt[σ=0.079 iv=0.397 μ=-0.193] ethusdt[σ=0.078 iv=0.548 μ=-0.139] top-raw-gap=-1.000 ()
00:28:21 INFO     src.poly_universe  Universe: 23 tradeable BTC/ETH markets (1 page(s), 23 BTC/ETH seen)
00:28:21 INFO     __main__  Universe refreshed: 23 markets
00:28:50 INFO     __main__  HEARTBEAT eval=0 signals=0 fills=0 arbs=0 arb-fills=0 no-spot=12 no-book=5274 warmup=0 markets=23 btcusdt[σ=0.058 iv=0.397 μ=+0.103] ethusdt[σ=0.067 iv=0.548 μ=-0.122] top-raw-gap=-1.000 ()
00:28:51 INFO     src.poly_universe  Universe: 23 tradeable BTC/ETH markets (1 page(s), 23 BTC/ETH seen)
00:28:51 INFO     __main__  Universe refreshed: 23 markets
00:29:20 INFO     __main__  HEARTBEAT eval=0 signals=0 fills=0 arbs=0 arb-fills=0 no-spot=0 no-book=8175 warmup=0 markets=23 btcusdt[σ=0.050 iv=0.397 μ=-0.160] ethusdt[σ=0.113 iv=0.548 μ=-0.137] top-raw-gap=-1.000 ()
00:29:21 INFO     src.poly_universe  Universe: 23 tradeable BTC/ETH markets (1 page(s), 23 BTC/ETH seen)
00:29:21 INFO     __main__  Universe refreshed: 23 markets
00:29:50 INFO     __main__  HEARTBEAT eval=0 signals=0 fills=0 arbs=0 arb-fills=0 no-spot=0 no-book=7562 warmup=0 markets=23 btcusdt[σ=0.051 iv=0.396 μ=-0.198] ethusdt[σ=0.096 iv=0.548 μ=-0.198] top-raw-gap=-1.000 ()
00:29:51 INFO     src.poly_universe  Universe: 23 tradeable BTC/ETH markets (1 page(s), 23 BTC/ETH seen)
00:29:51 INFO     __main__  Universe refreshed: 23 markets
00:30:20 INFO     __main__  HEARTBEAT eval=155 signals=0 fills=0 arbs=0 arb-fills=0 no-spot=0 no-book=16843 warmup=0 markets=23 btcusdt[σ=0.131 iv=0.396 μ=-0.153] ethusdt[σ=0.141 iv=0.547 μ=-0.041] top-raw-gap=-1.000 ()
00:30:21 INFO     src.poly_universe  Universe: 23 tradeable BTC/ETH markets (1 page(s), 23 BTC/ETH seen)
00:30:21 INFO     __main__  Universe refreshed: 23 markets
00:30:50 INFO     __main__  HEARTBEAT eval=0 signals=0 fills=0 arbs=0 arb-fills=0 no-spot=0 no-book=16539 warmup=0 markets=23 btcusdt[σ=0.128 iv=0.396 μ=-0.052] ethusdt[σ=0.154 iv=0.547 μ=-0.010] top-raw-gap=-1.000 ()
00:30:52 INFO     src.poly_universe  Universe: 23 tradeable BTC/ETH markets (1 page(s), 23 BTC/ETH seen)
00:30:52 INFO     __main__  Universe refreshed: 23 markets
00:31:20 INFO     __main__  HEARTBEAT eval=0 signals=0 fills=0 arbs=0 arb-fills=0 no-spot=0 no-book=15123 warmup=0 markets=23 btcusdt[σ=0.118 iv=0.397 μ=-0.163] ethusdt[σ=0.161 iv=0.549 μ=-0.015] top-raw-gap=-1.000 ()
00:31:22 INFO     src.poly_universe  Universe: 23 tradeable BTC/ETH markets (1 page(s), 23 BTC/ETH seen)
00:31:22 INFO     __main__  Universe refreshed: 23 markets
00:31:50 INFO     __main__  HEARTBEAT eval=0 signals=0 fills=0 arbs=0 arb-fills=0 no-spot=0 no-book=10500 warmup=0 markets=23 btcusdt[σ=0.098 iv=0.397 μ=+0.189] ethusdt[σ=0.130 iv=0.551 μ=-0.010] top-raw-gap=-1.000 ()
00:31:52 INFO     src.poly_universe  Universe: 23 tradeable BTC/ETH markets (1 page(s), 23 BTC/ETH seen)
00:31:52 INFO     __main__  Universe refreshed: 23 markets
00:32:20 INFO     __main__  HEARTBEAT eval=0 signals=0 fills=0 arbs=0 arb-fills=0 no-spot=0 no-book=13217 warmup=0 markets=23 btcusdt[σ=0.133 iv=0.397 μ=+0.151] ethusdt[σ=0.303 iv=0.551 μ=+0.027] top-raw-gap=-1.000 ()
00:32:22 INFO     src.poly_universe  Universe: 23 tradeable BTC/ETH markets (1 page(s), 23 BTC/ETH seen)
00:32:22 INFO     __main__  Universe refreshed: 23 markets
00:32:51 INFO     __main__  HEARTBEAT eval=58 signals=0 fills=0 arbs=0 arb-fills=0 no-spot=0 no-book=10942 warmup=0 markets=23 btcusdt[σ=0.104 iv=0.398 μ=+0.008] ethusdt[σ=0.207 iv=0.551 μ=+0.069] top-raw-gap=-1.000 ()
00:32:52 INFO     src.poly_universe  Universe: 23 tradeable BTC/ETH markets (1 page(s), 23 BTC/ETH seen)
00:32:52 INFO     __main__  Universe refreshed: 23 markets
00:33:21 INFO     __main__  HEARTBEAT eval=0 signals=0 fills=0 arbs=0 arb-fills=0 no-spot=0 no-book=10774 warmup=0 markets=23 btcusdt[σ=0.106 iv=0.398 μ=-0.099] ethusdt[σ=0.161 iv=0.551 μ=+0.005] top-raw-gap=-1.000 ()
00:33:22 INFO     src.poly_universe  Universe: 23 tradeable BTC/ETH markets (1 page(s), 23 BTC/ETH seen)
00:33:22 INFO     __main__  Universe refreshed: 23 markets
00:33:51 INFO     __main__  HEARTBEAT eval=0 signals=0 fills=0 arbs=0 arb-fills=0 no-spot=0 no-book=9071 warmup=0 markets=23 btcusdt[σ=0.081 iv=0.398 μ=-0.191] ethusdt[σ=0.110 iv=0.550 μ=-0.196] top-raw-gap=-1.000 ()
00:33:52 INFO     src.poly_universe  Universe: 23 tradeable BTC/ETH markets (1 page(s), 23 BTC/ETH seen)
00:33:52 INFO     __main__  Universe refreshed: 23 markets
00:34:21 INFO     __main__  HEARTBEAT eval=40 signals=0 fills=0 arbs=0 arb-fills=0 no-spot=0 no-book=9246 warmup=0 markets=23 btcusdt[σ=0.086 iv=0.398 μ=-0.137] ethusdt[σ=0.088 iv=0.550 μ=-0.051] top-raw-gap=0.047 (Bitcoin above 63,800 on June 21, 7PM ET?)
00:34:23 INFO     src.poly_universe  Universe: 23 tradeable BTC/ETH markets (1 page(s), 23 BTC/ETH seen)
00:34:23 INFO     __main__  Universe refreshed: 23 markets
00:34:51 INFO     __main__  HEARTBEAT eval=73 signals=0 fills=0 arbs=0 arb-fills=0 no-spot=0 no-book=11727 warmup=0 markets=23 btcusdt[σ=0.086 iv=0.398 μ=-0.196] ethusdt[σ=0.116 iv=0.550 μ=-0.106] top-raw-gap=-1.000 ()
00:34:53 INFO     src.poly_universe  Universe: 23 tradeable BTC/ETH markets (1 page(s), 23 BTC/ETH seen)
00:34:53 INFO     __main__  Universe refreshed: 23 markets
00:35:21 INFO     __main__  HEARTBEAT eval=480 signals=0 fills=0 arbs=0 arb-fills=0 no-spot=0 no-book=12338 warmup=0 markets=23 btcusdt[σ=0.079 iv=0.398 μ=+0.070] ethusdt[σ=0.099 iv=0.550 μ=+0.061] top-raw-gap=-1.000 ()
00:35:23 INFO     src.poly_universe  Universe: 23 tradeable BTC/ETH markets (1 page(s), 23 BTC/ETH seen)
00:35:23 INFO     __main__  Universe refreshed: 23 markets
00:35:51 INFO     __main__  HEARTBEAT eval=0 signals=0 fills=0 arbs=0 arb-fills=0 no-spot=0 no-book=9654 warmup=0 markets=23 btcusdt[σ=0.052 iv=0.398 μ=+0.171] ethusdt[σ=0.068 iv=0.549 μ=-0.077] top-raw-gap=-1.000 ()
00:35:53 INFO     src.poly_universe  Universe: 23 tradeable BTC/ETH markets (1 page(s), 23 BTC/ETH seen)
00:35:53 INFO     __main__  Universe refreshed: 23 markets
00:36:21 INFO     __main__  HEARTBEAT eval=0 signals=0 fills=0 arbs=0 arb-fills=0 no-spot=0 no-book=11227 warmup=0 markets=23 btcusdt[σ=0.088 iv=0.398 μ=+0.076] ethusdt[σ=0.099 iv=0.549 μ=-0.075] top-raw-gap=-1.000 ()
00:36:23 INFO     src.poly_universe  Universe: 23 tradeable BTC/ETH markets (1 page(s), 23 BTC/ETH seen)
00:36:23 INFO     __main__  Universe refreshed: 23 markets
00:36:51 INFO     __main__  HEARTBEAT eval=0 signals=0 fills=0 arbs=0 arb-fills=0 no-spot=0 no-book=9892 warmup=0 markets=23 btcusdt[σ=0.059 iv=0.398 μ=+0.172] ethusdt[σ=0.087 iv=0.549 μ=+0.048] top-raw-gap=-1.000 ()
00:36:53 INFO     src.poly_universe  Universe: 23 tradeable BTC/ETH markets (1 page(s), 23 BTC/ETH seen)
00:36:53 INFO     __main__  Universe refreshed: 23 markets
00:37:21 INFO     __main__  HEARTBEAT eval=0 signals=0 fills=0 arbs=0 arb-fills=0 no-spot=0 no-book=7630 warmup=0 markets=23 btcusdt[σ=0.050 iv=0.398 μ=+0.123] ethusdt[σ=0.074 iv=0.549 μ=-0.078] top-raw-gap=-1.000 ()
00:37:23 INFO     src.poly_universe  Universe: 23 tradeable BTC/ETH markets (1 page(s), 23 BTC/ETH seen)
00:37:23 INFO     __main__  Universe refreshed: 23 markets
00:37:51 INFO     __main__  HEARTBEAT eval=0 signals=0 fills=0 arbs=0 arb-fills=0 no-spot=0 no-book=10061 warmup=0 markets=23 btcusdt[σ=0.066 iv=0.398 μ=-0.051] ethusdt[σ=0.087 iv=0.549 μ=+0.012] top-raw-gap=-1.000 ()
00:37:54 INFO     src.poly_universe  Universe: 23 tradeable BTC/ETH markets (1 page(s), 23 BTC/ETH seen)
00:37:54 INFO     __main__  Universe refreshed: 23 markets
00:38:22 INFO     __main__  HEARTBEAT eval=0 signals=0 fills=0 arbs=0 arb-fills=0 no-spot=0 no-book=8662 warmup=0 markets=23 btcusdt[σ=0.081 iv=0.398 μ=-0.047] ethusdt[σ=0.067 iv=0.549 μ=+0.011] top-raw-gap=-1.000 ()
00:38:24 INFO     src.poly_universe  Universe: 23 tradeable BTC/ETH markets (1 page(s), 23 BTC/ETH seen)
00:38:24 INFO     __main__  Universe refreshed: 23 markets
00:38:52 INFO     __main__  HEARTBEAT eval=0 signals=0 fills=0 arbs=0 arb-fills=0 no-spot=0 no-book=6747 warmup=0 markets=23 btcusdt[σ=0.058 iv=0.399 μ=+0.099] ethusdt[σ=0.053 iv=0.548 μ=+0.128] top-raw-gap=-1.000 ()
00:38:54 INFO     src.poly_universe  Universe: 23 tradeable BTC/ETH markets (1 page(s), 23 BTC/ETH seen)
00:38:54 INFO     __main__  Universe refreshed: 23 markets
00:39:22 INFO     __main__  HEARTBEAT eval=0 signals=0 fills=0 arbs=0 arb-fills=0 no-spot=0 no-book=9719 warmup=0 markets=23 btcusdt[σ=0.059 iv=0.399 μ=-0.094] ethusdt[σ=0.067 iv=0.548 μ=-0.029] top-raw-gap=-1.000 ()
00:39:24 INFO     src.poly_universe  Universe: 23 tradeable BTC/ETH markets (1 page(s), 23 BTC/ETH seen)
00:39:24 INFO     __main__  Universe refreshed: 23 markets
00:39:52 INFO     __main__  HEARTBEAT eval=0 signals=0 fills=0 arbs=0 arb-fills=0 no-spot=0 no-book=7279 warmup=0 markets=23 btcusdt[σ=0.065 iv=0.399 μ=-0.130] ethusdt[σ=0.070 iv=0.548 μ=+0.035] top-raw-gap=-1.000 ()
00:39:54 INFO     src.poly_universe  Universe: 23 tradeable BTC/ETH markets (1 page(s), 23 BTC/ETH seen)
00:39:54 INFO     __main__  Universe refreshed: 23 markets
00:40:22 INFO     __main__  HEARTBEAT eval=0 signals=0 fills=0 arbs=0 arb-fills=0 no-spot=0 no-book=10741 warmup=0 markets=23 btcusdt[σ=0.087 iv=0.399 μ=-0.080] ethusdt[σ=0.082 iv=0.548 μ=-0.018] top-raw-gap=-1.000 ()
00:40:24 INFO     src.poly_universe  Universe: 23 tradeable BTC/ETH markets (1 page(s), 23 BTC/ETH seen)
00:40:24 INFO     __main__  Universe refreshed: 23 markets
00:40:52 INFO     __main__  HEARTBEAT eval=0 signals=0 fills=0 arbs=0 arb-fills=0 no-spot=0 no-book=10097 warmup=0 markets=23 btcusdt[σ=0.096 iv=0.399 μ=+0.139] ethusdt[σ=0.123 iv=0.548 μ=+0.087] top-raw-gap=-1.000 ()
00:40:55 INFO     src.poly_universe  Universe: 23 tradeable BTC/ETH markets (1 page(s), 23 BTC/ETH seen)
00:40:55 INFO     __main__  Universe refreshed: 23 markets
00:41:22 INFO     __main__  HEARTBEAT eval=0 signals=0 fills=0 arbs=0 arb-fills=0 no-spot=0 no-book=10312 warmup=0 markets=23 btcusdt[σ=0.090 iv=0.399 μ=+0.074] ethusdt[σ=0.099 iv=0.548 μ=+0.093] top-raw-gap=-1.000 ()
00:41:25 INFO     src.poly_universe  Universe: 23 tradeable BTC/ETH markets (1 page(s), 23 BTC/ETH seen)
00:41:25 INFO     __main__  Universe refreshed: 23 markets
00:41:52 INFO     __main__  HEARTBEAT eval=0 signals=0 fills=0 arbs=0 arb-fills=0 no-spot=0 no-book=10772 warmup=0 markets=23 btcusdt[σ=0.063 iv=0.399 μ=+0.026] ethusdt[σ=0.087 iv=0.547 μ=+0.037] top-raw-gap=-1.000 ()
00:41:55 INFO     src.poly_universe  Universe: 23 tradeable BTC/ETH markets (1 page(s), 23 BTC/ETH seen)
00:41:55 INFO     __main__  Universe refreshed: 23 markets
00:42:22 INFO     __main__  HEARTBEAT eval=0 signals=0 fills=0 arbs=0 arb-fills=0 no-spot=0 no-book=7733 warmup=0 markets=23 btcusdt[σ=0.055 iv=0.399 μ=+0.010] ethusdt[σ=0.067 iv=0.547 μ=-0.114] top-raw-gap=-1.000 ()
00:42:25 INFO     src.poly_universe  Universe: 23 tradeable BTC/ETH markets (1 page(s), 23 BTC/ETH seen)
00:42:25 INFO     __main__  Universe refreshed: 23 markets
00:42:52 INFO     __main__  HEARTBEAT eval=0 signals=0 fills=0 arbs=0 arb-fills=0 no-spot=0 no-book=7413 warmup=0 markets=23 btcusdt[σ=0.059 iv=0.398 μ=-0.190] ethusdt[σ=0.071 iv=0.547 μ=+0.086] top-raw-gap=-1.000 ()
00:42:55 INFO     src.poly_universe  Universe: 23 tradeable BTC/ETH markets (1 page(s), 23 BTC/ETH seen)
00:42:55 INFO     __main__  Universe refreshed: 23 markets
00:43:22 INFO     __main__  HEARTBEAT eval=0 signals=0 fills=0 arbs=0 arb-fills=0 no-spot=0 no-book=10111 warmup=0 markets=23 btcusdt[σ=0.058 iv=0.398 μ=+0.146] ethusdt[σ=0.065 iv=0.547 μ=-0.053] top-raw-gap=-1.000 ()
00:43:25 INFO     src.poly_universe  Universe: 23 tradeable BTC/ETH markets (1 page(s), 23 BTC/ETH seen)
00:43:25 INFO     __main__  Universe refreshed: 23 markets
00:43:52 INFO     __main__  HEARTBEAT eval=0 signals=0 fills=0 arbs=0 arb-fills=0 no-spot=0 no-book=10698 warmup=0 markets=23 btcusdt[σ=0.063 iv=0.398 μ=-0.190] ethusdt[σ=0.060 iv=0.546 μ=-0.143] top-raw-gap=-1.000 ()
00:43:55 INFO     src.poly_universe  Universe: 24 tradeable BTC/ETH markets (1 page(s), 24 BTC/ETH seen)
00:43:55 INFO     __main__  Universe refreshed: 24 markets
00:44:22 INFO     __main__  HEARTBEAT eval=0 signals=0 fills=0 arbs=0 arb-fills=0 no-spot=0 no-book=9605 warmup=0 markets=24 btcusdt[σ=0.071 iv=0.398 μ=+0.123] ethusdt[σ=0.068 iv=0.546 μ=-0.132] top-raw-gap=-1.000 ()
00:44:25 WARNING  src.poly_ws  Polymarket WS closed (no close frame received or sent), reconnecting in 1.0s
00:44:26 INFO     src.poly_universe  Universe: 24 tradeable BTC/ETH markets (1 page(s), 24 BTC/ETH seen)
00:44:26 INFO     __main__  Universe refreshed: 24 markets
00:44:27 INFO     src.poly_ws  Polymarket WS connected: wss://ws-subscriptions-clob.polymarket.com/ws/market
00:44:52 INFO     __main__  HEARTBEAT eval=1084 signals=0 fills=0 arbs=0 arb-fills=0 no-spot=0 no-book=6089 warmup=0 markets=24 btcusdt[σ=0.050 iv=0.397 μ=+0.013] ethusdt[σ=0.050 iv=0.546 μ=+0.135] top-raw-gap=-1.000 ()
00:44:56 INFO     src.poly_universe  Universe: 24 tradeable BTC/ETH markets (1 page(s), 24 BTC/ETH seen)
00:44:56 INFO     __main__  Universe refreshed: 24 markets
00:45:22 INFO     __main__  HEARTBEAT eval=0 signals=0 fills=0 arbs=0 arb-fills=0 no-spot=0 no-book=11202 warmup=0 markets=24 btcusdt[σ=0.079 iv=0.397 μ=-0.088] ethusdt[σ=0.076 iv=0.546 μ=+0.056] top-raw-gap=-1.000 ()
00:45:26 INFO     src.poly_universe  Universe: 24 tradeable BTC/ETH markets (1 page(s), 24 BTC/ETH seen)
00:45:26 INFO     __main__  Universe refreshed: 24 markets
00:45:52 INFO     __main__  HEARTBEAT eval=0 signals=0 fills=0 arbs=0 arb-fills=0 no-spot=0 no-book=9208 warmup=0 markets=24 btcusdt[σ=0.056 iv=0.397 μ=+0.150] ethusdt[σ=0.054 iv=0.545 μ=+0.082] top-raw-gap=-1.000 ()
00:45:56 INFO     src.poly_universe  Universe: 24 tradeable BTC/ETH markets (1 page(s), 24 BTC/ETH seen)
00:45:56 INFO     __main__  Universe refreshed: 24 markets
00:46:23 INFO     __main__  HEARTBEAT eval=46 signals=0 fills=0 arbs=0 arb-fills=0 no-spot=0 no-book=10215 warmup=0 markets=24 btcusdt[σ=0.066 iv=0.397 μ=-0.177] ethusdt[σ=0.065 iv=0.545 μ=-0.102] top-raw-gap=-1.000 ()
00:46:26 INFO     src.poly_universe  Universe: 25 tradeable BTC/ETH markets (1 page(s), 25 BTC/ETH seen)
00:46:26 INFO     __main__  Universe refreshed: 25 markets
00:46:53 INFO     __main__  HEARTBEAT eval=0 signals=0 fills=0 arbs=0 arb-fills=0 no-spot=0 no-book=8524 warmup=0 markets=25 btcusdt[σ=0.059 iv=0.397 μ=+0.031] ethusdt[σ=0.059 iv=0.544 μ=+0.153] top-raw-gap=-1.000 ()
00:46:56 INFO     src.poly_universe  Universe: 25 tradeable BTC/ETH markets (1 page(s), 25 BTC/ETH seen)
00:46:56 INFO     __main__  Universe refreshed: 25 markets
00:47:23 INFO     __main__  HEARTBEAT eval=0 signals=0 fills=0 arbs=0 arb-fills=0 no-spot=8 no-book=9562 warmup=0 markets=25 btcusdt[σ=0.050 iv=0.397 μ=+0.082] ethusdt[σ=0.061 iv=0.544 μ=+0.187] top-raw-gap=-1.000 ()
00:47:26 INFO     src.poly_universe  Universe: 33 tradeable BTC/ETH markets (1 page(s), 33 BTC/ETH seen)
00:47:26 INFO     __main__  Universe refreshed: 33 markets
00:47:53 INFO     __main__  HEARTBEAT eval=0 signals=0 fills=0 arbs=0 arb-fills=0 no-spot=0 no-book=12650 warmup=250 markets=33 btcusdt[σ=0.050 iv=0.396 μ=-0.062] ethusdt[σ=0.058 iv=0.543 μ=-0.199] top-raw-gap=-1.000 ()
00:47:57 INFO     src.poly_universe  Universe: 36 tradeable BTC/ETH markets (1 page(s), 36 BTC/ETH seen)
00:47:57 INFO     __main__  Universe refreshed: 36 markets
00:48:23 INFO     __main__  HEARTBEAT eval=0 signals=0 fills=0 arbs=0 arb-fills=0 no-spot=0 no-book=11358 warmup=0 markets=36 btcusdt[σ=0.050 iv=0.396 μ=+0.180] ethusdt[σ=0.050 iv=0.543 μ=-0.021] top-raw-gap=-1.000 ()
00:48:27 INFO     src.poly_universe  Universe: 36 tradeable BTC/ETH markets (1 page(s), 36 BTC/ETH seen)
00:48:27 INFO     __main__  Universe refreshed: 36 markets
00:48:53 INFO     __main__  HEARTBEAT eval=0 signals=0 fills=0 arbs=0 arb-fills=0 no-spot=16 no-book=12996 warmup=0 markets=36 btcusdt[σ=0.053 iv=0.396 μ=-0.136] ethusdt[σ=0.054 iv=0.543 μ=-0.089] top-raw-gap=-1.000 ()
00:48:57 INFO     src.poly_universe  Universe: 36 tradeable BTC/ETH markets (1 page(s), 36 BTC/ETH seen)
00:48:57 INFO     __main__  Universe refreshed: 36 markets
00:49:23 INFO     __main__  HEARTBEAT eval=0 signals=0 fills=0 arbs=0 arb-fills=0 no-spot=0 no-book=12108 warmup=0 markets=36 btcusdt[σ=0.065 iv=0.396 μ=+0.070] ethusdt[σ=0.071 iv=0.543 μ=-0.142] top-raw-gap=-1.000 ()
00:49:27 INFO     src.poly_universe  Universe: 36 tradeable BTC/ETH markets (1 page(s), 36 BTC/ETH seen)
00:49:27 INFO     __main__  Universe refreshed: 36 markets
00:49:54 INFO     __main__  HEARTBEAT eval=0 signals=0 fills=0 arbs=0 arb-fills=0 no-spot=0 no-book=8860 warmup=0 markets=36 btcusdt[σ=0.057 iv=0.395 μ=+0.130] ethusdt[σ=0.060 iv=0.542 μ=+0.144] top-raw-gap=-1.000 ()
00:49:57 INFO     src.poly_universe  Universe: 36 tradeable BTC/ETH markets (1 page(s), 36 BTC/ETH seen)
00:49:57 INFO     __main__  Universe refreshed: 36 markets
00:50:24 INFO     __main__  HEARTBEAT eval=0 signals=0 fills=0 arbs=0 arb-fills=0 no-spot=0 no-book=11473 warmup=0 markets=36 btcusdt[σ=0.056 iv=0.395 μ=+0.175] ethusdt[σ=0.050 iv=0.542 μ=-0.200] top-raw-gap=-1.000 ()
00:50:27 INFO     src.poly_universe  Universe: 36 tradeable BTC/ETH markets (1 page(s), 36 BTC/ETH seen)
00:50:27 INFO     __main__  Universe refreshed: 36 markets
00:50:54 INFO     __main__  HEARTBEAT eval=48 signals=0 fills=0 arbs=0 arb-fills=0 no-spot=0 no-book=14228 warmup=0 markets=36 btcusdt[σ=0.074 iv=0.395 μ=+0.195] ethusdt[σ=0.076 iv=0.541 μ=+0.168] top-raw-gap=0.015 (Bitcoin above 63,200 on June 21, 7PM ET?)
00:50:57 INFO     src.poly_universe  Universe: 36 tradeable BTC/ETH markets (1 page(s), 36 BTC/ETH seen)
00:50:57 INFO     __main__  Universe refreshed: 36 markets
00:50:59 INFO     src.execute  [PAPER] TAKER BUY 4.36 shares @ 0.8900 (fee=0.0299 edge=0.0270 src=model)
00:51:24 INFO     __main__  HEARTBEAT eval=168 signals=1 fills=1 arbs=0 arb-fills=0 no-spot=0 no-book=14342 warmup=0 markets=36 btcusdt[σ=0.086 iv=0.395 μ=-0.037] ethusdt[σ=0.063 iv=0.541 μ=+0.058] top-raw-gap=-1.000 ()
00:51:28 INFO     src.poly_universe  Universe: 36 tradeable BTC/ETH markets (1 page(s), 36 BTC/ETH seen)
00:51:28 INFO     __main__  Universe refreshed: 36 markets
00:51:54 INFO     __main__  HEARTBEAT eval=0 signals=0 fills=0 arbs=0 arb-fills=0 no-spot=0 no-book=11921 warmup=0 markets=36 btcusdt[σ=0.056 iv=0.395 μ=+0.199] ethusdt[σ=0.052 iv=0.541 μ=+0.169] top-raw-gap=-1.000 ()
00:51:58 INFO     src.poly_universe  Universe: 36 tradeable BTC/ETH markets (1 page(s), 36 BTC/ETH seen)
00:51:58 INFO     __main__  Universe refreshed: 36 markets
00:52:24 INFO     __main__  HEARTBEAT eval=0 signals=0 fills=0 arbs=0 arb-fills=0 no-spot=0 no-book=16345 warmup=0 markets=36 btcusdt[σ=0.050 iv=0.395 μ=-0.086] ethusdt[σ=0.065 iv=0.541 μ=+0.015] top-raw-gap=-1.000 ()
00:52:28 INFO     src.poly_universe  Universe: 36 tradeable BTC/ETH markets (1 page(s), 36 BTC/ETH seen)
00:52:28 INFO     __main__  Universe refreshed: 36 markets
00:52:54 INFO     __main__  HEARTBEAT eval=403 signals=0 fills=0 arbs=0 arb-fills=0 no-spot=0 no-book=23668 warmup=0 markets=36 btcusdt[σ=0.094 iv=0.395 μ=+0.114] ethusdt[σ=0.093 iv=0.540 μ=+0.164] top-raw-gap=-1.000 ()
00:52:58 INFO     src.poly_universe  Universe: 36 tradeable BTC/ETH markets (1 page(s), 36 BTC/ETH seen)
00:52:58 INFO     __main__  Universe refreshed: 36 markets
00:53:02 INFO     src.execute  [PAPER] TAKER BUY 7.13 shares @ 0.8800 (fee=0.0527 edge=0.0580 src=model)
00:53:24 INFO     __main__  HEARTBEAT eval=98 signals=1 fills=1 arbs=0 arb-fills=0 no-spot=0 no-book=17758 warmup=0 markets=36 btcusdt[σ=0.068 iv=0.395 μ=-0.043] ethusdt[σ=0.072 iv=0.540 μ=-0.119] top-raw-gap=-1.000 ()
00:53:28 INFO     src.poly_universe  Universe: 36 tradeable BTC/ETH markets (1 page(s), 36 BTC/ETH seen)
00:53:28 INFO     __main__  Universe refreshed: 36 markets
00:53:54 INFO     __main__  HEARTBEAT eval=79 signals=0 fills=0 arbs=0 arb-fills=0 no-spot=0 no-book=14906 warmup=0 markets=36 btcusdt[σ=0.079 iv=0.395 μ=-0.069] ethusdt[σ=0.075 iv=0.539 μ=-0.056] top-raw-gap=0.065 (Bitcoin above 63,800 on June 21, 7PM ET?)
00:53:58 INFO     src.poly_universe  Universe: 36 tradeable BTC/ETH markets (1 page(s), 36 BTC/ETH seen)
00:53:58 INFO     __main__  Universe refreshed: 36 markets
00:54:24 INFO     __main__  HEARTBEAT eval=0 signals=0 fills=0 arbs=0 arb-fills=0 no-spot=0 no-book=13632 warmup=0 markets=36 btcusdt[σ=0.062 iv=0.395 μ=-0.034] ethusdt[σ=0.064 iv=0.539 μ=+0.124] top-raw-gap=-1.000 ()
00:54:28 INFO     src.poly_universe  Universe: 36 tradeable BTC/ETH markets (1 page(s), 36 BTC/ETH seen)
00:54:28 INFO     __main__  Universe refreshed: 36 markets
00:54:54 INFO     __main__  HEARTBEAT eval=60 signals=0 fills=0 arbs=0 arb-fills=0 no-spot=48 no-book=8474 warmup=0 markets=36 btcusdt[σ=0.068 iv=0.395 μ=+0.160] ethusdt[σ=0.069 iv=0.538 μ=+0.180] top-raw-gap=0.080 (Bitcoin above 63,800 on June 21, 7PM ET?)
00:54:59 INFO     src.poly_universe  Universe: 36 tradeable BTC/ETH markets (1 page(s), 36 BTC/ETH seen)
00:54:59 INFO     __main__  Universe refreshed: 36 markets
00:55:24 INFO     __main__  HEARTBEAT eval=133 signals=0 fills=0 arbs=0 arb-fills=0 no-spot=0 no-book=12086 warmup=0 markets=36 btcusdt[σ=0.102 iv=0.395 μ=-0.043] ethusdt[σ=0.079 iv=0.538 μ=+0.150] top-raw-gap=-1.000 ()
00:55:29 INFO     src.poly_universe  Universe: 36 tradeable BTC/ETH markets (1 page(s), 36 BTC/ETH seen)
00:55:29 INFO     __main__  Universe refreshed: 36 markets
00:55:54 INFO     __main__  HEARTBEAT eval=61 signals=0 fills=0 arbs=0 arb-fills=0 no-spot=0 no-book=14389 warmup=0 markets=36 btcusdt[σ=0.102 iv=0.395 μ=+0.039] ethusdt[σ=0.097 iv=0.537 μ=+0.024] top-raw-gap=-1.000 ()
00:55:59 INFO     src.poly_universe  Universe: 36 tradeable BTC/ETH markets (1 page(s), 36 BTC/ETH seen)
00:55:59 INFO     __main__  Universe refreshed: 36 markets
00:56:25 INFO     __main__  HEARTBEAT eval=0 signals=0 fills=0 arbs=0 arb-fills=0 no-spot=0 no-book=16416 warmup=0 markets=36 btcusdt[σ=0.087 iv=0.395 μ=+0.159] ethusdt[σ=0.086 iv=0.537 μ=+0.124] top-raw-gap=-1.000 ()
00:56:29 INFO     src.poly_universe  Universe: 36 tradeable BTC/ETH markets (1 page(s), 36 BTC/ETH seen)
00:56:29 INFO     __main__  Universe refreshed: 36 markets
00:56:55 INFO     __main__  HEARTBEAT eval=0 signals=0 fills=0 arbs=0 arb-fills=0 no-spot=0 no-book=14016 warmup=0 markets=36 btcusdt[σ=0.102 iv=0.394 μ=+0.032] ethusdt[σ=0.096 iv=0.536 μ=+0.028] top-raw-gap=-1.000 ()
00:56:59 INFO     src.poly_universe  Universe: 36 tradeable BTC/ETH markets (1 page(s), 36 BTC/ETH seen)
00:56:59 INFO     __main__  Universe refreshed: 36 markets
00:57:25 INFO     __main__  HEARTBEAT eval=137 signals=0 fills=0 arbs=0 arb-fills=0 no-spot=0 no-book=10436 warmup=0 markets=36 btcusdt[σ=0.066 iv=0.394 μ=+0.182] ethusdt[σ=0.071 iv=0.536 μ=+0.065] top-raw-gap=-1.000 ()
00:57:29 INFO     src.poly_universe  Universe: 36 tradeable BTC/ETH markets (1 page(s), 36 BTC/ETH seen)
00:57:29 INFO     __main__  Universe refreshed: 36 markets
00:57:55 INFO     __main__  HEARTBEAT eval=33 signals=0 fills=0 arbs=0 arb-fills=0 no-spot=0 no-book=8407 warmup=0 markets=36 btcusdt[σ=0.050 iv=0.394 μ=+0.029] ethusdt[σ=0.050 iv=0.536 μ=+0.181] top-raw-gap=-1.000 ()
00:58:00 INFO     src.poly_universe  Universe: 36 tradeable BTC/ETH markets (1 page(s), 36 BTC/ETH seen)
00:58:00 INFO     __main__  Universe refreshed: 36 markets
00:58:25 INFO     __main__  HEARTBEAT eval=0 signals=0 fills=0 arbs=0 arb-fills=0 no-spot=0 no-book=10884 warmup=0 markets=36 btcusdt[σ=0.050 iv=0.394 μ=-0.046] ethusdt[σ=0.060 iv=0.536 μ=-0.065] top-raw-gap=-1.000 ()
00:58:30 INFO     src.poly_universe  Universe: 36 tradeable BTC/ETH markets (1 page(s), 36 BTC/ETH seen)
00:58:30 INFO     __main__  Universe refreshed: 36 markets
00:58:55 INFO     __main__  HEARTBEAT eval=0 signals=0 fills=0 arbs=0 arb-fills=0 no-spot=48 no-book=9708 warmup=0 markets=36 btcusdt[σ=0.050 iv=0.394 μ=-0.011] ethusdt[σ=0.052 iv=0.535 μ=-0.181] top-raw-gap=-1.000 ()
00:59:00 INFO     src.poly_universe  Universe: 0 tradeable markets (1 page(s), 36 BTC/ETH seen) — pre-listed but not yet accepting orders, or outside window
00:59:00 INFO     __main__  Universe refreshed: 0 markets
00:59:30 INFO     src.poly_universe  Universe: 0 tradeable markets (1 page(s), 36 BTC/ETH seen) — pre-listed but not yet accepting orders, or outside window
00:59:30 INFO     __main__  Universe refreshed: 0 markets
01:00:00 INFO     src.poly_universe  Universe: 0 tradeable markets (1 page(s), 36 BTC/ETH seen) — pre-listed but not yet accepting orders, or outside window
01:00:00 INFO     __main__  Universe refreshed: 0 markets
01:00:30 INFO     src.poly_universe  Universe: 0 tradeable markets (1 page(s), 36 BTC/ETH seen) — pre-listed but not yet accepting orders, or outside window
01:00:30 INFO     __main__  Universe refreshed: 0 markets
01:01:00 INFO     src.poly_universe  Universe: 0 tradeable markets (1 page(s), 36 BTC/ETH seen) — pre-listed but not yet accepting orders, or outside window
01:01:00 INFO     __main__  Universe refreshed: 0 markets
01:01:31 INFO     src.poly_universe  Universe: 0 tradeable markets (1 page(s), 36 BTC/ETH seen) — pre-listed but not yet accepting orders, or outside window
01:01:31 INFO     __main__  Universe refreshed: 0 markets
01:02:01 INFO     src.poly_universe  Universe: 0 tradeable markets (1 page(s), 36 BTC/ETH seen) — pre-listed but not yet accepting orders, or outside window
01:02:01 INFO     __main__  Universe refreshed: 0 markets
01:02:31 INFO     src.poly_universe  Universe: 0 tradeable markets (1 page(s), 36 BTC/ETH seen) — pre-listed but not yet accepting orders, or outside window
01:02:31 INFO     __main__  Universe refreshed: 0 markets
01:03:01 INFO     src.poly_universe  Universe: 0 tradeable markets (1 page(s), 36 BTC/ETH seen) — pre-listed but not yet accepting orders, or outside window
01:03:01 INFO     __main__  Universe refreshed: 0 markets
01:03:31 INFO     src.poly_universe  Universe: 0 tradeable markets (1 page(s), 36 BTC/ETH seen) — pre-listed but not yet accepting orders, or outside window
01:03:31 INFO     __main__  Universe refreshed: 0 markets
01:04:01 INFO     src.poly_universe  Universe: 0 tradeable markets (1 page(s), 36 BTC/ETH seen) — pre-listed but not yet accepting orders, or outside window
01:04:01 INFO     __main__  Universe refreshed: 0 markets
01:04:31 INFO     src.poly_universe  Universe: 0 tradeable markets (1 page(s), 36 BTC/ETH seen) — pre-listed but not yet accepting orders, or outside window
01:04:31 INFO     __main__  Universe refreshed: 0 markets
01:05:02 INFO     src.poly_universe  Universe: 0 tradeable markets (1 page(s), 36 BTC/ETH seen) — pre-listed but not yet accepting orders, or outside window
01:05:02 INFO     __main__  Universe refreshed: 0 markets
01:05:32 INFO     src.poly_universe  Universe: 0 tradeable markets (1 page(s), 36 BTC/ETH seen) — pre-listed but not yet accepting orders, or outside window
01:05:32 INFO     __main__  Universe refreshed: 0 markets
01:06:02 INFO     src.poly_universe  Universe: 0 tradeable markets (1 page(s), 36 BTC/ETH seen) — pre-listed but not yet accepting orders, or outside window
01:06:02 INFO     __main__  Universe refreshed: 0 markets
01:06:32 INFO     src.poly_universe  Universe: 0 tradeable markets (1 page(s), 36 BTC/ETH seen) — pre-listed but not yet accepting orders, or outside window
01:06:32 INFO     __main__  Universe refreshed: 0 markets
01:07:02 INFO     src.poly_universe  Universe: 0 tradeable markets (1 page(s), 36 BTC/ETH seen) — pre-listed but not yet accepting orders, or outside window
01:07:02 INFO     __main__  Universe refreshed: 0 markets
01:07:32 INFO     src.poly_universe  Universe: 0 tradeable markets (1 page(s), 36 BTC/ETH seen) — pre-listed but not yet accepting orders, or outside window
01:07:32 INFO     __main__  Universe refreshed: 0 markets
01:08:03 INFO     src.poly_universe  Universe: 0 tradeable markets (1 page(s), 36 BTC/ETH seen) — pre-listed but not yet accepting orders, or outside window
01:08:03 INFO     __main__  Universe refreshed: 0 markets
01:08:33 INFO     src.poly_universe  Universe: 0 tradeable markets (1 page(s), 36 BTC/ETH seen) — pre-listed but not yet accepting orders, or outside window
01:08:33 INFO     __main__  Universe refreshed: 0 markets
01:09:03 INFO     src.poly_universe  Universe: 0 tradeable markets (1 page(s), 36 BTC/ETH seen) — pre-listed but not yet accepting orders, or outside window
01:09:03 INFO     __main__  Universe refreshed: 0 markets
01:09:33 INFO     src.poly_universe  Universe: 0 tradeable markets (1 page(s), 36 BTC/ETH seen) — pre-listed but not yet accepting orders, or outside window
01:09:33 INFO     __main__  Universe refreshed: 0 markets
01:10:03 INFO     src.poly_universe  Universe: 0 tradeable markets (1 page(s), 36 BTC/ETH seen) — pre-listed but not yet accepting orders, or outside window
01:10:03 INFO     __main__  Universe refreshed: 0 markets
01:10:33 INFO     src.poly_universe  Universe: 0 tradeable markets (1 page(s), 36 BTC/ETH seen) — pre-listed but not yet accepting orders, or outside window
01:10:33 INFO     __main__  Universe refreshed: 0 markets
01:11:03 INFO     src.poly_universe  Universe: 0 tradeable markets (1 page(s), 36 BTC/ETH seen) — pre-listed but not yet accepting orders, or outside window
01:11:03 INFO     __main__  Universe refreshed: 0 markets
01:11:34 INFO     src.poly_universe  Universe: 0 tradeable markets (1 page(s), 36 BTC/ETH seen) — pre-listed but not yet accepting orders, or outside window
01:11:34 INFO     __main__  Universe refreshed: 0 markets
01:12:04 INFO     src.poly_universe  Universe: 0 tradeable markets (1 page(s), 36 BTC/ETH seen) — pre-listed but not yet accepting orders, or outside window
01:12:04 INFO     __main__  Universe refreshed: 0 markets
01:12:34 INFO     src.poly_universe  Universe: 0 tradeable markets (1 page(s), 36 BTC/ETH seen) — pre-listed but not yet accepting orders, or outside window
01:12:34 INFO     __main__  Universe refreshed: 0 markets
01:13:04 INFO     src.poly_universe  Universe: 35 tradeable BTC/ETH markets (1 page(s), 35 BTC/ETH seen)
01:13:04 INFO     __main__  Universe refreshed: 35 markets
01:13:04 INFO     __main__  HEARTBEAT eval=0 signals=0 fills=0 arbs=0 arb-fills=0 no-spot=0 no-book=3979 warmup=0 markets=35 btcusdt[σ=0.064 iv=0.392 μ=+0.185] ethusdt[σ=0.080 iv=0.531 μ=+0.104] top-raw-gap=-1.000 ()
01:13:05 WARNING  src.poly_ws  Polymarket WS closed (no close frame received or sent), reconnecting in 1.0s
01:13:06 INFO     src.poly_ws  Polymarket WS connected: wss://ws-subscriptions-clob.polymarket.com/ws/market
01:13:34 INFO     __main__  HEARTBEAT eval=2668 signals=0 fills=0 arbs=0 arb-fills=0 no-spot=15 no-book=11798 warmup=0 markets=35 btcusdt[σ=0.054 iv=0.392 μ=+0.192] ethusdt[σ=0.073 iv=0.531 μ=-0.063] top-raw-gap=-1.000 ()
01:13:34 INFO     src.poly_universe  Universe: 35 tradeable BTC/ETH markets (1 page(s), 35 BTC/ETH seen)
01:13:34 INFO     __main__  Universe refreshed: 35 markets
01:14:04 INFO     __main__  HEARTBEAT eval=0 signals=0 fills=0 arbs=0 arb-fills=0 no-spot=0 no-book=17445 warmup=0 markets=35 btcusdt[σ=0.100 iv=0.391 μ=-0.192] ethusdt[σ=0.087 iv=0.531 μ=-0.190] top-raw-gap=-1.000 ()
01:14:04 INFO     src.poly_universe  Universe: 35 tradeable BTC/ETH markets (1 page(s), 35 BTC/ETH seen)
01:14:04 INFO     __main__  Universe refreshed: 35 markets
01:14:34 INFO     __main__  HEARTBEAT eval=0 signals=0 fills=0 arbs=0 arb-fills=0 no-spot=0 no-book=18649 warmup=0 markets=35 btcusdt[σ=0.082 iv=0.391 μ=+0.012] ethusdt[σ=0.087 iv=0.531 μ=-0.058] top-raw-gap=-1.000 ()
01:14:35 INFO     src.poly_universe  Universe: 35 tradeable BTC/ETH markets (1 page(s), 35 BTC/ETH seen)
01:14:35 INFO     __main__  Universe refreshed: 35 markets
01:15:04 INFO     __main__  HEARTBEAT eval=0 signals=0 fills=0 arbs=0 arb-fills=0 no-spot=0 no-book=17847 warmup=0 markets=35 btcusdt[σ=0.082 iv=0.391 μ=+0.020] ethusdt[σ=0.091 iv=0.531 μ=+0.112] top-raw-gap=-1.000 ()
01:15:05 INFO     src.poly_universe  Universe: 35 tradeable BTC/ETH markets (1 page(s), 35 BTC/ETH seen)
01:15:05 INFO     __main__  Universe refreshed: 35 markets
01:15:34 INFO     __main__  HEARTBEAT eval=67 signals=0 fills=0 arbs=0 arb-fills=0 no-spot=0 no-book=13410 warmup=0 markets=35 btcusdt[σ=0.088 iv=0.391 μ=+0.171] ethusdt[σ=0.076 iv=0.531 μ=+0.055] top-raw-gap=0.037 (Ethereum above 1,730 on June 21, 8PM ET?)
01:15:35 INFO     src.poly_universe  Universe: 35 tradeable BTC/ETH markets (1 page(s), 35 BTC/ETH seen)
01:15:35 INFO     __main__  Universe refreshed: 35 markets
01:16:04 INFO     __main__  HEARTBEAT eval=0 signals=0 fills=0 arbs=0 arb-fills=0 no-spot=0 no-book=17282 warmup=0 markets=35 btcusdt[σ=0.117 iv=0.391 μ=-0.149] ethusdt[σ=0.108 iv=0.531 μ=-0.149] top-raw-gap=-1.000 ()
01:16:05 INFO     src.poly_universe  Universe: 35 tradeable BTC/ETH markets (1 page(s), 35 BTC/ETH seen)
01:16:05 INFO     __main__  Universe refreshed: 35 markets
01:16:34 INFO     __main__  HEARTBEAT eval=0 signals=0 fills=0 arbs=0 arb-fills=0 no-spot=0 no-book=18577 warmup=0 markets=35 btcusdt[σ=0.114 iv=0.391 μ=-0.041] ethusdt[σ=0.102 iv=0.531 μ=+0.066] top-raw-gap=-1.000 ()
01:16:35 INFO     src.poly_universe  Universe: 35 tradeable BTC/ETH markets (1 page(s), 35 BTC/ETH seen)
01:16:35 INFO     __main__  Universe refreshed: 35 markets
01:17:04 INFO     __main__  HEARTBEAT eval=0 signals=0 fills=0 arbs=0 arb-fills=0 no-spot=0 no-book=16650 warmup=0 markets=35 btcusdt[σ=0.106 iv=0.391 μ=-0.165] ethusdt[σ=0.084 iv=0.531 μ=+0.046] top-raw-gap=-1.000 ()
01:17:05 INFO     src.poly_universe  Universe: 35 tradeable BTC/ETH markets (1 page(s), 35 BTC/ETH seen)
01:17:05 INFO     __main__  Universe refreshed: 35 markets
01:17:34 INFO     __main__  HEARTBEAT eval=0 signals=0 fills=0 arbs=0 arb-fills=0 no-spot=0 no-book=13935 warmup=0 markets=35 btcusdt[σ=0.080 iv=0.391 μ=-0.099] ethusdt[σ=0.067 iv=0.531 μ=-0.013] top-raw-gap=-1.000 ()
01:17:36 INFO     src.poly_universe  Universe: 35 tradeable BTC/ETH markets (1 page(s), 35 BTC/ETH seen)
01:17:36 INFO     __main__  Universe refreshed: 35 markets
01:18:04 INFO     __main__  HEARTBEAT eval=0 signals=0 fills=0 arbs=0 arb-fills=0 no-spot=0 no-book=17745 warmup=0 markets=35 btcusdt[σ=0.080 iv=0.391 μ=+0.016] ethusdt[σ=0.082 iv=0.531 μ=+0.099] top-raw-gap=-1.000 ()
01:18:06 INFO     src.poly_universe  Universe: 35 tradeable BTC/ETH markets (1 page(s), 35 BTC/ETH seen)
01:18:06 INFO     __main__  Universe refreshed: 35 markets
01:18:34 INFO     __main__  HEARTBEAT eval=55 signals=0 fills=0 arbs=0 arb-fills=0 no-spot=0 no-book=14746 warmup=0 markets=35 btcusdt[σ=0.061 iv=0.391 μ=-0.013] ethusdt[σ=0.062 iv=0.531 μ=+0.139] top-raw-gap=-1.000 ()
01:18:36 INFO     src.poly_universe  Universe: 35 tradeable BTC/ETH markets (1 page(s), 35 BTC/ETH seen)
01:18:36 INFO     __main__  Universe refreshed: 35 markets
01:19:05 INFO     __main__  HEARTBEAT eval=0 signals=0 fills=0 arbs=0 arb-fills=0 no-spot=0 no-book=12230 warmup=0 markets=35 btcusdt[σ=0.069 iv=0.391 μ=-0.179] ethusdt[σ=0.065 iv=0.530 μ=-0.192] top-raw-gap=-1.000 ()
01:19:06 INFO     src.poly_universe  Universe: 35 tradeable BTC/ETH markets (1 page(s), 35 BTC/ETH seen)
01:19:06 INFO     __main__  Universe refreshed: 35 markets
01:19:35 INFO     __main__  HEARTBEAT eval=0 signals=0 fills=0 arbs=0 arb-fills=0 no-spot=0 no-book=12001 warmup=0 markets=35 btcusdt[σ=0.078 iv=0.391 μ=+0.065] ethusdt[σ=0.063 iv=0.530 μ=+0.136] top-raw-gap=-1.000 ()
01:19:36 INFO     src.poly_universe  Universe: 35 tradeable BTC/ETH markets (1 page(s), 35 BTC/ETH seen)
01:19:36 INFO     __main__  Universe refreshed: 35 markets
01:20:05 INFO     __main__  HEARTBEAT eval=0 signals=0 fills=0 arbs=0 arb-fills=0 no-spot=0 no-book=16045 warmup=0 markets=35 btcusdt[σ=0.073 iv=0.391 μ=+0.064] ethusdt[σ=0.050 iv=0.529 μ=-0.020] top-raw-gap=-1.000 ()
01:20:06 INFO     src.poly_universe  Universe: 35 tradeable BTC/ETH markets (1 page(s), 35 BTC/ETH seen)
01:20:06 INFO     __main__  Universe refreshed: 35 markets
01:20:35 INFO     __main__  HEARTBEAT eval=0 signals=0 fills=0 arbs=0 arb-fills=0 no-spot=0 no-book=13702 warmup=0 markets=35 btcusdt[σ=0.080 iv=0.391 μ=+0.077] ethusdt[σ=0.073 iv=0.529 μ=+0.198] top-raw-gap=-1.000 ()
01:20:36 INFO     src.poly_universe  Universe: 35 tradeable BTC/ETH markets (1 page(s), 35 BTC/ETH seen)
01:20:36 INFO     __main__  Universe refreshed: 35 markets
01:21:05 INFO     __main__  HEARTBEAT eval=0 signals=0 fills=0 arbs=0 arb-fills=0 no-spot=0 no-book=16895 warmup=0 markets=35 btcusdt[σ=0.093 iv=0.391 μ=+0.003] ethusdt[σ=0.074 iv=0.529 μ=+0.064] top-raw-gap=-1.000 ()
01:21:07 INFO     src.poly_universe  Universe: 35 tradeable BTC/ETH markets (1 page(s), 35 BTC/ETH seen)
01:21:07 INFO     __main__  Universe refreshed: 35 markets
01:21:35 INFO     __main__  HEARTBEAT eval=0 signals=0 fills=0 arbs=0 arb-fills=0 no-spot=15 no-book=15630 warmup=0 markets=35 btcusdt[σ=0.091 iv=0.391 μ=-0.140] ethusdt[σ=0.069 iv=0.529 μ=+0.056] top-raw-gap=-1.000 ()
01:21:37 INFO     src.poly_universe  Universe: 35 tradeable BTC/ETH markets (1 page(s), 35 BTC/ETH seen)
01:21:37 INFO     __main__  Universe refreshed: 35 markets
01:22:05 INFO     __main__  HEARTBEAT eval=0 signals=0 fills=0 arbs=0 arb-fills=0 no-spot=0 no-book=10600 warmup=0 markets=35 btcusdt[σ=0.070 iv=0.391 μ=-0.164] ethusdt[σ=0.050 iv=0.528 μ=-0.003] top-raw-gap=-1.000 ()
01:22:07 INFO     src.poly_universe  Universe: 35 tradeable BTC/ETH markets (1 page(s), 35 BTC/ETH seen)
01:22:07 INFO     __main__  Universe refreshed: 35 markets
01:22:35 INFO     __main__  HEARTBEAT eval=0 signals=0 fills=0 arbs=0 arb-fills=0 no-spot=0 no-book=17325 warmup=0 markets=35 btcusdt[σ=0.072 iv=0.391 μ=+0.033] ethusdt[σ=0.064 iv=0.528 μ=-0.054] top-raw-gap=-1.000 ()
01:22:37 INFO     src.poly_universe  Universe: 35 tradeable BTC/ETH markets (1 page(s), 35 BTC/ETH seen)
01:22:37 INFO     __main__  Universe refreshed: 35 markets
01:23:05 INFO     __main__  HEARTBEAT eval=0 signals=0 fills=0 arbs=0 arb-fills=0 no-spot=15 no-book=10700 warmup=0 markets=35 btcusdt[σ=0.064 iv=0.391 μ=-0.162] ethusdt[σ=0.050 iv=0.527 μ=+0.177] top-raw-gap=-1.000 ()
01:23:07 INFO     src.poly_universe  Universe: 35 tradeable BTC/ETH markets (1 page(s), 35 BTC/ETH seen)
01:23:07 INFO     __main__  Universe refreshed: 35 markets
01:23:35 INFO     __main__  HEARTBEAT eval=0 signals=0 fills=0 arbs=0 arb-fills=0 no-spot=0 no-book=13340 warmup=0 markets=35 btcusdt[σ=0.087 iv=0.391 μ=+0.176] ethusdt[σ=0.070 iv=0.527 μ=+0.195] top-raw-gap=-1.000 ()
01:23:37 WARNING  src.poly_ws  Polymarket WS closed (no close frame received or sent), reconnecting in 1.0s
01:23:37 INFO     src.poly_universe  Universe: 35 tradeable BTC/ETH markets (1 page(s), 35 BTC/ETH seen)
01:23:37 INFO     __main__  Universe refreshed: 35 markets
01:23:38 INFO     src.poly_ws  Polymarket WS connected: wss://ws-subscriptions-clob.polymarket.com/ws/market
01:24:05 INFO     __main__  HEARTBEAT eval=1833 signals=0 fills=0 arbs=0 arb-fills=0 no-spot=0 no-book=14474 warmup=0 markets=35 btcusdt[σ=0.091 iv=0.390 μ=+0.059] ethusdt[σ=0.079 iv=0.526 μ=-0.032] top-raw-gap=-1.000 ()
01:24:07 INFO     src.poly_universe  Universe: 35 tradeable BTC/ETH markets (1 page(s), 35 BTC/ETH seen)
01:24:07 INFO     __main__  Universe refreshed: 35 markets
01:24:35 INFO     __main__  HEARTBEAT eval=79 signals=0 fills=0 arbs=0 arb-fills=0 no-spot=0 no-book=14777 warmup=0 markets=35 btcusdt[σ=0.062 iv=0.390 μ=+0.005] ethusdt[σ=0.051 iv=0.526 μ=+0.164] top-raw-gap=0.026 (Bitcoin above 62,800 on June 21, 8PM ET?)
01:24:38 INFO     src.poly_universe  Universe: 35 tradeable BTC/ETH markets (1 page(s), 35 BTC/ETH seen)
01:24:38 INFO     __main__  Universe refreshed: 35 markets
01:25:05 INFO     __main__  HEARTBEAT eval=79 signals=0 fills=0 arbs=0 arb-fills=0 no-spot=0 no-book=12807 warmup=0 markets=35 btcusdt[σ=0.055 iv=0.390 μ=-0.186] ethusdt[σ=0.050 iv=0.524 μ=-0.004] top-raw-gap=0.025 (Bitcoin above 61,800 on June 21, 8PM ET?)
01:25:08 INFO     src.poly_universe  Universe: 35 tradeable BTC/ETH markets (1 page(s), 35 BTC/ETH seen)
01:25:08 INFO     __main__  Universe refreshed: 35 markets
01:25:36 INFO     __main__  HEARTBEAT eval=0 signals=0 fills=0 arbs=0 arb-fills=0 no-spot=0 no-book=14765 warmup=0 markets=35 btcusdt[σ=0.070 iv=0.390 μ=+0.122] ethusdt[σ=0.050 iv=0.524 μ=+0.197] top-raw-gap=-1.000 ()
01:25:38 INFO     src.poly_universe  Universe: 35 tradeable BTC/ETH markets (1 page(s), 35 BTC/ETH seen)
01:25:38 INFO     __main__  Universe refreshed: 35 markets
01:26:06 INFO     __main__  HEARTBEAT eval=159 signals=0 fills=0 arbs=0 arb-fills=0 no-spot=0 no-book=17412 warmup=0 markets=35 btcusdt[σ=0.085 iv=0.389 μ=-0.198] ethusdt[σ=0.069 iv=0.523 μ=-0.199] top-raw-gap=0.020 (Bitcoin above 62,000 on June 21, 8PM ET?)
01:26:08 INFO     src.poly_universe  Universe: 35 tradeable BTC/ETH markets (1 page(s), 35 BTC/ETH seen)
01:26:08 INFO     __main__  Universe refreshed: 35 markets
01:26:36 INFO     __main__  HEARTBEAT eval=0 signals=0 fills=0 arbs=0 arb-fills=0 no-spot=0 no-book=13750 warmup=0 markets=35 btcusdt[σ=0.066 iv=0.389 μ=+0.134] ethusdt[σ=0.050 iv=0.523 μ=-0.178] top-raw-gap=-1.000 ()
01:26:38 INFO     src.poly_universe  Universe: 35 tradeable BTC/ETH markets (1 page(s), 35 BTC/ETH seen)
01:26:38 INFO     __main__  Universe refreshed: 35 markets
01:27:06 INFO     __main__  HEARTBEAT eval=0 signals=0 fills=0 arbs=0 arb-fills=0 no-spot=0 no-book=13810 warmup=0 markets=35 btcusdt[σ=0.050 iv=0.389 μ=-0.183] ethusdt[σ=0.054 iv=0.523 μ=-0.171] top-raw-gap=-1.000 ()
01:27:09 INFO     src.poly_universe  Universe: 35 tradeable BTC/ETH markets (1 page(s), 35 BTC/ETH seen)
01:27:09 INFO     __main__  Universe refreshed: 35 markets
01:27:36 INFO     __main__  HEARTBEAT eval=0 signals=0 fills=0 arbs=0 arb-fills=0 no-spot=0 no-book=14645 warmup=0 markets=35 btcusdt[σ=0.059 iv=0.389 μ=-0.129] ethusdt[σ=0.063 iv=0.523 μ=+0.130] top-raw-gap=-1.000 ()
01:27:39 INFO     src.poly_universe  Universe: 35 tradeable BTC/ETH markets (1 page(s), 35 BTC/ETH seen)
01:27:39 INFO     __main__  Universe refreshed: 35 markets
01:28:06 INFO     __main__  HEARTBEAT eval=0 signals=0 fills=0 arbs=0 arb-fills=0 no-spot=0 no-book=20360 warmup=0 markets=35 btcusdt[σ=0.077 iv=0.388 μ=-0.145] ethusdt[σ=0.061 iv=0.522 μ=-0.063] top-raw-gap=-1.000 ()
01:28:09 INFO     src.poly_universe  Universe: 35 tradeable BTC/ETH markets (1 page(s), 35 BTC/ETH seen)
01:28:09 INFO     __main__  Universe refreshed: 35 markets
01:28:36 INFO     __main__  HEARTBEAT eval=0 signals=0 fills=0 arbs=0 arb-fills=0 no-spot=0 no-book=15880 warmup=0 markets=35 btcusdt[σ=0.081 iv=0.388 μ=-0.187] ethusdt[σ=0.055 iv=0.522 μ=-0.181] top-raw-gap=-1.000 ()
01:28:39 INFO     src.poly_universe  Universe: 35 tradeable BTC/ETH markets (1 page(s), 35 BTC/ETH seen)
01:28:39 INFO     __main__  Universe refreshed: 35 markets
01:29:06 INFO     __main__  HEARTBEAT eval=0 signals=0 fills=0 arbs=0 arb-fills=0 no-spot=0 no-book=17320 warmup=0 markets=35 btcusdt[σ=0.111 iv=0.388 μ=-0.006] ethusdt[σ=0.074 iv=0.522 μ=-0.089] top-raw-gap=-1.000 ()
01:29:09 INFO     src.poly_universe  Universe: 35 tradeable BTC/ETH markets (1 page(s), 35 BTC/ETH seen)
01:29:09 INFO     __main__  Universe refreshed: 35 markets
01:29:36 INFO     __main__  HEARTBEAT eval=0 signals=0 fills=0 arbs=0 arb-fills=0 no-spot=0 no-book=19000 warmup=0 markets=35 btcusdt[σ=0.101 iv=0.388 μ=-0.001] ethusdt[σ=0.067 iv=0.522 μ=-0.037] top-raw-gap=-1.000 ()
01:29:39 INFO     src.poly_universe  Universe: 35 tradeable BTC/ETH markets (1 page(s), 35 BTC/ETH seen)
01:29:39 INFO     __main__  Universe refreshed: 35 markets
01:30:06 INFO     __main__  HEARTBEAT eval=0 signals=0 fills=0 arbs=0 arb-fills=0 no-spot=0 no-book=22095 warmup=0 markets=35 btcusdt[σ=0.118 iv=0.388 μ=-0.123] ethusdt[σ=0.063 iv=0.522 μ=+0.075] top-raw-gap=-1.000 ()
01:30:09 INFO     src.poly_universe  Universe: 35 tradeable BTC/ETH markets (1 page(s), 35 BTC/ETH seen)
01:30:09 INFO     __main__  Universe refreshed: 35 markets
01:30:36 INFO     __main__  HEARTBEAT eval=0 signals=0 fills=0 arbs=0 arb-fills=0 no-spot=0 no-book=23620 warmup=0 markets=35 btcusdt[σ=0.146 iv=0.388 μ=-0.034] ethusdt[σ=0.089 iv=0.522 μ=+0.106] top-raw-gap=-1.000 ()
01:30:40 INFO     src.poly_universe  Universe: 35 tradeable BTC/ETH markets (1 page(s), 35 BTC/ETH seen)
01:30:40 INFO     __main__  Universe refreshed: 35 markets
01:31:07 INFO     __main__  HEARTBEAT eval=54 signals=0 fills=0 arbs=0 arb-fills=0 no-spot=0 no-book=16871 warmup=0 markets=35 btcusdt[σ=0.119 iv=0.388 μ=-0.083] ethusdt[σ=0.103 iv=0.521 μ=+0.035] top-raw-gap=-1.000 ()
01:31:10 INFO     src.poly_universe  Universe: 35 tradeable BTC/ETH markets (1 page(s), 35 BTC/ETH seen)
01:31:10 INFO     __main__  Universe refreshed: 35 markets
01:31:37 INFO     __main__  HEARTBEAT eval=0 signals=0 fills=0 arbs=0 arb-fills=0 no-spot=0 no-book=29075 warmup=0 markets=35 btcusdt[σ=0.250 iv=0.388 μ=-0.055] ethusdt[σ=0.249 iv=0.521 μ=-0.095] top-raw-gap=-1.000 ()
01:31:40 INFO     src.poly_universe  Universe: 35 tradeable BTC/ETH markets (1 page(s), 35 BTC/ETH seen)
01:31:40 INFO     __main__  Universe refreshed: 35 markets
01:32:07 INFO     __main__  HEARTBEAT eval=0 signals=0 fills=0 arbs=0 arb-fills=0 no-spot=0 no-book=30850 warmup=0 markets=35 btcusdt[σ=0.220 iv=0.417 μ=-0.105] ethusdt[σ=0.236 iv=0.523 μ=-0.017] top-raw-gap=-1.000 ()
01:32:10 INFO     src.poly_universe  Universe: 35 tradeable BTC/ETH markets (1 page(s), 35 BTC/ETH seen)
01:32:10 INFO     __main__  Universe refreshed: 35 markets
01:32:37 INFO     __main__  HEARTBEAT eval=0 signals=0 fills=0 arbs=0 arb-fills=0 no-spot=0 no-book=21875 warmup=0 markets=35 btcusdt[σ=0.168 iv=0.417 μ=-0.014] ethusdt[σ=0.171 iv=0.523 μ=+0.016] top-raw-gap=-1.000 ()
01:32:40 INFO     src.poly_universe  Universe: 35 tradeable BTC/ETH markets (1 page(s), 35 BTC/ETH seen)
01:32:40 INFO     __main__  Universe refreshed: 35 markets
01:33:07 INFO     __main__  HEARTBEAT eval=0 signals=0 fills=0 arbs=0 arb-fills=0 no-spot=0 no-book=26300 warmup=0 markets=35 btcusdt[σ=0.245 iv=0.421 μ=-0.138] ethusdt[σ=0.135 iv=0.524 μ=-0.030] top-raw-gap=-1.000 ()
01:33:11 INFO     src.poly_universe  Universe: 35 tradeable BTC/ETH markets (1 page(s), 35 BTC/ETH seen)
01:33:11 INFO     __main__  Universe refreshed: 35 markets
01:33:37 INFO     __main__  HEARTBEAT eval=0 signals=0 fills=0 arbs=0 arb-fills=0 no-spot=0 no-book=26475 warmup=0 markets=35 btcusdt[σ=0.287 iv=0.421 μ=-0.036] ethusdt[σ=0.166 iv=0.524 μ=-0.047] top-raw-gap=-1.000 ()
01:33:38 WARNING  src.poly_ws  Polymarket WS closed (no close frame received or sent), reconnecting in 1.0s
01:33:39 INFO     src.poly_ws  Polymarket WS connected: wss://ws-subscriptions-clob.polymarket.com/ws/market
01:33:41 INFO     src.poly_universe  Universe: 35 tradeable BTC/ETH markets (1 page(s), 35 BTC/ETH seen)
01:33:41 INFO     __main__  Universe refreshed: 35 markets
01:34:07 INFO     __main__  HEARTBEAT eval=4746 signals=0 fills=0 arbs=0 arb-fills=0 no-spot=0 no-book=27100 warmup=0 markets=35 btcusdt[σ=0.223 iv=0.426 μ=+0.120] ethusdt[σ=0.154 iv=0.527 μ=+0.076] top-raw-gap=-1.000 ()
01:34:11 INFO     src.poly_universe  Universe: 35 tradeable BTC/ETH markets (1 page(s), 35 BTC/ETH seen)
01:34:11 INFO     __main__  Universe refreshed: 35 markets
01:34:37 INFO     __main__  HEARTBEAT eval=0 signals=0 fills=0 arbs=0 arb-fills=0 no-spot=0 no-book=28496 warmup=0 markets=35 btcusdt[σ=0.202 iv=0.426 μ=+0.035] ethusdt[σ=0.151 iv=0.527 μ=-0.015] top-raw-gap=-1.000 ()
01:34:41 INFO     src.poly_universe  Universe: 35 tradeable BTC/ETH markets (1 page(s), 35 BTC/ETH seen)
01:34:41 INFO     __main__  Universe refreshed: 35 markets
01:35:07 INFO     __main__  HEARTBEAT eval=0 signals=0 fills=0 arbs=0 arb-fills=0 no-spot=0 no-book=19619 warmup=0 markets=35 btcusdt[σ=0.140 iv=0.427 μ=+0.187] ethusdt[σ=0.120 iv=0.528 μ=+0.169] top-raw-gap=-1.000 ()
01:35:11 INFO     src.poly_universe  Universe: 35 tradeable BTC/ETH markets (1 page(s), 35 BTC/ETH seen)
01:35:11 INFO     __main__  Universe refreshed: 35 markets
01:35:37 INFO     __main__  HEARTBEAT eval=99 signals=0 fills=0 arbs=0 arb-fills=0 no-spot=0 no-book=23849 warmup=0 markets=35 btcusdt[σ=0.213 iv=0.427 μ=-0.163] ethusdt[σ=0.108 iv=0.528 μ=+0.045] top-raw-gap=-1.000 ()
01:35:41 INFO     src.poly_universe  Universe: 35 tradeable BTC/ETH markets (1 page(s), 35 BTC/ETH seen)
01:35:41 INFO     __main__  Universe refreshed: 35 markets
01:36:07 INFO     __main__  HEARTBEAT eval=0 signals=0 fills=0 arbs=0 arb-fills=0 no-spot=0 no-book=20834 warmup=0 markets=35 btcusdt[σ=0.158 iv=0.430 μ=+0.077] ethusdt[σ=0.121 iv=0.528 μ=+0.132] top-raw-gap=-1.000 ()
01:36:11 INFO     src.poly_universe  Universe: 35 tradeable BTC/ETH markets (1 page(s), 35 BTC/ETH seen)
01:36:11 INFO     __main__  Universe refreshed: 35 markets
01:36:37 INFO     __main__  HEARTBEAT eval=0 signals=0 fills=0 arbs=0 arb-fills=0 no-spot=0 no-book=23015 warmup=0 markets=35 btcusdt[σ=0.196 iv=0.430 μ=-0.053] ethusdt[σ=0.162 iv=0.528 μ=-0.164] top-raw-gap=-1.000 ()
01:36:42 INFO     src.poly_universe  Universe: 35 tradeable BTC/ETH markets (1 page(s), 35 BTC/ETH seen)
01:36:42 INFO     __main__  Universe refreshed: 35 markets
01:37:07 INFO     __main__  HEARTBEAT eval=0 signals=0 fills=0 arbs=0 arb-fills=0 no-spot=0 no-book=22358 warmup=0 markets=35 btcusdt[σ=0.195 iv=0.434 μ=+0.104] ethusdt[σ=0.174 iv=0.529 μ=-0.008] top-raw-gap=-1.000 ()
01:37:12 INFO     src.poly_universe  Universe: 35 tradeable BTC/ETH markets (1 page(s), 35 BTC/ETH seen)
01:37:12 INFO     __main__  Universe refreshed: 35 markets
01:37:37 INFO     __main__  HEARTBEAT eval=0 signals=0 fills=0 arbs=0 arb-fills=0 no-spot=0 no-book=27418 warmup=0 markets=35 btcusdt[σ=0.158 iv=0.434 μ=-0.103] ethusdt[σ=0.139 iv=0.529 μ=+0.024] top-raw-gap=-1.000 ()
01:37:42 INFO     src.poly_universe  Universe: 35 tradeable BTC/ETH markets (1 page(s), 35 BTC/ETH seen)
01:37:42 INFO     __main__  Universe refreshed: 35 markets
01:38:07 INFO     __main__  HEARTBEAT eval=0 signals=0 fills=0 arbs=0 arb-fills=0 no-spot=0 no-book=22266 warmup=0 markets=35 btcusdt[σ=0.161 iv=0.435 μ=+0.117] ethusdt[σ=0.127 iv=0.530 μ=+0.049] top-raw-gap=-1.000 ()
01:38:12 INFO     src.poly_universe  Universe: 35 tradeable BTC/ETH markets (1 page(s), 35 BTC/ETH seen)
01:38:12 INFO     __main__  Universe refreshed: 35 markets
01:38:37 INFO     __main__  HEARTBEAT eval=0 signals=0 fills=0 arbs=0 arb-fills=0 no-spot=0 no-book=26878 warmup=0 markets=35 btcusdt[σ=0.143 iv=0.435 μ=+0.139] ethusdt[σ=0.124 iv=0.530 μ=+0.032] top-raw-gap=-1.000 ()
01:38:42 INFO     src.poly_universe  Universe: 35 tradeable BTC/ETH markets (1 page(s), 35 BTC/ETH seen)
01:38:42 INFO     __main__  Universe refreshed: 35 markets
01:39:07 INFO     __main__  HEARTBEAT eval=84 signals=0 fills=0 arbs=0 arb-fills=0 no-spot=0 no-book=19081 warmup=0 markets=35 btcusdt[σ=0.133 iv=0.436 μ=-0.086] ethusdt[σ=0.115 iv=0.530 μ=-0.024] top-raw-gap=0.026 (Bitcoin above 64,200 on June 21, 8PM ET?)
01:39:12 INFO     src.poly_universe  Universe: 35 tradeable BTC/ETH markets (1 page(s), 35 BTC/ETH seen)
01:39:12 INFO     __main__  Universe refreshed: 35 markets
01:39:37 INFO     __main__  HEARTBEAT eval=0 signals=0 fills=0 arbs=0 arb-fills=0 no-spot=0 no-book=22277 warmup=0 markets=35 btcusdt[σ=0.146 iv=0.436 μ=+0.068] ethusdt[σ=0.108 iv=0.530 μ=+0.138] top-raw-gap=-1.000 ()
01:39:43 INFO     src.poly_universe  Universe: 35 tradeable BTC/ETH markets (1 page(s), 35 BTC/ETH seen)
01:39:43 INFO     __main__  Universe refreshed: 35 markets
01:40:07 INFO     __main__  HEARTBEAT eval=0 signals=0 fills=0 arbs=0 arb-fills=0 no-spot=0 no-book=16770 warmup=0 markets=35 btcusdt[σ=0.137 iv=0.436 μ=+0.027] ethusdt[σ=0.108 iv=0.531 μ=-0.035] top-raw-gap=-1.000 ()
01:40:13 INFO     src.poly_universe  Universe: 35 tradeable BTC/ETH markets (1 page(s), 35 BTC/ETH seen)
01:40:13 INFO     __main__  Universe refreshed: 35 markets
01:40:37 INFO     __main__  HEARTBEAT eval=0 signals=0 fills=0 arbs=0 arb-fills=0 no-spot=0 no-book=21873 warmup=0 markets=35 btcusdt[σ=0.132 iv=0.436 μ=+0.052] ethusdt[σ=0.101 iv=0.531 μ=+0.186] top-raw-gap=-1.000 ()
01:40:43 INFO     src.poly_universe  Universe: 35 tradeable BTC/ETH markets (1 page(s), 35 BTC/ETH seen)
01:40:43 INFO     __main__  Universe refreshed: 35 markets
01:41:07 INFO     __main__  HEARTBEAT eval=0 signals=0 fills=0 arbs=0 arb-fills=0 no-spot=0 no-book=23470 warmup=0 markets=35 btcusdt[σ=0.127 iv=0.436 μ=-0.049] ethusdt[σ=0.108 iv=0.531 μ=-0.001] top-raw-gap=-1.000 ()
01:41:13 INFO     src.poly_universe  Universe: 35 tradeable BTC/ETH markets (1 page(s), 35 BTC/ETH seen)
01:41:13 INFO     __main__  Universe refreshed: 35 markets
01:41:38 INFO     __main__  HEARTBEAT eval=0 signals=0 fills=0 arbs=0 arb-fills=0 no-spot=0 no-book=24990 warmup=0 markets=35 btcusdt[σ=0.109 iv=0.436 μ=+0.000] ethusdt[σ=0.095 iv=0.531 μ=+0.061] top-raw-gap=-1.000 ()
01:41:43 INFO     src.poly_universe  Universe: 35 tradeable BTC/ETH markets (1 page(s), 35 BTC/ETH seen)
01:41:43 INFO     __main__  Universe refreshed: 35 markets
01:42:08 INFO     __main__  HEARTBEAT eval=0 signals=0 fills=0 arbs=0 arb-fills=0 no-spot=0 no-book=20027 warmup=0 markets=35 btcusdt[σ=0.120 iv=0.436 μ=-0.075] ethusdt[σ=0.110 iv=0.531 μ=-0.159] top-raw-gap=-1.000 ()
01:42:13 INFO     src.poly_universe  Universe: 35 tradeable BTC/ETH markets (1 page(s), 35 BTC/ETH seen)
01:42:13 INFO     __main__  Universe refreshed: 35 markets
01:42:38 INFO     __main__  HEARTBEAT eval=0 signals=0 fills=0 arbs=0 arb-fills=0 no-spot=0 no-book=17370 warmup=0 markets=35 btcusdt[σ=0.098 iv=0.436 μ=+0.184] ethusdt[σ=0.092 iv=0.531 μ=+0.076] top-raw-gap=-1.000 ()
01:42:44 INFO     src.poly_universe  Universe: 35 tradeable BTC/ETH markets (1 page(s), 35 BTC/ETH seen)
01:42:44 INFO     __main__  Universe refreshed: 35 markets
01:43:08 INFO     __main__  HEARTBEAT eval=112 signals=0 fills=0 arbs=0 arb-fills=0 no-spot=0 no-book=17598 warmup=0 markets=35 btcusdt[σ=0.114 iv=0.435 μ=+0.076] ethusdt[σ=0.088 iv=0.532 μ=+0.143] top-raw-gap=0.029 (Ethereum above 1,720 on June 21, 8PM ET?)
01:43:14 INFO     src.poly_universe  Universe: 35 tradeable BTC/ETH markets (1 page(s), 35 BTC/ETH seen)
01:43:14 INFO     __main__  Universe refreshed: 35 markets
01:43:38 INFO     __main__  HEARTBEAT eval=0 signals=0 fills=0 arbs=0 arb-fills=0 no-spot=0 no-book=14664 warmup=0 markets=35 btcusdt[σ=0.080 iv=0.435 μ=-0.095] ethusdt[σ=0.071 iv=0.532 μ=-0.045] top-raw-gap=-1.000 ()
01:43:41 WARNING  src.poly_ws  Polymarket WS closed (no close frame received or sent), reconnecting in 1.0s
01:43:42 INFO     src.poly_ws  Polymarket WS connected: wss://ws-subscriptions-clob.polymarket.com/ws/market
01:43:44 INFO     src.poly_universe  Universe: 35 tradeable BTC/ETH markets (1 page(s), 35 BTC/ETH seen)
01:43:44 INFO     __main__  Universe refreshed: 35 markets
01:44:08 INFO     __main__  HEARTBEAT eval=1560 signals=0 fills=0 arbs=0 arb-fills=0 no-spot=0 no-book=13065 warmup=0 markets=35 btcusdt[σ=0.080 iv=0.435 μ=-0.077] ethusdt[σ=0.079 iv=0.532 μ=-0.056] top-raw-gap=-1.000 ()
01:44:14 INFO     src.poly_universe  Universe: 35 tradeable BTC/ETH markets (1 page(s), 35 BTC/ETH seen)
01:44:14 INFO     __main__  Universe refreshed: 35 markets
01:44:38 INFO     __main__  HEARTBEAT eval=0 signals=0 fills=0 arbs=0 arb-fills=0 no-spot=0 no-book=21365 warmup=0 markets=35 btcusdt[σ=0.135 iv=0.435 μ=+0.077] ethusdt[σ=0.113 iv=0.532 μ=-0.097] top-raw-gap=-1.000 ()
01:44:44 INFO     src.poly_universe  Universe: 35 tradeable BTC/ETH markets (1 page(s), 35 BTC/ETH seen)
01:44:44 INFO     __main__  Universe refreshed: 35 markets
01:45:08 INFO     __main__  HEARTBEAT eval=0 signals=0 fills=0 arbs=0 arb-fills=0 no-spot=0 no-book=22005 warmup=0 markets=35 btcusdt[σ=0.153 iv=0.435 μ=+0.162] ethusdt[σ=0.120 iv=0.535 μ=+0.091] top-raw-gap=-1.000 ()
01:45:14 INFO     src.poly_universe  Universe: 35 tradeable BTC/ETH markets (1 page(s), 35 BTC/ETH seen)
01:45:14 INFO     __main__  Universe refreshed: 35 markets
01:45:38 INFO     __main__  HEARTBEAT eval=0 signals=0 fills=0 arbs=0 arb-fills=0 no-spot=0 no-book=22430 warmup=0 markets=35 btcusdt[σ=0.139 iv=0.435 μ=-0.057] ethusdt[σ=0.115 iv=0.535 μ=-0.041] top-raw-gap=-1.000 ()
01:45:45 INFO     src.poly_universe  Universe: 35 tradeable BTC/ETH markets (1 page(s), 35 BTC/ETH seen)
01:45:45 INFO     __main__  Universe refreshed: 35 markets
01:46:08 INFO     __main__  HEARTBEAT eval=0 signals=0 fills=0 arbs=0 arb-fills=0 no-spot=0 no-book=21899 warmup=0 markets=35 btcusdt[σ=0.123 iv=0.435 μ=-0.115] ethusdt[σ=0.106 iv=0.535 μ=+0.032] top-raw-gap=-1.000 ()
01:46:15 INFO     src.poly_universe  Universe: 35 tradeable BTC/ETH markets (1 page(s), 35 BTC/ETH seen)
01:46:15 INFO     __main__  Universe refreshed: 35 markets
01:46:38 INFO     __main__  HEARTBEAT eval=0 signals=0 fills=0 arbs=0 arb-fills=0 no-spot=0 no-book=24596 warmup=0 markets=35 btcusdt[σ=0.116 iv=0.435 μ=+0.006] ethusdt[σ=0.095 iv=0.535 μ=+0.042] top-raw-gap=-1.000 ()
01:46:45 INFO     src.poly_universe  Universe: 35 tradeable BTC/ETH markets (1 page(s), 35 BTC/ETH seen)
01:46:45 INFO     __main__  Universe refreshed: 35 markets
01:47:08 INFO     __main__  HEARTBEAT eval=0 signals=0 fills=0 arbs=0 arb-fills=0 no-spot=0 no-book=20377 warmup=0 markets=35 btcusdt[σ=0.131 iv=0.435 μ=-0.080] ethusdt[σ=0.110 iv=0.536 μ=+0.016] top-raw-gap=-1.000 ()
01:47:15 INFO     src.poly_universe  Universe: 35 tradeable BTC/ETH markets (1 page(s), 35 BTC/ETH seen)
01:47:15 INFO     __main__  Universe refreshed: 35 markets
01:47:38 INFO     __main__  HEARTBEAT eval=0 signals=0 fills=0 arbs=0 arb-fills=0 no-spot=0 no-book=21163 warmup=0 markets=35 btcusdt[σ=0.127 iv=0.435 μ=-0.006] ethusdt[σ=0.111 iv=0.536 μ=+0.139] top-raw-gap=-1.000 ()
01:47:45 INFO     src.poly_universe  Universe: 35 tradeable BTC/ETH markets (1 page(s), 35 BTC/ETH seen)
01:47:45 INFO     __main__  Universe refreshed: 35 markets
01:48:08 INFO     __main__  HEARTBEAT eval=0 signals=0 fills=0 arbs=0 arb-fills=0 no-spot=0 no-book=21815 warmup=0 markets=35 btcusdt[σ=0.117 iv=0.435 μ=+0.003] ethusdt[σ=0.092 iv=0.536 μ=+0.127] top-raw-gap=-1.000 ()
01:48:15 INFO     src.poly_universe  Universe: 35 tradeable BTC/ETH markets (1 page(s), 35 BTC/ETH seen)
01:48:15 INFO     __main__  Universe refreshed: 35 markets
01:48:38 INFO     __main__  HEARTBEAT eval=0 signals=0 fills=0 arbs=0 arb-fills=0 no-spot=0 no-book=25897 warmup=0 markets=35 btcusdt[σ=0.103 iv=0.435 μ=+0.141] ethusdt[σ=0.094 iv=0.536 μ=-0.015] top-raw-gap=-1.000 ()
01:48:46 INFO     src.poly_universe  Universe: 35 tradeable BTC/ETH markets (1 page(s), 35 BTC/ETH seen)
01:48:46 INFO     __main__  Universe refreshed: 35 markets
01:49:08 INFO     __main__  HEARTBEAT eval=0 signals=0 fills=0 arbs=0 arb-fills=0 no-spot=0 no-book=23419 warmup=0 markets=35 btcusdt[σ=0.127 iv=0.435 μ=-0.010] ethusdt[σ=0.095 iv=0.536 μ=-0.074] top-raw-gap=-1.000 ()
01:49:16 INFO     src.poly_universe  Universe: 35 tradeable BTC/ETH markets (1 page(s), 35 BTC/ETH seen)
01:49:16 INFO     __main__  Universe refreshed: 35 markets
01:49:38 INFO     __main__  HEARTBEAT eval=0 signals=0 fills=0 arbs=0 arb-fills=0 no-spot=0 no-book=27635 warmup=0 markets=35 btcusdt[σ=0.134 iv=0.435 μ=+0.111] ethusdt[σ=0.097 iv=0.536 μ=+0.113] top-raw-gap=-1.000 ()
01:49:46 INFO     src.poly_universe  Universe: 35 tradeable BTC/ETH markets (1 page(s), 35 BTC/ETH seen)
01:49:46 INFO     __main__  Universe refreshed: 35 markets
01:50:08 INFO     __main__  HEARTBEAT eval=0 signals=0 fills=0 arbs=0 arb-fills=0 no-spot=0 no-book=20368 warmup=0 markets=35 btcusdt[σ=0.118 iv=0.435 μ=+0.099] ethusdt[σ=0.085 iv=0.536 μ=+0.092] top-raw-gap=-1.000 ()
01:50:16 INFO     src.poly_universe  Universe: 35 tradeable BTC/ETH markets (1 page(s), 35 BTC/ETH seen)
01:50:16 INFO     __main__  Universe refreshed: 35 markets
01:50:38 INFO     __main__  HEARTBEAT eval=0 signals=0 fills=0 arbs=0 arb-fills=0 no-spot=0 no-book=22097 warmup=0 markets=35 btcusdt[σ=0.085 iv=0.435 μ=+0.051] ethusdt[σ=0.070 iv=0.536 μ=+0.145] top-raw-gap=-1.000 ()
01:50:46 INFO     src.poly_universe  Universe: 35 tradeable BTC/ETH markets (1 page(s), 35 BTC/ETH seen)
01:50:46 INFO     __main__  Universe refreshed: 35 markets
01:51:08 INFO     __main__  HEARTBEAT eval=0 signals=0 fills=0 arbs=0 arb-fills=0 no-spot=0 no-book=19552 warmup=0 markets=35 btcusdt[σ=0.064 iv=0.436 μ=-0.177] ethusdt[σ=0.066 iv=0.537 μ=-0.018] top-raw-gap=-1.000 ()
01:51:16 INFO     src.poly_universe  Universe: 35 tradeable BTC/ETH markets (1 page(s), 35 BTC/ETH seen)
01:51:16 INFO     __main__  Universe refreshed: 35 markets
01:51:38 INFO     __main__  HEARTBEAT eval=0 signals=0 fills=0 arbs=0 arb-fills=0 no-spot=0 no-book=18298 warmup=0 markets=35 btcusdt[σ=0.081 iv=0.436 μ=+0.056] ethusdt[σ=0.077 iv=0.537 μ=-0.009] top-raw-gap=-1.000 ()
01:51:47 INFO     src.poly_universe  Universe: 35 tradeable BTC/ETH markets (1 page(s), 35 BTC/ETH seen)
01:51:47 INFO     __main__  Universe refreshed: 35 markets
01:52:08 INFO     __main__  HEARTBEAT eval=0 signals=0 fills=0 arbs=0 arb-fills=0 no-spot=0 no-book=16020 warmup=0 markets=35 btcusdt[σ=0.075 iv=0.436 μ=-0.049] ethusdt[σ=0.088 iv=0.537 μ=-0.059] top-raw-gap=-1.000 ()
01:52:17 INFO     src.poly_universe  Universe: 35 tradeable BTC/ETH markets (1 page(s), 35 BTC/ETH seen)
01:52:17 INFO     __main__  Universe refreshed: 35 markets
01:52:38 INFO     __main__  HEARTBEAT eval=0 signals=0 fills=0 arbs=0 arb-fills=0 no-spot=0 no-book=20709 warmup=0 markets=35 btcusdt[σ=0.097 iv=0.436 μ=-0.154] ethusdt[σ=0.092 iv=0.537 μ=-0.082] top-raw-gap=-1.000 ()
01:52:47 INFO     src.poly_universe  Universe: 35 tradeable BTC/ETH markets (1 page(s), 35 BTC/ETH seen)
01:52:47 INFO     __main__  Universe refreshed: 35 markets
01:53:08 INFO     __main__  HEARTBEAT eval=0 signals=0 fills=0 arbs=0 arb-fills=0 no-spot=0 no-book=19742 warmup=0 markets=35 btcusdt[σ=0.097 iv=0.436 μ=-0.058] ethusdt[σ=0.096 iv=0.537 μ=+0.130] top-raw-gap=-1.000 ()
01:53:17 INFO     src.poly_universe  Universe: 35 tradeable BTC/ETH markets (1 page(s), 35 BTC/ETH seen)
01:53:17 INFO     __main__  Universe refreshed: 35 markets
01:53:38 INFO     __main__  HEARTBEAT eval=0 signals=0 fills=0 arbs=0 arb-fills=0 no-spot=0 no-book=19634 warmup=0 markets=35 btcusdt[σ=0.142 iv=0.436 μ=-0.128] ethusdt[σ=0.086 iv=0.537 μ=-0.046] top-raw-gap=-1.000 ()
01:53:42 WARNING  src.poly_ws  Polymarket WS closed (no close frame received or sent), reconnecting in 1.0s
01:53:43 INFO     src.poly_ws  Polymarket WS connected: wss://ws-subscriptions-clob.polymarket.com/ws/market
01:53:47 INFO     src.poly_universe  Universe: 35 tradeable BTC/ETH markets (1 page(s), 35 BTC/ETH seen)
01:53:47 INFO     __main__  Universe refreshed: 35 markets
01:54:08 INFO     __main__  HEARTBEAT eval=1906 signals=0 fills=0 arbs=0 arb-fills=0 no-spot=0 no-book=17535 warmup=0 markets=35 btcusdt[σ=0.112 iv=0.436 μ=+0.042] ethusdt[σ=0.088 iv=0.537 μ=-0.112] top-raw-gap=-1.000 ()
01:54:17 INFO     src.poly_universe  Universe: 35 tradeable BTC/ETH markets (1 page(s), 35 BTC/ETH seen)
01:54:17 INFO     __main__  Universe refreshed: 35 markets
01:54:38 INFO     __main__  HEARTBEAT eval=0 signals=0 fills=0 arbs=0 arb-fills=0 no-spot=0 no-book=25285 warmup=0 markets=35 btcusdt[σ=0.115 iv=0.436 μ=-0.110] ethusdt[σ=0.087 iv=0.537 μ=-0.172] top-raw-gap=-1.000 ()
01:54:47 INFO     src.poly_universe  Universe: 35 tradeable BTC/ETH markets (1 page(s), 35 BTC/ETH seen)
01:54:47 INFO     __main__  Universe refreshed: 35 markets
01:55:08 INFO     __main__  HEARTBEAT eval=0 signals=0 fills=0 arbs=0 arb-fills=0 no-spot=0 no-book=25489 warmup=0 markets=35 btcusdt[σ=0.097 iv=0.436 μ=+0.040] ethusdt[σ=0.099 iv=0.538 μ=-0.089] top-raw-gap=-1.000 ()
01:55:18 INFO     src.poly_universe  Universe: 35 tradeable BTC/ETH markets (1 page(s), 35 BTC/ETH seen)
01:55:18 INFO     __main__  Universe refreshed: 35 markets
01:55:38 INFO     __main__  HEARTBEAT eval=0 signals=0 fills=0 arbs=0 arb-fills=0 no-spot=0 no-book=18077 warmup=0 markets=35 btcusdt[σ=0.084 iv=0.436 μ=+0.097] ethusdt[σ=0.085 iv=0.538 μ=+0.177] top-raw-gap=-1.000 ()
01:55:48 INFO     src.poly_universe  Universe: 35 tradeable BTC/ETH markets (1 page(s), 35 BTC/ETH seen)
01:55:48 INFO     __main__  Universe refreshed: 35 markets
01:56:08 INFO     __main__  HEARTBEAT eval=0 signals=0 fills=0 arbs=0 arb-fills=0 no-spot=0 no-book=18856 warmup=0 markets=35 btcusdt[σ=0.074 iv=0.437 μ=-0.052] ethusdt[σ=0.075 iv=0.539 μ=+0.155] top-raw-gap=-1.000 ()
01:56:18 INFO     src.poly_universe  Universe: 35 tradeable BTC/ETH markets (1 page(s), 35 BTC/ETH seen)
01:56:18 INFO     __main__  Universe refreshed: 35 markets
01:56:39 INFO     __main__  HEARTBEAT eval=0 signals=0 fills=0 arbs=0 arb-fills=0 no-spot=0 no-book=15023 warmup=0 markets=35 btcusdt[σ=0.050 iv=0.437 μ=+0.169] ethusdt[σ=0.053 iv=0.539 μ=-0.083] top-raw-gap=-1.000 ()
01:56:48 INFO     src.poly_universe  Universe: 35 tradeable BTC/ETH markets (1 page(s), 35 BTC/ETH seen)
01:56:48 INFO     __main__  Universe refreshed: 35 markets
01:57:09 INFO     __main__  HEARTBEAT eval=0 signals=0 fills=0 arbs=0 arb-fills=0 no-spot=0 no-book=18054 warmup=0 markets=35 btcusdt[σ=0.077 iv=0.437 μ=+0.091] ethusdt[σ=0.059 iv=0.540 μ=+0.023] top-raw-gap=-1.000 ()
01:57:18 INFO     src.poly_universe  Universe: 35 tradeable BTC/ETH markets (1 page(s), 35 BTC/ETH seen)
01:57:18 INFO     __main__  Universe refreshed: 35 markets
01:57:39 INFO     __main__  HEARTBEAT eval=0 signals=0 fills=0 arbs=0 arb-fills=0 no-spot=0 no-book=15352 warmup=0 markets=35 btcusdt[σ=0.079 iv=0.437 μ=-0.155] ethusdt[σ=0.060 iv=0.540 μ=-0.165] top-raw-gap=-1.000 ()
01:57:48 INFO     src.poly_universe  Universe: 35 tradeable BTC/ETH markets (1 page(s), 35 BTC/ETH seen)
01:57:48 INFO     __main__  Universe refreshed: 35 markets
01:58:09 INFO     __main__  HEARTBEAT eval=0 signals=0 fills=0 arbs=0 arb-fills=0 no-spot=0 no-book=16297 warmup=0 markets=35 btcusdt[σ=0.078 iv=0.437 μ=-0.184] ethusdt[σ=0.070 iv=0.540 μ=-0.187] top-raw-gap=-1.000 ()
01:58:19 INFO     src.poly_universe  Universe: 35 tradeable BTC/ETH markets (1 page(s), 35 BTC/ETH seen)
01:58:19 INFO     __main__  Universe refreshed: 35 markets
01:58:39 INFO     __main__  HEARTBEAT eval=0 signals=0 fills=0 arbs=0 arb-fills=0 no-spot=0 no-book=21941 warmup=0 markets=35 btcusdt[σ=0.059 iv=0.437 μ=+0.127] ethusdt[σ=0.066 iv=0.540 μ=-0.084] top-raw-gap=-1.000 ()
01:58:49 INFO     src.poly_universe  Universe: 35 tradeable BTC/ETH markets (1 page(s), 35 BTC/ETH seen)
01:58:49 INFO     __main__  Universe refreshed: 35 markets
01:59:09 INFO     __main__  HEARTBEAT eval=0 signals=0 fills=0 arbs=0 arb-fills=0 no-spot=0 no-book=17708 warmup=0 markets=35 btcusdt[σ=0.059 iv=0.437 μ=+0.122] ethusdt[σ=0.053 iv=0.541 μ=+0.115] top-raw-gap=-1.000 ()
01:59:19 INFO     src.poly_universe  Universe: 0 tradeable markets (1 page(s), 35 BTC/ETH seen) — pre-listed but not yet accepting orders, or outside window
01:59:19 INFO     __main__  Universe refreshed: 0 markets
01:59:49 INFO     src.poly_universe  Universe: 0 tradeable markets (1 page(s), 35 BTC/ETH seen) — pre-listed but not yet accepting orders, or outside window
01:59:49 INFO     __main__  Universe refreshed: 0 markets
02:00:19 INFO     src.poly_universe  Universe: 0 tradeable markets (1 page(s), 35 BTC/ETH seen) — pre-listed but not yet accepting orders, or outside window
02:00:19 INFO     __main__  Universe refreshed: 0 markets
02:00:49 INFO     src.poly_universe  Universe: 0 tradeable markets (1 page(s), 35 BTC/ETH seen) — pre-listed but not yet accepting orders, or outside window
02:00:49 INFO     __main__  Universe refreshed: 0 markets
02:01:19 INFO     src.poly_universe  Universe: 0 tradeable markets (1 page(s), 35 BTC/ETH seen) — pre-listed but not yet accepting orders, or outside window
02:01:19 INFO     __main__  Universe refreshed: 0 markets
02:01:50 INFO     src.poly_universe  Universe: 0 tradeable markets (1 page(s), 35 BTC/ETH seen) — pre-listed but not yet accepting orders, or outside window
02:01:50 INFO     __main__  Universe refreshed: 0 markets
02:02:20 INFO     src.poly_universe  Universe: 0 tradeable markets (1 page(s), 35 BTC/ETH seen) — pre-listed but not yet accepting orders, or outside window
02:02:20 INFO     __main__  Universe refreshed: 0 markets
02:02:50 INFO     src.poly_universe  Universe: 0 tradeable markets (1 page(s), 35 BTC/ETH seen) — pre-listed but not yet accepting orders, or outside window
02:02:50 INFO     __main__  Universe refreshed: 0 markets
02:03:20 INFO     src.poly_universe  Universe: 0 tradeable markets (1 page(s), 35 BTC/ETH seen) — pre-listed but not yet accepting orders, or outside window
02:03:20 INFO     __main__  Universe refreshed: 0 markets
02:03:48 WARNING  src.poly_ws  Polymarket WS closed (no close frame received or sent), reconnecting in 1.0s
02:03:49 INFO     src.poly_ws  Polymarket WS connected: wss://ws-subscriptions-clob.polymarket.com/ws/market
02:03:50 INFO     src.poly_universe  Universe: 0 tradeable markets (1 page(s), 35 BTC/ETH seen) — pre-listed but not yet accepting orders, or outside window
02:03:50 INFO     __main__  Universe refreshed: 0 markets
02:04:20 INFO     src.poly_universe  Universe: 0 tradeable markets (1 page(s), 35 BTC/ETH seen) — pre-listed but not yet accepting orders, or outside window
02:04:20 INFO     __main__  Universe refreshed: 0 markets
02:04:50 INFO     src.poly_universe  Universe: 0 tradeable markets (1 page(s), 35 BTC/ETH seen) — pre-listed but not yet accepting orders, or outside window
02:04:50 INFO     __main__  Universe refreshed: 0 markets
02:05:21 INFO     src.poly_universe  Universe: 0 tradeable markets (1 page(s), 35 BTC/ETH seen) — pre-listed but not yet accepting orders, or outside window
02:05:21 INFO     __main__  Universe refreshed: 0 markets
02:05:51 INFO     src.poly_universe  Universe: 0 tradeable markets (1 page(s), 35 BTC/ETH seen) — pre-listed but not yet accepting orders, or outside window
02:05:51 INFO     __main__  Universe refreshed: 0 markets
02:06:21 INFO     src.poly_universe  Universe: 0 tradeable markets (1 page(s), 35 BTC/ETH seen) — pre-listed but not yet accepting orders, or outside window
02:06:21 INFO     __main__  Universe refreshed: 0 markets
02:06:51 INFO     src.poly_universe  Universe: 0 tradeable markets (1 page(s), 35 BTC/ETH seen) — pre-listed but not yet accepting orders, or outside window
02:06:51 INFO     __main__  Universe refreshed: 0 markets
02:07:21 INFO     src.poly_universe  Universe: 0 tradeable markets (1 page(s), 35 BTC/ETH seen) — pre-listed but not yet accepting orders, or outside window
02:07:21 INFO     __main__  Universe refreshed: 0 markets
02:07:51 INFO     src.poly_universe  Universe: 0 tradeable markets (1 page(s), 35 BTC/ETH seen) — pre-listed but not yet accepting orders, or outside window
02:07:51 INFO     __main__  Universe refreshed: 0 markets
02:08:21 INFO     src.poly_universe  Universe: 0 tradeable markets (1 page(s), 35 BTC/ETH seen) — pre-listed but not yet accepting orders, or outside window
02:08:21 INFO     __main__  Universe refreshed: 0 markets
02:08:52 INFO     src.poly_universe  Universe: 0 tradeable markets (1 page(s), 35 BTC/ETH seen) — pre-listed but not yet accepting orders, or outside window
02:08:52 INFO     __main__  Universe refreshed: 0 markets
02:09:22 INFO     src.poly_universe  Universe: 0 tradeable markets (1 page(s), 35 BTC/ETH seen) — pre-listed but not yet accepting orders, or outside window
02:09:22 INFO     __main__  Universe refreshed: 0 markets
02:09:52 INFO     src.poly_universe  Universe: 0 tradeable markets (1 page(s), 35 BTC/ETH seen) — pre-listed but not yet accepting orders, or outside window
02:09:52 INFO     __main__  Universe refreshed: 0 markets
02:10:22 INFO     src.poly_universe  Universe: 0 tradeable markets (1 page(s), 35 BTC/ETH seen) — pre-listed but not yet accepting orders, or outside window
02:10:22 INFO     __main__  Universe refreshed: 0 markets
02:10:52 INFO     src.poly_universe  Universe: 0 tradeable markets (1 page(s), 35 BTC/ETH seen) — pre-listed but not yet accepting orders, or outside window
02:10:52 INFO     __main__  Universe refreshed: 0 markets
02:11:22 INFO     src.poly_universe  Universe: 0 tradeable markets (1 page(s), 35 BTC/ETH seen) — pre-listed but not yet accepting orders, or outside window
02:11:22 INFO     __main__  Universe refreshed: 0 markets
02:11:52 INFO     src.poly_universe  Universe: 0 tradeable markets (1 page(s), 35 BTC/ETH seen) — pre-listed but not yet accepting orders, or outside window
02:11:52 INFO     __main__  Universe refreshed: 0 markets
02:12:23 INFO     src.poly_universe  Universe: 0 tradeable markets (1 page(s), 35 BTC/ETH seen) — pre-listed but not yet accepting orders, or outside window
02:12:23 INFO     __main__  Universe refreshed: 0 markets
02:12:53 INFO     src.poly_universe  Universe: 11 tradeable BTC/ETH markets (1 page(s), 34 BTC/ETH seen)
02:12:53 INFO     __main__  Universe refreshed: 11 markets
02:12:53 INFO     __main__  HEARTBEAT eval=0 signals=0 fills=0 arbs=0 arb-fills=0 no-spot=0 no-book=7160 warmup=0 markets=11 btcusdt[σ=0.094 iv=0.435 μ=+0.093] ethusdt[σ=0.082 iv=0.532 μ=+0.146] top-raw-gap=-1.000 ()
02:13:23 INFO     __main__  HEARTBEAT eval=0 signals=0 fills=0 arbs=0 arb-fills=0 no-spot=0 no-book=7816 warmup=0 markets=11 btcusdt[σ=0.102 iv=0.435 μ=+0.007] ethusdt[σ=0.080 iv=0.532 μ=+0.073] top-raw-gap=-1.000 ()
02:13:23 INFO     src.poly_universe  Universe: 33 tradeable BTC/ETH markets (1 page(s), 33 BTC/ETH seen)
02:13:23 INFO     __main__  Universe refreshed: 33 markets
02:13:53 INFO     __main__  HEARTBEAT eval=0 signals=0 fills=0 arbs=0 arb-fills=0 no-spot=0 no-book=18843 warmup=0 markets=33 btcusdt[σ=0.080 iv=0.435 μ=-0.077] ethusdt[σ=0.068 iv=0.532 μ=+0.006] top-raw-gap=-1.000 ()
02:13:53 INFO     src.poly_universe  Universe: 33 tradeable BTC/ETH markets (1 page(s), 33 BTC/ETH seen)
02:13:53 INFO     __main__  Universe refreshed: 33 markets
02:14:23 INFO     __main__  HEARTBEAT eval=0 signals=0 fills=0 arbs=0 arb-fills=0 no-spot=0 no-book=19899 warmup=0 markets=33 btcusdt[σ=0.070 iv=0.435 μ=+0.130] ethusdt[σ=0.069 iv=0.532 μ=+0.148] top-raw-gap=-1.000 ()
02:14:23 INFO     src.poly_universe  Universe: 33 tradeable BTC/ETH markets (1 page(s), 33 BTC/ETH seen)
02:14:23 INFO     __main__  Universe refreshed: 33 markets
02:14:53 INFO     __main__  HEARTBEAT eval=0 signals=0 fills=0 arbs=0 arb-fills=0 no-spot=0 no-book=22026 warmup=0 markets=33 btcusdt[σ=0.060 iv=0.435 μ=+0.053] ethusdt[σ=0.053 iv=0.532 μ=+0.064] top-raw-gap=-1.000 ()
02:14:53 INFO     src.poly_universe  Universe: 33 tradeable BTC/ETH markets (1 page(s), 33 BTC/ETH seen)
02:14:53 INFO     __main__  Universe refreshed: 33 markets
02:15:23 INFO     __main__  HEARTBEAT eval=0 signals=0 fills=0 arbs=0 arb-fills=0 no-spot=0 no-book=24920 warmup=0 markets=33 btcusdt[σ=0.084 iv=0.435 μ=-0.012] ethusdt[σ=0.082 iv=0.532 μ=+0.047] top-raw-gap=-1.000 ()
02:15:23 INFO     src.poly_universe  Universe: 33 tradeable BTC/ETH markets (1 page(s), 33 BTC/ETH seen)
02:15:23 INFO     __main__  Universe refreshed: 33 markets
02:15:53 INFO     __main__  HEARTBEAT eval=0 signals=0 fills=0 arbs=0 arb-fills=0 no-spot=0 no-book=18636 warmup=0 markets=33 btcusdt[σ=0.087 iv=0.435 μ=-0.113] ethusdt[σ=0.088 iv=0.532 μ=-0.023] top-raw-gap=-1.000 ()
02:15:54 INFO     src.poly_universe  Universe: 33 tradeable BTC/ETH markets (1 page(s), 33 BTC/ETH seen)
02:15:54 INFO     __main__  Universe refreshed: 33 markets
02:16:23 INFO     __main__  HEARTBEAT eval=0 signals=0 fills=0 arbs=0 arb-fills=0 no-spot=0 no-book=18264 warmup=0 markets=33 btcusdt[σ=0.100 iv=0.435 μ=+0.084] ethusdt[σ=0.096 iv=0.532 μ=+0.062] top-raw-gap=-1.000 ()
02:16:24 INFO     src.poly_universe  Universe: 33 tradeable BTC/ETH markets (1 page(s), 33 BTC/ETH seen)
02:16:24 INFO     __main__  Universe refreshed: 33 markets
02:16:53 INFO     __main__  HEARTBEAT eval=0 signals=0 fills=0 arbs=0 arb-fills=0 no-spot=0 no-book=21822 warmup=0 markets=33 btcusdt[σ=0.102 iv=0.435 μ=+0.127] ethusdt[σ=0.109 iv=0.532 μ=-0.114] top-raw-gap=-1.000 ()
02:16:54 INFO     src.poly_universe  Universe: 33 tradeable BTC/ETH markets (1 page(s), 33 BTC/ETH seen)
02:16:54 INFO     __main__  Universe refreshed: 33 markets
02:17:23 INFO     __main__  HEARTBEAT eval=0 signals=0 fills=0 arbs=0 arb-fills=0 no-spot=0 no-book=19686 warmup=0 markets=33 btcusdt[σ=0.100 iv=0.409 μ=+0.147] ethusdt[σ=0.100 iv=0.532 μ=+0.078] top-raw-gap=-1.000 ()
02:17:24 INFO     src.poly_universe  Universe: 35 tradeable BTC/ETH markets (1 page(s), 35 BTC/ETH seen)
02:17:24 INFO     __main__  Universe refreshed: 35 markets
02:17:53 INFO     __main__  HEARTBEAT eval=0 signals=0 fills=0 arbs=0 arb-fills=0 no-spot=0 no-book=20579 warmup=0 markets=35 btcusdt[σ=0.084 iv=0.409 μ=+0.066] ethusdt[σ=0.097 iv=0.532 μ=+0.128] top-raw-gap=-1.000 ()
02:17:55 INFO     src.poly_universe  Universe: 35 tradeable BTC/ETH markets (1 page(s), 35 BTC/ETH seen)
02:17:55 INFO     __main__  Universe refreshed: 35 markets
02:18:23 INFO     __main__  HEARTBEAT eval=0 signals=0 fills=0 arbs=0 arb-fills=0 no-spot=0 no-book=21223 warmup=0 markets=35 btcusdt[σ=0.078 iv=0.408 μ=+0.179] ethusdt[σ=0.093 iv=0.532 μ=-0.077] top-raw-gap=-1.000 ()
02:18:25 INFO     src.poly_universe  Universe: 35 tradeable BTC/ETH markets (1 page(s), 35 BTC/ETH seen)
02:18:25 INFO     __main__  Universe refreshed: 35 markets
02:18:53 INFO     __main__  HEARTBEAT eval=0 signals=0 fills=0 arbs=0 arb-fills=0 no-spot=0 no-book=32137 warmup=0 markets=35 btcusdt[σ=0.126 iv=0.408 μ=+0.045] ethusdt[σ=0.183 iv=0.532 μ=+0.091] top-raw-gap=-1.000 ()
02:18:55 INFO     src.poly_universe  Universe: 35 tradeable BTC/ETH markets (1 page(s), 35 BTC/ETH seen)
02:18:55 INFO     __main__  Universe refreshed: 35 markets
02:19:23 INFO     __main__  HEARTBEAT eval=0 signals=0 fills=0 arbs=0 arb-fills=0 no-spot=0 no-book=28832 warmup=0 markets=35 btcusdt[σ=0.146 iv=0.407 μ=-0.117] ethusdt[σ=0.184 iv=0.531 μ=-0.026] top-raw-gap=-1.000 ()
02:19:25 INFO     src.poly_universe  Universe: 37 tradeable BTC/ETH markets (1 page(s), 37 BTC/ETH seen)
02:19:25 INFO     __main__  Universe refreshed: 37 markets
02:19:53 INFO     __main__  HEARTBEAT eval=0 signals=0 fills=0 arbs=0 arb-fills=0 no-spot=0 no-book=25410 warmup=0 markets=37 btcusdt[σ=0.147 iv=0.407 μ=-0.046] ethusdt[σ=0.149 iv=0.531 μ=-0.062] top-raw-gap=-1.000 ()
02:19:55 INFO     src.poly_universe  Universe: 40 tradeable BTC/ETH markets (1 page(s), 40 BTC/ETH seen)
02:19:55 INFO     __main__  Universe refreshed: 40 markets
02:20:23 INFO     __main__  HEARTBEAT eval=0 signals=0 fills=0 arbs=0 arb-fills=0 no-spot=0 no-book=21840 warmup=0 markets=40 btcusdt[σ=0.127 iv=0.406 μ=-0.092] ethusdt[σ=0.117 iv=0.531 μ=+0.032] top-raw-gap=-1.000 ()
02:20:25 INFO     src.poly_universe  Universe: 40 tradeable BTC/ETH markets (1 page(s), 40 BTC/ETH seen)
02:20:25 INFO     __main__  Universe refreshed: 40 markets
02:20:54 INFO     __main__  HEARTBEAT eval=0 signals=0 fills=0 arbs=0 arb-fills=0 no-spot=0 no-book=26272 warmup=0 markets=40 btcusdt[σ=0.115 iv=0.406 μ=+0.118] ethusdt[σ=0.105 iv=0.531 μ=+0.137] top-raw-gap=-1.000 ()
02:20:56 INFO     src.poly_universe  Universe: 40 tradeable BTC/ETH markets (1 page(s), 40 BTC/ETH seen)
02:20:56 INFO     __main__  Universe refreshed: 40 markets
02:21:24 INFO     __main__  HEARTBEAT eval=0 signals=0 fills=0 arbs=0 arb-fills=0 no-spot=0 no-book=24540 warmup=0 markets=40 btcusdt[σ=0.111 iv=0.405 μ=+0.011] ethusdt[σ=0.090 iv=0.531 μ=-0.085] top-raw-gap=-1.000 ()
02:21:26 INFO     src.poly_universe  Universe: 40 tradeable BTC/ETH markets (1 page(s), 40 BTC/ETH seen)
02:21:26 INFO     __main__  Universe refreshed: 40 markets
02:21:54 INFO     __main__  HEARTBEAT eval=0 signals=0 fills=0 arbs=0 arb-fills=0 no-spot=0 no-book=20244 warmup=0 markets=40 btcusdt[σ=0.101 iv=0.405 μ=-0.130] ethusdt[σ=0.104 iv=0.531 μ=-0.072] top-raw-gap=-1.000 ()
02:21:56 INFO     src.poly_universe  Universe: 40 tradeable BTC/ETH markets (1 page(s), 40 BTC/ETH seen)
02:21:56 INFO     __main__  Universe refreshed: 40 markets
02:22:24 INFO     __main__  HEARTBEAT eval=0 signals=0 fills=0 arbs=0 arb-fills=0 no-spot=0 no-book=21524 warmup=0 markets=40 btcusdt[σ=0.107 iv=0.405 μ=-0.141] ethusdt[σ=0.100 iv=0.531 μ=-0.043] top-raw-gap=-1.000 ()
02:22:26 INFO     src.poly_universe  Universe: 40 tradeable BTC/ETH markets (1 page(s), 40 BTC/ETH seen)
02:22:26 INFO     __main__  Universe refreshed: 40 markets
02:22:54 INFO     __main__  HEARTBEAT eval=0 signals=0 fills=0 arbs=0 arb-fills=0 no-spot=0 no-book=21624 warmup=0 markets=40 btcusdt[σ=0.108 iv=0.405 μ=-0.058] ethusdt[σ=0.098 iv=0.531 μ=-0.156] top-raw-gap=-1.000 ()
02:22:56 INFO     src.poly_universe  Universe: 40 tradeable BTC/ETH markets (1 page(s), 40 BTC/ETH seen)
02:22:56 INFO     __main__  Universe refreshed: 40 markets
02:23:24 INFO     __main__  HEARTBEAT eval=0 signals=0 fills=0 arbs=0 arb-fills=0 no-spot=0 no-book=23104 warmup=0 markets=40 btcusdt[σ=0.117 iv=0.434 μ=+0.038] ethusdt[σ=0.090 iv=0.531 μ=+0.087] top-raw-gap=-1.000 ()
02:23:26 INFO     src.poly_universe  Universe: 40 tradeable BTC/ETH markets (1 page(s), 40 BTC/ETH seen)
02:23:26 INFO     __main__  Universe refreshed: 40 markets
02:23:54 INFO     __main__  HEARTBEAT eval=0 signals=0 fills=0 arbs=0 arb-fills=0 no-spot=0 no-book=17424 warmup=0 markets=40 btcusdt[σ=0.101 iv=0.434 μ=+0.062] ethusdt[σ=0.086 iv=0.531 μ=-0.025] top-raw-gap=-1.000 ()
02:23:57 INFO     src.poly_universe  Universe: 40 tradeable BTC/ETH markets (1 page(s), 40 BTC/ETH seen)
02:23:57 INFO     __main__  Universe refreshed: 40 markets
02:24:24 INFO     __main__  HEARTBEAT eval=0 signals=0 fills=0 arbs=0 arb-fills=0 no-spot=0 no-book=17296 warmup=0 markets=40 btcusdt[σ=0.085 iv=0.405 μ=+0.161] ethusdt[σ=0.079 iv=0.531 μ=+0.122] top-raw-gap=-1.000 ()
02:24:27 INFO     src.poly_universe  Universe: 40 tradeable BTC/ETH markets (1 page(s), 40 BTC/ETH seen)
02:24:27 INFO     __main__  Universe refreshed: 40 markets
02:24:54 INFO     __main__  HEARTBEAT eval=0 signals=0 fills=0 arbs=0 arb-fills=0 no-spot=0 no-book=25476 warmup=0 markets=40 btcusdt[σ=0.074 iv=0.405 μ=+0.171] ethusdt[σ=0.083 iv=0.531 μ=+0.160] top-raw-gap=-1.000 ()
02:24:57 INFO     src.poly_universe  Universe: 40 tradeable BTC/ETH markets (1 page(s), 40 BTC/ETH seen)
02:24:57 INFO     __main__  Universe refreshed: 40 markets
02:25:24 INFO     __main__  HEARTBEAT eval=0 signals=0 fills=0 arbs=0 arb-fills=0 no-spot=0 no-book=22940 warmup=0 markets=40 btcusdt[σ=0.111 iv=0.404 μ=-0.140] ethusdt[σ=0.089 iv=0.531 μ=+0.092] top-raw-gap=-1.000 ()
02:25:28 INFO     src.poly_universe  Universe: 40 tradeable BTC/ETH markets (1 page(s), 40 BTC/ETH seen)
02:25:28 INFO     __main__  Universe refreshed: 40 markets
02:25:54 INFO     __main__  HEARTBEAT eval=0 signals=0 fills=0 arbs=0 arb-fills=0 no-spot=0 no-book=19636 warmup=0 markets=40 btcusdt[σ=0.097 iv=0.404 μ=+0.014] ethusdt[σ=0.082 iv=0.531 μ=-0.031] top-raw-gap=-1.000 ()
02:25:58 INFO     src.poly_universe  Universe: 40 tradeable BTC/ETH markets (1 page(s), 40 BTC/ETH seen)
02:25:58 INFO     __main__  Universe refreshed: 40 markets
02:26:24 INFO     __main__  HEARTBEAT eval=0 signals=0 fills=0 arbs=0 arb-fills=0 no-spot=0 no-book=20088 warmup=0 markets=40 btcusdt[σ=0.099 iv=0.404 μ=+0.161] ethusdt[σ=0.067 iv=0.531 μ=+0.188] top-raw-gap=-1.000 ()
02:26:28 INFO     src.poly_universe  Universe: 40 tradeable BTC/ETH markets (1 page(s), 40 BTC/ETH seen)
02:26:28 INFO     __main__  Universe refreshed: 40 markets
02:26:54 INFO     __main__  HEARTBEAT eval=0 signals=0 fills=0 arbs=0 arb-fills=0 no-spot=0 no-book=18800 warmup=0 markets=40 btcusdt[σ=0.097 iv=0.404 μ=+0.178] ethusdt[σ=0.122 iv=0.531 μ=+0.189] top-raw-gap=-1.000 ()
02:26:58 INFO     src.poly_universe  Universe: 40 tradeable BTC/ETH markets (1 page(s), 40 BTC/ETH seen)
02:26:58 INFO     __main__  Universe refreshed: 40 markets
02:27:24 INFO     __main__  HEARTBEAT eval=0 signals=0 fills=0 arbs=0 arb-fills=0 no-spot=0 no-book=23692 warmup=0 markets=40 btcusdt[σ=0.091 iv=0.404 μ=+0.015] ethusdt[σ=0.103 iv=0.532 μ=-0.088] top-raw-gap=-1.000 ()
02:27:28 INFO     src.poly_universe  Universe: 40 tradeable BTC/ETH markets (1 page(s), 40 BTC/ETH seen)
02:27:28 INFO     __main__  Universe refreshed: 40 markets
02:27:55 INFO     __main__  HEARTBEAT eval=0 signals=0 fills=0 arbs=0 arb-fills=0 no-spot=0 no-book=22076 warmup=0 markets=40 btcusdt[σ=0.083 iv=0.404 μ=+0.049] ethusdt[σ=0.089 iv=0.532 μ=-0.064] top-raw-gap=-1.000 ()
02:27:58 INFO     src.poly_universe  Universe: 40 tradeable BTC/ETH markets (1 page(s), 40 BTC/ETH seen)
02:27:58 INFO     __main__  Universe refreshed: 40 markets
02:28:25 INFO     __main__  HEARTBEAT eval=0 signals=0 fills=0 arbs=0 arb-fills=0 no-spot=0 no-book=21700 warmup=0 markets=40 btcusdt[σ=0.081 iv=0.404 μ=-0.009] ethusdt[σ=0.083 iv=0.533 μ=-0.153] top-raw-gap=-1.000 ()
02:28:28 INFO     src.poly_universe  Universe: 40 tradeable BTC/ETH markets (1 page(s), 40 BTC/ETH seen)
02:28:28 INFO     __main__  Universe refreshed: 40 markets
02:28:55 INFO     __main__  HEARTBEAT eval=0 signals=0 fills=0 arbs=0 arb-fills=0 no-spot=0 no-book=17204 warmup=0 markets=40 btcusdt[σ=0.069 iv=0.404 μ=-0.045] ethusdt[σ=0.074 iv=0.533 μ=-0.171] top-raw-gap=-1.000 ()
02:28:59 INFO     src.poly_universe  Universe: 40 tradeable BTC/ETH markets (1 page(s), 40 BTC/ETH seen)
02:28:59 INFO     __main__  Universe refreshed: 40 markets
02:29:25 INFO     __main__  HEARTBEAT eval=0 signals=0 fills=0 arbs=0 arb-fills=0 no-spot=0 no-book=22016 warmup=0 markets=40 btcusdt[σ=0.055 iv=0.403 μ=-0.160] ethusdt[σ=0.093 iv=0.533 μ=+0.034] top-raw-gap=-1.000 ()
02:29:29 INFO     src.poly_universe  Universe: 40 tradeable BTC/ETH markets (1 page(s), 40 BTC/ETH seen)
02:29:29 INFO     __main__  Universe refreshed: 40 markets
02:29:55 INFO     __main__  HEARTBEAT eval=0 signals=0 fills=0 arbs=0 arb-fills=0 no-spot=0 no-book=18640 warmup=0 markets=40 btcusdt[σ=0.067 iv=0.403 μ=+0.196] ethusdt[σ=0.078 iv=0.533 μ=+0.148] top-raw-gap=-1.000 ()
02:29:59 INFO     src.poly_universe  Universe: 40 tradeable BTC/ETH markets (1 page(s), 40 BTC/ETH seen)
02:29:59 INFO     __main__  Universe refreshed: 40 markets
02:30:25 INFO     __main__  HEARTBEAT eval=0 signals=0 fills=0 arbs=0 arb-fills=0 no-spot=0 no-book=34584 warmup=0 markets=40 btcusdt[σ=0.112 iv=0.402 μ=+0.050] ethusdt[σ=0.123 iv=0.533 μ=+0.089] top-raw-gap=-1.000 ()
02:30:29 INFO     src.poly_universe  Universe: 40 tradeable BTC/ETH markets (1 page(s), 40 BTC/ETH seen)
02:30:29 INFO     __main__  Universe refreshed: 40 markets
02:30:55 INFO     __main__  HEARTBEAT eval=0 signals=0 fills=0 arbs=0 arb-fills=0 no-spot=0 no-book=27792 warmup=0 markets=40 btcusdt[σ=0.140 iv=0.402 μ=+0.061] ethusdt[σ=0.118 iv=0.533 μ=-0.047] top-raw-gap=-1.000 ()
02:30:59 INFO     src.poly_universe  Universe: 40 tradeable BTC/ETH markets (1 page(s), 40 BTC/ETH seen)
02:30:59 INFO     __main__  Universe refreshed: 40 markets
02:31:25 INFO     __main__  HEARTBEAT eval=0 signals=0 fills=0 arbs=0 arb-fills=0 no-spot=0 no-book=25784 warmup=0 markets=40 btcusdt[σ=0.759 iv=0.402 μ=+0.192] ethusdt[σ=0.172 iv=0.533 μ=+0.092] top-raw-gap=-1.000 ()
02:31:29 INFO     src.poly_universe  Universe: 40 tradeable BTC/ETH markets (1 page(s), 40 BTC/ETH seen)
02:31:29 INFO     __main__  Universe refreshed: 40 markets
02:31:55 INFO     __main__  HEARTBEAT eval=0 signals=0 fills=0 arbs=0 arb-fills=0 no-spot=0 no-book=27544 warmup=0 markets=40 btcusdt[σ=0.463 iv=0.402 μ=+0.133] ethusdt[σ=0.142 iv=0.533 μ=-0.096] top-raw-gap=-1.000 ()
02:31:59 INFO     src.poly_universe  Universe: 40 tradeable BTC/ETH markets (1 page(s), 40 BTC/ETH seen)
02:31:59 INFO     __main__  Universe refreshed: 40 markets
02:32:25 INFO     __main__  HEARTBEAT eval=0 signals=0 fills=0 arbs=0 arb-fills=0 no-spot=0 no-book=25132 warmup=0 markets=40 btcusdt[σ=0.300 iv=0.401 μ=-0.002] ethusdt[σ=0.141 iv=0.533 μ=+0.061] top-raw-gap=-1.000 ()
02:32:30 INFO     src.poly_universe  Universe: 40 tradeable BTC/ETH markets (1 page(s), 40 BTC/ETH seen)
02:32:30 INFO     __main__  Universe refreshed: 40 markets
02:32:55 INFO     __main__  HEARTBEAT eval=0 signals=0 fills=0 arbs=0 arb-fills=0 no-spot=0 no-book=24360 warmup=0 markets=40 btcusdt[σ=0.192 iv=0.401 μ=-0.168] ethusdt[σ=0.120 iv=0.533 μ=+0.073] top-raw-gap=-1.000 ()
02:33:00 INFO     src.poly_universe  Universe: 40 tradeable BTC/ETH markets (1 page(s), 40 BTC/ETH seen)
02:33:00 INFO     __main__  Universe refreshed: 40 markets
02:33:25 INFO     __main__  HEARTBEAT eval=0 signals=0 fills=0 arbs=0 arb-fills=0 no-spot=0 no-book=20928 warmup=0 markets=40 btcusdt[σ=0.137 iv=0.400 μ=+0.054] ethusdt[σ=0.101 iv=0.533 μ=-0.026] top-raw-gap=-1.000 ()
02:33:30 INFO     src.poly_universe  Universe: 40 tradeable BTC/ETH markets (1 page(s), 40 BTC/ETH seen)
02:33:30 INFO     __main__  Universe refreshed: 40 markets
02:33:55 INFO     __main__  HEARTBEAT eval=0 signals=0 fills=0 arbs=0 arb-fills=0 no-spot=0 no-book=21680 warmup=0 markets=40 btcusdt[σ=0.098 iv=0.400 μ=-0.189] ethusdt[σ=0.087 iv=0.533 μ=+0.082] top-raw-gap=-1.000 ()
02:34:00 INFO     src.poly_universe  Universe: 40 tradeable BTC/ETH markets (1 page(s), 40 BTC/ETH seen)
02:34:00 INFO     __main__  Universe refreshed: 40 markets
02:34:25 INFO     __main__  HEARTBEAT eval=0 signals=0 fills=0 arbs=0 arb-fills=0 no-spot=0 no-book=20728 warmup=0 markets=40 btcusdt[σ=0.060 iv=0.399 μ=-0.080] ethusdt[σ=0.075 iv=0.533 μ=+0.056] top-raw-gap=-1.000 ()
02:34:30 INFO     src.poly_universe  Universe: 40 tradeable BTC/ETH markets (1 page(s), 40 BTC/ETH seen)
02:34:30 INFO     __main__  Universe refreshed: 40 markets
02:34:55 INFO     __main__  HEARTBEAT eval=0 signals=0 fills=0 arbs=0 arb-fills=0 no-spot=0 no-book=22304 warmup=0 markets=40 btcusdt[σ=0.081 iv=0.399 μ=-0.071] ethusdt[σ=0.100 iv=0.533 μ=-0.090] top-raw-gap=-1.000 ()
02:35:00 INFO     src.poly_universe  Universe: 40 tradeable BTC/ETH markets (1 page(s), 40 BTC/ETH seen)
02:35:00 INFO     __main__  Universe refreshed: 40 markets
02:35:25 INFO     __main__  HEARTBEAT eval=0 signals=0 fills=0 arbs=0 arb-fills=0 no-spot=0 no-book=21380 warmup=0 markets=40 btcusdt[σ=0.093 iv=0.399 μ=+0.119] ethusdt[σ=0.103 iv=0.533 μ=+0.084] top-raw-gap=-1.000 ()
02:35:30 INFO     src.poly_universe  Universe: 40 tradeable BTC/ETH markets (1 page(s), 40 BTC/ETH seen)
02:35:30 INFO     __main__  Universe refreshed: 40 markets
02:35:55 INFO     __main__  HEARTBEAT eval=0 signals=0 fills=0 arbs=0 arb-fills=0 no-spot=0 no-book=21876 warmup=0 markets=40 btcusdt[σ=0.083 iv=0.399 μ=-0.097] ethusdt[σ=0.096 iv=0.533 μ=+0.107] top-raw-gap=-1.000 ()
02:36:01 INFO     src.poly_universe  Universe: 40 tradeable BTC/ETH markets (1 page(s), 40 BTC/ETH seen)
02:36:01 INFO     __main__  Universe refreshed: 40 markets
02:36:25 INFO     __main__  HEARTBEAT eval=0 signals=0 fills=0 arbs=0 arb-fills=0 no-spot=0 no-book=19712 warmup=0 markets=40 btcusdt[σ=0.089 iv=0.398 μ=+0.156] ethusdt[σ=0.094 iv=0.534 μ=+0.071] top-raw-gap=-1.000 ()
02:36:31 INFO     src.poly_universe  Universe: 40 tradeable BTC/ETH markets (1 page(s), 40 BTC/ETH seen)
02:36:31 INFO     __main__  Universe refreshed: 40 markets
02:36:55 INFO     __main__  HEARTBEAT eval=0 signals=0 fills=0 arbs=0 arb-fills=0 no-spot=0 no-book=25696 warmup=0 markets=40 btcusdt[σ=0.103 iv=0.398 μ=+0.059] ethusdt[σ=0.167 iv=0.534 μ=+0.037] top-raw-gap=-1.000 ()
02:37:01 INFO     src.poly_universe  Universe: 40 tradeable BTC/ETH markets (1 page(s), 40 BTC/ETH seen)
02:37:01 INFO     __main__  Universe refreshed: 40 markets
02:37:26 INFO     __main__  HEARTBEAT eval=0 signals=0 fills=0 arbs=0 arb-fills=0 no-spot=0 no-book=27876 warmup=0 markets=40 btcusdt[σ=0.094 iv=0.398 μ=+0.092] ethusdt[σ=0.197 iv=0.535 μ=+0.150] top-raw-gap=-1.000 ()
02:37:31 INFO     src.poly_universe  Universe: 40 tradeable BTC/ETH markets (1 page(s), 40 BTC/ETH seen)
02:37:31 INFO     __main__  Universe refreshed: 40 markets
02:37:56 INFO     __main__  HEARTBEAT eval=0 signals=0 fills=0 arbs=0 arb-fills=0 no-spot=0 no-book=24204 warmup=0 markets=40 btcusdt[σ=0.208 iv=0.398 μ=+0.099] ethusdt[σ=0.291 iv=0.535 μ=+0.019] top-raw-gap=-1.000 ()
02:38:01 INFO     src.poly_universe  Universe: 40 tradeable BTC/ETH markets (1 page(s), 40 BTC/ETH seen)
02:38:01 INFO     __main__  Universe refreshed: 40 markets
02:38:26 INFO     __main__  HEARTBEAT eval=0 signals=0 fills=0 arbs=0 arb-fills=0 no-spot=63 no-book=8436 warmup=0 markets=40 btcusdt[σ=0.000 iv=0.398 μ=+0.000] ethusdt[σ=0.312 iv=0.515 μ=+0.051] top-raw-gap=-1.000 ()
02:38:31 WARNING  src.binance_ws  Binance WS closed (sent 1011 (internal error) keepalive ping timeout; no close frame received), reconnecting in 1.0s
02:38:31 INFO     src.poly_universe  Universe: 40 tradeable BTC/ETH markets (1 page(s), 40 BTC/ETH seen)
02:38:31 INFO     __main__  Universe refreshed: 40 markets
02:38:33 INFO     src.binance_ws  Binance WS connected: wss://stream.binance.com:443/stream?streams=btcusdt@bookTicker/btcusdt@aggTrade
02:38:56 INFO     __main__  HEARTBEAT eval=0 signals=0 fills=0 arbs=0 arb-fills=0 no-spot=168 no-book=27032 warmup=0 markets=40 btcusdt[σ=0.268 iv=0.398 μ=-0.127] ethusdt[σ=0.439 iv=0.515 μ=+0.097] top-raw-gap=-1.000 ()
02:39:01 INFO     src.poly_universe  Universe: 40 tradeable BTC/ETH markets (1 page(s), 40 BTC/ETH seen)
02:39:01 INFO     __main__  Universe refreshed: 40 markets
02:39:26 INFO     __main__  HEARTBEAT eval=0 signals=0 fills=0 arbs=0 arb-fills=0 no-spot=0 no-book=24452 warmup=0 markets=40 btcusdt[σ=0.192 iv=0.399 μ=-0.030] ethusdt[σ=0.304 iv=0.518 μ=+0.024] top-raw-gap=-1.000 ()
02:39:32 INFO     src.poly_universe  Universe: 40 tradeable BTC/ETH markets (1 page(s), 40 BTC/ETH seen)
02:39:32 INFO     __main__  Universe refreshed: 40 markets
02:39:56 INFO     __main__  HEARTBEAT eval=0 signals=0 fills=0 arbs=0 arb-fills=0 no-spot=0 no-book=23188 warmup=0 markets=40 btcusdt[σ=0.159 iv=0.399 μ=+0.024] ethusdt[σ=0.205 iv=0.518 μ=-0.077] top-raw-gap=-1.000 ()
02:40:02 INFO     src.poly_universe  Universe: 40 tradeable BTC/ETH markets (1 page(s), 40 BTC/ETH seen)
02:40:02 INFO     __main__  Universe refreshed: 40 markets
02:40:26 INFO     __main__  HEARTBEAT eval=0 signals=0 fills=0 arbs=0 arb-fills=0 no-spot=0 no-book=26240 warmup=0 markets=40 btcusdt[σ=0.129 iv=0.399 μ=-0.014] ethusdt[σ=0.150 iv=0.518 μ=-0.059] top-raw-gap=-1.000 ()
02:40:32 INFO     src.poly_universe  Universe: 40 tradeable BTC/ETH markets (1 page(s), 40 BTC/ETH seen)
02:40:32 INFO     __main__  Universe refreshed: 40 markets
02:40:56 INFO     __main__  HEARTBEAT eval=0 signals=0 fills=0 arbs=0 arb-fills=0 no-spot=0 no-book=27576 warmup=0 markets=40 btcusdt[σ=0.119 iv=0.399 μ=+0.154] ethusdt[σ=0.136 iv=0.518 μ=-0.016] top-raw-gap=-1.000 ()
02:41:02 INFO     src.poly_universe  Universe: 40 tradeable BTC/ETH markets (1 page(s), 40 BTC/ETH seen)
02:41:02 INFO     __main__  Universe refreshed: 40 markets
02:41:26 INFO     __main__  HEARTBEAT eval=0 signals=0 fills=0 arbs=0 arb-fills=0 no-spot=0 no-book=27512 warmup=0 markets=40 btcusdt[σ=0.119 iv=0.399 μ=-0.044] ethusdt[σ=0.128 iv=0.517 μ=+0.105] top-raw-gap=-1.000 ()
02:41:32 INFO     src.poly_universe  Universe: 40 tradeable BTC/ETH markets (1 page(s), 40 BTC/ETH seen)
02:41:32 INFO     __main__  Universe refreshed: 40 markets
02:41:56 INFO     __main__  HEARTBEAT eval=0 signals=0 fills=0 arbs=0 arb-fills=0 no-spot=0 no-book=22320 warmup=0 markets=40 btcusdt[σ=0.128 iv=0.399 μ=+0.086] ethusdt[σ=0.189 iv=0.517 μ=+0.028] top-raw-gap=-1.000 ()
02:42:02 INFO     src.poly_universe  Universe: 41 tradeable BTC/ETH markets (1 page(s), 41 BTC/ETH seen)
02:42:02 INFO     __main__  Universe refreshed: 41 markets
02:42:26 INFO     __main__  HEARTBEAT eval=0 signals=0 fills=0 arbs=0 arb-fills=0 no-spot=0 no-book=30071 warmup=0 markets=41 btcusdt[σ=0.111 iv=0.398 μ=-0.015] ethusdt[σ=0.142 iv=0.518 μ=+0.004] top-raw-gap=-1.000 ()
02:42:33 INFO     src.poly_universe  Universe: 54 tradeable BTC/ETH markets (1 page(s), 54 BTC/ETH seen)
02:42:33 INFO     __main__  Universe refreshed: 54 markets
02:42:56 INFO     __main__  HEARTBEAT eval=0 signals=0 fills=0 arbs=0 arb-fills=0 no-spot=0 no-book=27882 warmup=0 markets=54 btcusdt[σ=0.084 iv=0.398 μ=-0.184] ethusdt[σ=0.104 iv=0.518 μ=-0.088] top-raw-gap=-1.000 ()
02:43:03 INFO     src.poly_universe  Universe: 65 tradeable BTC/ETH markets (1 page(s), 65 BTC/ETH seen)
02:43:03 INFO     __main__  Universe refreshed: 65 markets
02:43:26 INFO     __main__  HEARTBEAT eval=0 signals=0 fills=0 arbs=0 arb-fills=0 no-spot=0 no-book=29710 warmup=0 markets=65 btcusdt[σ=0.067 iv=0.397 μ=+0.125] ethusdt[σ=0.083 iv=0.517 μ=+0.116] top-raw-gap=-1.000 ()
02:43:33 INFO     src.poly_universe  Universe: 68 tradeable BTC/ETH markets (1 page(s), 68 BTC/ETH seen)
02:43:33 INFO     __main__  Universe refreshed: 68 markets
02:43:56 INFO     __main__  HEARTBEAT eval=0 signals=0 fills=0 arbs=0 arb-fills=0 no-spot=0 no-book=32570 warmup=0 markets=68 btcusdt[σ=0.063 iv=0.397 μ=-0.047] ethusdt[σ=0.085 iv=0.517 μ=+0.004] top-raw-gap=-1.000 ()
02:44:03 INFO     src.poly_universe  Universe: 70 tradeable BTC/ETH markets (1 page(s), 70 BTC/ETH seen)
02:44:03 INFO     __main__  Universe refreshed: 70 markets
02:44:26 INFO     __main__  HEARTBEAT eval=0 signals=0 fills=0 arbs=0 arb-fills=0 no-spot=0 no-book=47241 warmup=0 markets=70 btcusdt[σ=0.050 iv=0.396 μ=-0.079] ethusdt[σ=0.086 iv=0.551 μ=-0.026] top-raw-gap=-1.000 ()
02:44:33 INFO     src.poly_universe  Universe: 64 tradeable BTC/ETH markets (1 page(s), 64 BTC/ETH seen)
02:44:33 INFO     __main__  Universe refreshed: 64 markets
02:44:56 INFO     __main__  HEARTBEAT eval=0 signals=0 fills=0 arbs=0 arb-fills=0 no-spot=0 no-book=40204 warmup=0 markets=64 btcusdt[σ=0.066 iv=0.396 μ=-0.101] ethusdt[σ=0.094 iv=0.551 μ=-0.115] top-raw-gap=-1.000 ()
02:45:03 INFO     src.poly_universe  Universe: 54 tradeable BTC/ETH markets (1 page(s), 54 BTC/ETH seen)
02:45:03 INFO     __main__  Universe refreshed: 54 markets
02:45:26 INFO     __main__  HEARTBEAT eval=0 signals=0 fills=0 arbs=0 arb-fills=0 no-spot=0 no-book=40994 warmup=0 markets=54 btcusdt[σ=0.106 iv=0.392 μ=-0.000] ethusdt[σ=0.124 iv=0.551 μ=+0.034] top-raw-gap=-1.000 ()
02:45:33 INFO     src.poly_universe  Universe: 45 tradeable BTC/ETH markets (1 page(s), 45 BTC/ETH seen)
02:45:33 INFO     __main__  Universe refreshed: 45 markets
02:45:57 INFO     __main__  HEARTBEAT eval=0 signals=0 fills=0 arbs=0 arb-fills=0 no-spot=0 no-book=35610 warmup=0 markets=45 btcusdt[σ=0.097 iv=0.392 μ=+0.136] ethusdt[σ=0.108 iv=0.551 μ=+0.088] top-raw-gap=-1.000 ()
02:46:04 INFO     src.poly_universe  Universe: 36 tradeable BTC/ETH markets (1 page(s), 36 BTC/ETH seen)
02:46:04 INFO     __main__  Universe refreshed: 36 markets
02:46:27 INFO     __main__  HEARTBEAT eval=0 signals=0 fills=0 arbs=0 arb-fills=0 no-spot=0 no-book=30130 warmup=0 markets=36 btcusdt[σ=0.080 iv=0.391 μ=-0.174] ethusdt[σ=0.100 iv=0.551 μ=-0.093] top-raw-gap=-1.000 ()
02:46:34 INFO     src.poly_universe  Universe: 32 tradeable BTC/ETH markets (1 page(s), 32 BTC/ETH seen)
02:46:34 INFO     __main__  Universe refreshed: 32 markets
02:46:57 INFO     __main__  HEARTBEAT eval=0 signals=0 fills=0 arbs=0 arb-fills=0 no-spot=0 no-book=25641 warmup=0 markets=32 btcusdt[σ=0.163 iv=0.391 μ=+0.161] ethusdt[σ=0.237 iv=0.551 μ=+0.095] top-raw-gap=-1.000 ()
02:47:04 INFO     src.poly_universe  Universe: 30 tradeable BTC/ETH markets (1 page(s), 30 BTC/ETH seen)
02:47:04 INFO     __main__  Universe refreshed: 30 markets
02:47:27 INFO     __main__  HEARTBEAT eval=0 signals=0 fills=0 arbs=0 arb-fills=0 no-spot=0 no-book=19714 warmup=0 markets=30 btcusdt[σ=0.116 iv=0.389 μ=-0.002] ethusdt[σ=0.173 iv=0.548 μ=-0.060] top-raw-gap=-1.000 ()
02:47:34 INFO     src.poly_universe  Universe: 24 tradeable BTC/ETH markets (1 page(s), 24 BTC/ETH seen)
02:47:34 INFO     __main__  Universe refreshed: 24 markets
02:47:57 INFO     __main__  HEARTBEAT eval=0 signals=0 fills=0 arbs=0 arb-fills=0 no-spot=0 no-book=12652 warmup=0 markets=24 btcusdt[σ=0.077 iv=0.389 μ=-0.138] ethusdt[σ=0.102 iv=0.548 μ=-0.033] top-raw-gap=-1.000 ()
02:48:04 INFO     src.poly_universe  Universe: 25 tradeable BTC/ETH markets (1 page(s), 25 BTC/ETH seen)
02:48:04 INFO     __main__  Universe refreshed: 25 markets
02:48:27 INFO     __main__  HEARTBEAT eval=0 signals=0 fills=0 arbs=0 arb-fills=0 no-spot=0 no-book=12882 warmup=0 markets=25 btcusdt[σ=0.077 iv=0.385 μ=-0.184] ethusdt[σ=0.088 iv=0.544 μ=-0.007] top-raw-gap=-1.000 ()
02:48:34 INFO     src.poly_universe  Universe: 24 tradeable BTC/ETH markets (1 page(s), 24 BTC/ETH seen)
02:48:34 INFO     __main__  Universe refreshed: 24 markets
02:48:57 INFO     __main__  HEARTBEAT eval=0 signals=0 fills=0 arbs=0 arb-fills=0 no-spot=0 no-book=14455 warmup=0 markets=24 btcusdt[σ=0.113 iv=0.385 μ=-0.063] ethusdt[σ=0.094 iv=0.544 μ=-0.075] top-raw-gap=-1.000 ()
02:49:04 INFO     src.poly_universe  Universe: 24 tradeable BTC/ETH markets (1 page(s), 24 BTC/ETH seen)
02:49:04 INFO     __main__  Universe refreshed: 24 markets
02:49:27 INFO     __main__  HEARTBEAT eval=0 signals=0 fills=0 arbs=0 arb-fills=0 no-spot=0 no-book=11287 warmup=0 markets=24 btcusdt[σ=0.082 iv=0.379 μ=-0.170] ethusdt[σ=0.067 iv=0.536 μ=+0.069] top-raw-gap=-1.000 ()
02:49:35 INFO     src.poly_universe  Universe: 25 tradeable BTC/ETH markets (1 page(s), 25 BTC/ETH seen)
02:49:35 INFO     __main__  Universe refreshed: 25 markets
02:49:57 INFO     __main__  HEARTBEAT eval=0 signals=0 fills=0 arbs=0 arb-fills=0 no-spot=0 no-book=10679 warmup=0 markets=25 btcusdt[σ=0.072 iv=0.379 μ=+0.096] ethusdt[σ=0.068 iv=0.536 μ=+0.075] top-raw-gap=-1.000 ()
02:50:05 INFO     src.poly_universe  Universe: 25 tradeable BTC/ETH markets (1 page(s), 25 BTC/ETH seen)
02:50:05 INFO     __main__  Universe refreshed: 25 markets
02:50:27 INFO     __main__  HEARTBEAT eval=0 signals=0 fills=0 arbs=0 arb-fills=0 no-spot=0 no-book=16709 warmup=0 markets=25 btcusdt[σ=0.091 iv=0.374 μ=-0.188] ethusdt[σ=0.104 iv=0.534 μ=-0.103] top-raw-gap=-1.000 ()
02:50:35 INFO     src.poly_universe  Universe: 25 tradeable BTC/ETH markets (1 page(s), 25 BTC/ETH seen)
02:50:35 INFO     __main__  Universe refreshed: 25 markets
02:50:57 INFO     __main__  HEARTBEAT eval=0 signals=0 fills=0 arbs=0 arb-fills=0 no-spot=0 no-book=16393 warmup=0 markets=25 btcusdt[σ=0.090 iv=0.374 μ=-0.075] ethusdt[σ=0.136 iv=0.534 μ=+0.019] top-raw-gap=-1.000 ()
02:51:05 INFO     src.poly_universe  Universe: 25 tradeable BTC/ETH markets (1 page(s), 25 BTC/ETH seen)
02:51:05 INFO     __main__  Universe refreshed: 25 markets
02:51:27 INFO     __main__  HEARTBEAT eval=0 signals=0 fills=0 arbs=0 arb-fills=0 no-spot=0 no-book=15723 warmup=0 markets=25 btcusdt[σ=0.073 iv=0.370 μ=+0.080] ethusdt[σ=0.108 iv=0.531 μ=+0.020] top-raw-gap=-1.000 ()
02:51:35 INFO     src.poly_universe  Universe: 25 tradeable BTC/ETH markets (1 page(s), 25 BTC/ETH seen)
02:51:35 INFO     __main__  Universe refreshed: 25 markets
02:51:58 INFO     __main__  HEARTBEAT eval=0 signals=0 fills=0 arbs=0 arb-fills=0 no-spot=0 no-book=14389 warmup=0 markets=25 btcusdt[σ=0.061 iv=0.370 μ=-0.152] ethusdt[σ=0.096 iv=0.531 μ=-0.121] top-raw-gap=-1.000 ()
02:52:05 INFO     src.poly_universe  Universe: 25 tradeable BTC/ETH markets (1 page(s), 25 BTC/ETH seen)
02:52:05 INFO     __main__  Universe refreshed: 25 markets
02:52:28 INFO     __main__  HEARTBEAT eval=0 signals=0 fills=0 arbs=0 arb-fills=0 no-spot=0 no-book=14327 warmup=0 markets=25 btcusdt[σ=0.107 iv=0.368 μ=+0.013] ethusdt[σ=0.107 iv=0.528 μ=+0.129] top-raw-gap=-1.000 ()
02:52:35 INFO     src.poly_universe  Universe: 25 tradeable BTC/ETH markets (1 page(s), 25 BTC/ETH seen)
02:52:35 INFO     __main__  Universe refreshed: 25 markets
02:52:58 INFO     __main__  HEARTBEAT eval=0 signals=0 fills=0 arbs=0 arb-fills=0 no-spot=0 no-book=12604 warmup=0 markets=25 btcusdt[σ=0.083 iv=0.368 μ=-0.069] ethusdt[σ=0.087 iv=0.528 μ=+0.141] top-raw-gap=-1.000 ()
02:53:06 INFO     src.poly_universe  Universe: 25 tradeable BTC/ETH markets (1 page(s), 25 BTC/ETH seen)
02:53:06 INFO     __main__  Universe refreshed: 25 markets
02:53:28 INFO     __main__  HEARTBEAT eval=0 signals=0 fills=0 arbs=0 arb-fills=0 no-spot=0 no-book=9455 warmup=0 markets=25 btcusdt[σ=0.075 iv=0.367 μ=+0.109] ethusdt[σ=0.073 iv=0.528 μ=+0.109] top-raw-gap=-1.000 ()
02:53:36 INFO     src.poly_universe  Universe: 24 tradeable BTC/ETH markets (1 page(s), 24 BTC/ETH seen)
02:53:36 INFO     __main__  Universe refreshed: 24 markets
02:53:58 INFO     __main__  HEARTBEAT eval=0 signals=0 fills=0 arbs=0 arb-fills=0 no-spot=0 no-book=11254 warmup=0 markets=24 btcusdt[σ=0.076 iv=0.367 μ=+0.148] ethusdt[σ=0.074 iv=0.528 μ=+0.108] top-raw-gap=-1.000 ()
02:54:06 INFO     src.poly_universe  Universe: 24 tradeable BTC/ETH markets (1 page(s), 24 BTC/ETH seen)
02:54:06 INFO     __main__  Universe refreshed: 24 markets
02:54:28 INFO     __main__  HEARTBEAT eval=0 signals=0 fills=0 arbs=0 arb-fills=0 no-spot=0 no-book=9441 warmup=0 markets=24 btcusdt[σ=0.057 iv=0.367 μ=+0.167] ethusdt[σ=0.067 iv=0.526 μ=+0.112] top-raw-gap=-1.000 ()
02:54:36 INFO     src.poly_universe  Universe: 24 tradeable BTC/ETH markets (1 page(s), 24 BTC/ETH seen)
02:54:36 INFO     __main__  Universe refreshed: 24 markets
02:54:58 INFO     __main__  HEARTBEAT eval=0 signals=0 fills=0 arbs=0 arb-fills=0 no-spot=0 no-book=10629 warmup=0 markets=24 btcusdt[σ=0.078 iv=0.367 μ=-0.031] ethusdt[σ=0.067 iv=0.526 μ=+0.045] top-raw-gap=-1.000 ()
02:55:06 INFO     src.poly_universe  Universe: 24 tradeable BTC/ETH markets (1 page(s), 24 BTC/ETH seen)
02:55:06 INFO     __main__  Universe refreshed: 24 markets
02:55:28 INFO     __main__  HEARTBEAT eval=0 signals=0 fills=0 arbs=0 arb-fills=0 no-spot=0 no-book=10805 warmup=0 markets=24 btcusdt[σ=0.068 iv=0.367 μ=+0.083] ethusdt[σ=0.085 iv=0.525 μ=+0.101] top-raw-gap=-1.000 ()
02:55:36 INFO     src.poly_universe  Universe: 24 tradeable BTC/ETH markets (1 page(s), 24 BTC/ETH seen)
02:55:36 INFO     __main__  Universe refreshed: 24 markets
02:55:58 INFO     __main__  HEARTBEAT eval=0 signals=0 fills=0 arbs=0 arb-fills=0 no-spot=0 no-book=15186 warmup=0 markets=24 btcusdt[σ=0.097 iv=0.367 μ=+0.176] ethusdt[σ=0.104 iv=0.525 μ=+0.061] top-raw-gap=-1.000 ()
02:56:06 INFO     src.poly_universe  Universe: 24 tradeable BTC/ETH markets (1 page(s), 24 BTC/ETH seen)
02:56:06 INFO     __main__  Universe refreshed: 24 markets
02:56:28 INFO     __main__  HEARTBEAT eval=0 signals=0 fills=0 arbs=0 arb-fills=0 no-spot=0 no-book=13618 warmup=0 markets=24 btcusdt[σ=0.065 iv=0.366 μ=-0.076] ethusdt[σ=0.099 iv=0.520 μ=+0.096] top-raw-gap=-1.000 ()
02:56:37 INFO     src.poly_universe  Universe: 24 tradeable BTC/ETH markets (1 page(s), 24 BTC/ETH seen)
02:56:37 INFO     __main__  Universe refreshed: 24 markets
02:56:58 INFO     __main__  HEARTBEAT eval=0 signals=0 fills=0 arbs=0 arb-fills=0 no-spot=0 no-book=9731 warmup=0 markets=24 btcusdt[σ=0.073 iv=0.366 μ=+0.147] ethusdt[σ=0.083 iv=0.520 μ=-0.084] top-raw-gap=-1.000 ()
02:57:07 INFO     src.poly_universe  Universe: 24 tradeable BTC/ETH markets (1 page(s), 24 BTC/ETH seen)
02:57:07 INFO     __main__  Universe refreshed: 24 markets
02:57:28 INFO     __main__  HEARTBEAT eval=0 signals=0 fills=0 arbs=0 arb-fills=0 no-spot=0 no-book=10695 warmup=0 markets=24 btcusdt[σ=0.062 iv=0.366 μ=+0.001] ethusdt[σ=0.068 iv=0.516 μ=+0.155] top-raw-gap=-1.000 ()
02:57:37 INFO     src.poly_universe  Universe: 24 tradeable BTC/ETH markets (1 page(s), 24 BTC/ETH seen)
02:57:37 INFO     __main__  Universe refreshed: 24 markets
02:57:58 INFO     __main__  HEARTBEAT eval=0 signals=0 fills=0 arbs=0 arb-fills=0 no-spot=0 no-book=11794 warmup=0 markets=24 btcusdt[σ=0.069 iv=0.366 μ=+0.119] ethusdt[σ=0.068 iv=0.516 μ=-0.050] top-raw-gap=-1.000 ()
02:58:07 INFO     src.poly_universe  Universe: 25 tradeable BTC/ETH markets (1 page(s), 25 BTC/ETH seen)
02:58:07 INFO     __main__  Universe refreshed: 25 markets
02:58:28 INFO     __main__  HEARTBEAT eval=0 signals=0 fills=0 arbs=0 arb-fills=0 no-spot=0 no-book=14656 warmup=0 markets=25 btcusdt[σ=0.133 iv=0.365 μ=+0.132] ethusdt[σ=0.135 iv=0.493 μ=+0.030] top-raw-gap=-1.000 ()
02:58:37 INFO     src.poly_universe  Universe: 25 tradeable BTC/ETH markets (1 page(s), 25 BTC/ETH seen)
02:58:37 INFO     __main__  Universe refreshed: 25 markets
02:58:58 INFO     __main__  HEARTBEAT eval=0 signals=0 fills=0 arbs=0 arb-fills=0 no-spot=0 no-book=12955 warmup=0 markets=25 btcusdt[σ=0.100 iv=0.365 μ=-0.167] ethusdt[σ=0.112 iv=0.493 μ=-0.076] top-raw-gap=-1.000 ()
02:59:07 INFO     src.poly_universe  Universe: 0 tradeable markets (1 page(s), 25 BTC/ETH seen) — pre-listed but not yet accepting orders, or outside window
02:59:07 INFO     __main__  Universe refreshed: 0 markets
02:59:38 INFO     src.poly_universe  Universe: 0 tradeable markets (1 page(s), 25 BTC/ETH seen) — pre-listed but not yet accepting orders, or outside window
02:59:38 INFO     __main__  Universe refreshed: 0 markets
03:00:08 INFO     src.poly_universe  Universe: 0 tradeable markets (1 page(s), 25 BTC/ETH seen) — pre-listed but not yet accepting orders, or outside window
03:00:08 INFO     __main__  Universe refreshed: 0 markets
03:00:38 INFO     src.poly_universe  Universe: 0 tradeable markets (1 page(s), 25 BTC/ETH seen) — pre-listed but not yet accepting orders, or outside window
03:00:38 INFO     __main__  Universe refreshed: 0 markets
03:01:08 INFO     src.poly_universe  Universe: 0 tradeable markets (1 page(s), 25 BTC/ETH seen) — pre-listed but not yet accepting orders, or outside window
03:01:08 INFO     __main__  Universe refreshed: 0 markets
03:01:38 INFO     src.poly_universe  Universe: 0 tradeable markets (1 page(s), 25 BTC/ETH seen) — pre-listed but not yet accepting orders, or outside window
03:01:38 INFO     __main__  Universe refreshed: 0 markets
03:02:08 INFO     src.poly_universe  Universe: 0 tradeable markets (1 page(s), 24 BTC/ETH seen) — pre-listed but not yet accepting orders, or outside window
03:02:08 INFO     __main__  Universe refreshed: 0 markets
03:02:39 INFO     src.poly_universe  Universe: 0 tradeable markets (1 page(s), 24 BTC/ETH seen) — pre-listed but not yet accepting orders, or outside window
03:02:39 INFO     __main__  Universe refreshed: 0 markets
03:03:09 INFO     src.poly_universe  Universe: 0 tradeable markets (1 page(s), 24 BTC/ETH seen) — pre-listed but not yet accepting orders, or outside window
03:03:09 INFO     __main__  Universe refreshed: 0 markets
03:03:39 INFO     src.poly_universe  Universe: 0 tradeable markets (1 page(s), 24 BTC/ETH seen) — pre-listed but not yet accepting orders, or outside window
03:03:39 INFO     __main__  Universe refreshed: 0 markets
03:04:09 INFO     src.poly_universe  Universe: 0 tradeable markets (1 page(s), 24 BTC/ETH seen) — pre-listed but not yet accepting orders, or outside window
03:04:09 INFO     __main__  Universe refreshed: 0 markets
03:04:39 INFO     src.poly_universe  Universe: 0 tradeable markets (1 page(s), 24 BTC/ETH seen) — pre-listed but not yet accepting orders, or outside window
03:04:39 INFO     __main__  Universe refreshed: 0 markets
03:05:09 INFO     src.poly_universe  Universe: 0 tradeable markets (1 page(s), 24 BTC/ETH seen) — pre-listed but not yet accepting orders, or outside window
03:05:09 INFO     __main__  Universe refreshed: 0 markets
03:05:40 INFO     src.poly_universe  Universe: 0 tradeable markets (1 page(s), 24 BTC/ETH seen) — pre-listed but not yet accepting orders, or outside window
03:05:40 INFO     __main__  Universe refreshed: 0 markets
03:06:10 INFO     src.poly_universe  Universe: 0 tradeable markets (1 page(s), 25 BTC/ETH seen) — pre-listed but not yet accepting orders, or outside window
03:06:10 INFO     __main__  Universe refreshed: 0 markets
03:06:40 INFO     src.poly_universe  Universe: 0 tradeable markets (1 page(s), 25 BTC/ETH seen) — pre-listed but not yet accepting orders, or outside window
03:06:40 INFO     __main__  Universe refreshed: 0 markets
03:07:10 INFO     src.poly_universe  Universe: 0 tradeable markets (1 page(s), 24 BTC/ETH seen) — pre-listed but not yet accepting orders, or outside window
03:07:10 INFO     __main__  Universe refreshed: 0 markets
03:07:40 INFO     src.poly_universe  Universe: 0 tradeable markets (1 page(s), 24 BTC/ETH seen) — pre-listed but not yet accepting orders, or outside window
03:07:40 INFO     __main__  Universe refreshed: 0 markets
03:08:10 INFO     src.poly_universe  Universe: 0 tradeable markets (1 page(s), 25 BTC/ETH seen) — pre-listed but not yet accepting orders, or outside window
03:08:10 INFO     __main__  Universe refreshed: 0 markets
03:08:40 INFO     src.poly_universe  Universe: 0 tradeable markets (1 page(s), 25 BTC/ETH seen) — pre-listed but not yet accepting orders, or outside window
03:08:40 INFO     __main__  Universe refreshed: 0 markets
03:09:11 INFO     src.poly_universe  Universe: 0 tradeable markets (1 page(s), 24 BTC/ETH seen) — pre-listed but not yet accepting orders, or outside window
03:09:11 INFO     __main__  Universe refreshed: 0 markets
03:09:41 INFO     src.poly_universe  Universe: 0 tradeable markets (1 page(s), 25 BTC/ETH seen) — pre-listed but not yet accepting orders, or outside window
03:09:41 INFO     __main__  Universe refreshed: 0 markets
03:10:11 INFO     src.poly_universe  Universe: 0 tradeable markets (1 page(s), 25 BTC/ETH seen) — pre-listed but not yet accepting orders, or outside window
03:10:11 INFO     __main__  Universe refreshed: 0 markets
03:10:41 INFO     src.poly_universe  Universe: 0 tradeable markets (1 page(s), 26 BTC/ETH seen) — pre-listed but not yet accepting orders, or outside window
03:10:41 INFO     __main__  Universe refreshed: 0 markets
03:11:11 INFO     src.poly_universe  Universe: 0 tradeable markets (1 page(s), 24 BTC/ETH seen) — pre-listed but not yet accepting orders, or outside window
03:11:11 INFO     __main__  Universe refreshed: 0 markets
03:11:41 INFO     src.poly_universe  Universe: 0 tradeable markets (1 page(s), 24 BTC/ETH seen) — pre-listed but not yet accepting orders, or outside window
03:11:41 INFO     __main__  Universe refreshed: 0 markets
03:12:11 INFO     src.poly_universe  Universe: 0 tradeable markets (1 page(s), 24 BTC/ETH seen) — pre-listed but not yet accepting orders, or outside window
03:12:11 INFO     __main__  Universe refreshed: 0 markets
03:12:42 INFO     src.poly_universe  Universe: 0 tradeable markets (1 page(s), 24 BTC/ETH seen) — pre-listed but not yet accepting orders, or outside window
03:12:42 INFO     __main__  Universe refreshed: 0 markets
03:13:12 INFO     src.poly_universe  Universe: 0 tradeable markets (1 page(s), 23 BTC/ETH seen) — pre-listed but not yet accepting orders, or outside window
03:13:12 INFO     __main__  Universe refreshed: 0 markets
03:13:42 INFO     src.poly_universe  Universe: 22 tradeable BTC/ETH markets (1 page(s), 22 BTC/ETH seen)
03:13:42 INFO     __main__  Universe refreshed: 22 markets
03:13:42 INFO     __main__  HEARTBEAT eval=0 signals=0 fills=0 arbs=0 arb-fills=0 no-spot=0 no-book=3642 warmup=0 markets=22 btcusdt[σ=0.097 iv=0.372 μ=-0.188] ethusdt[σ=0.070 iv=0.510 μ=-0.014] top-raw-gap=-1.000 ()
03:14:12 INFO     __main__  HEARTBEAT eval=0 signals=0 fills=0 arbs=0 arb-fills=0 no-spot=0 no-book=11085 warmup=0 markets=22 btcusdt[σ=0.117 iv=0.373 μ=+0.031] ethusdt[σ=0.086 iv=0.509 μ=+0.131] top-raw-gap=-1.000 ()
03:14:12 INFO     src.poly_universe  Universe: 22 tradeable BTC/ETH markets (1 page(s), 22 BTC/ETH seen)
03:14:12 INFO     __main__  Universe refreshed: 22 markets
03:14:42 INFO     __main__  HEARTBEAT eval=0 signals=0 fills=0 arbs=0 arb-fills=0 no-spot=0 no-book=11854 warmup=0 markets=22 btcusdt[σ=0.098 iv=0.373 μ=-0.120] ethusdt[σ=0.094 iv=0.509 μ=-0.058] top-raw-gap=-1.000 ()
03:14:42 INFO     src.poly_universe  Universe: 22 tradeable BTC/ETH markets (1 page(s), 22 BTC/ETH seen)
03:14:42 INFO     __main__  Universe refreshed: 22 markets
03:15:12 INFO     __main__  HEARTBEAT eval=0 signals=0 fills=0 arbs=0 arb-fills=0 no-spot=0 no-book=11528 warmup=0 markets=22 btcusdt[σ=0.094 iv=0.374 μ=+0.024] ethusdt[σ=0.089 iv=0.508 μ=+0.101] top-raw-gap=-1.000 ()
03:15:12 INFO     src.poly_universe  Universe: 22 tradeable BTC/ETH markets (1 page(s), 22 BTC/ETH seen)
03:15:12 INFO     __main__  Universe refreshed: 22 markets
03:15:42 INFO     __main__  HEARTBEAT eval=0 signals=0 fills=0 arbs=0 arb-fills=0 no-spot=0 no-book=11331 warmup=0 markets=22 btcusdt[σ=0.110 iv=0.374 μ=+0.137] ethusdt[σ=0.097 iv=0.508 μ=+0.043] top-raw-gap=-1.000 ()
03:15:42 INFO     src.poly_universe  Universe: 22 tradeable BTC/ETH markets (1 page(s), 22 BTC/ETH seen)
03:15:42 INFO     __main__  Universe refreshed: 22 markets
03:16:12 INFO     __main__  HEARTBEAT eval=0 signals=0 fills=0 arbs=0 arb-fills=0 no-spot=0 no-book=10782 warmup=0 markets=22 btcusdt[σ=0.091 iv=0.374 μ=+0.039] ethusdt[σ=0.119 iv=0.479 μ=-0.109] top-raw-gap=-1.000 ()
03:16:13 INFO     src.poly_universe  Universe: 22 tradeable BTC/ETH markets (1 page(s), 22 BTC/ETH seen)
03:16:13 INFO     __main__  Universe refreshed: 22 markets
03:16:42 INFO     __main__  HEARTBEAT eval=0 signals=0 fills=0 arbs=0 arb-fills=0 no-spot=0 no-book=11466 warmup=0 markets=22 btcusdt[σ=0.100 iv=0.374 μ=-0.087] ethusdt[σ=0.126 iv=0.479 μ=+0.036] top-raw-gap=-1.000 ()
03:16:43 INFO     src.poly_universe  Universe: 22 tradeable BTC/ETH markets (1 page(s), 22 BTC/ETH seen)
03:16:43 INFO     __main__  Universe refreshed: 22 markets
03:17:12 INFO     __main__  HEARTBEAT eval=0 signals=0 fills=0 arbs=0 arb-fills=0 no-spot=0 no-book=13739 warmup=0 markets=22 btcusdt[σ=0.100 iv=0.375 μ=+0.190] ethusdt[σ=0.114 iv=0.477 μ=+0.191] top-raw-gap=-1.000 ()
03:17:13 INFO     src.poly_universe  Universe: 22 tradeable BTC/ETH markets (1 page(s), 22 BTC/ETH seen)
03:17:13 INFO     __main__  Universe refreshed: 22 markets
03:17:42 INFO     __main__  HEARTBEAT eval=0 signals=0 fills=0 arbs=0 arb-fills=0 no-spot=0 no-book=11627 warmup=0 markets=22 btcusdt[σ=0.078 iv=0.375 μ=-0.016] ethusdt[σ=0.098 iv=0.477 μ=-0.075] top-raw-gap=-1.000 ()
03:17:43 INFO     src.poly_universe  Universe: 22 tradeable BTC/ETH markets (1 page(s), 22 BTC/ETH seen)
03:17:43 INFO     __main__  Universe refreshed: 22 markets
03:18:12 INFO     __main__  HEARTBEAT eval=0 signals=0 fills=0 arbs=0 arb-fills=0 no-spot=0 no-book=15285 warmup=0 markets=22 btcusdt[σ=0.118 iv=0.360 μ=+0.072] ethusdt[σ=0.142 iv=0.475 μ=+0.041] top-raw-gap=-1.000 ()
03:18:13 INFO     src.poly_universe  Universe: 22 tradeable BTC/ETH markets (1 page(s), 22 BTC/ETH seen)
03:18:13 INFO     __main__  Universe refreshed: 22 markets
03:18:42 INFO     __main__  HEARTBEAT eval=0 signals=0 fills=0 arbs=0 arb-fills=0 no-spot=0 no-book=11527 warmup=0 markets=22 btcusdt[σ=0.215 iv=0.360 μ=+0.116] ethusdt[σ=0.211 iv=0.475 μ=+0.042] top-raw-gap=-1.000 ()
03:18:43 INFO     src.poly_universe  Universe: 22 tradeable BTC/ETH markets (1 page(s), 22 BTC/ETH seen)
03:18:43 INFO     __main__  Universe refreshed: 22 markets
03:19:12 INFO     __main__  HEARTBEAT eval=0 signals=0 fills=0 arbs=0 arb-fills=0 no-spot=0 no-book=23133 warmup=0 markets=22 btcusdt[σ=0.177 iv=0.360 μ=-0.003] ethusdt[σ=0.160 iv=0.472 μ=-0.125] top-raw-gap=-1.000 ()
03:19:13 INFO     src.poly_universe  Universe: 22 tradeable BTC/ETH markets (1 page(s), 22 BTC/ETH seen)
03:19:13 INFO     __main__  Universe refreshed: 22 markets
03:19:42 INFO     __main__  HEARTBEAT eval=0 signals=0 fills=0 arbs=0 arb-fills=0 no-spot=0 no-book=14836 warmup=0 markets=22 btcusdt[σ=0.129 iv=0.360 μ=-0.150] ethusdt[σ=0.143 iv=0.472 μ=-0.168] top-raw-gap=-1.000 ()
03:19:44 INFO     src.poly_universe  Universe: 22 tradeable BTC/ETH markets (1 page(s), 22 BTC/ETH seen)
03:19:44 INFO     __main__  Universe refreshed: 22 markets
03:20:12 INFO     __main__  HEARTBEAT eval=0 signals=0 fills=0 arbs=0 arb-fills=0 no-spot=0 no-book=16544 warmup=0 markets=22 btcusdt[σ=0.135 iv=0.361 μ=+0.164] ethusdt[σ=0.148 iv=0.472 μ=-0.125] top-raw-gap=-1.000 ()
03:20:14 INFO     src.poly_universe  Universe: 22 tradeable BTC/ETH markets (1 page(s), 22 BTC/ETH seen)
03:20:14 INFO     __main__  Universe refreshed: 22 markets
03:20:42 INFO     __main__  HEARTBEAT eval=0 signals=0 fills=0 arbs=0 arb-fills=0 no-spot=0 no-book=15089 warmup=0 markets=22 btcusdt[σ=0.118 iv=0.361 μ=-0.011] ethusdt[σ=0.155 iv=0.472 μ=+0.062] top-raw-gap=-1.000 ()
03:20:44 INFO     src.poly_universe  Universe: 22 tradeable BTC/ETH markets (1 page(s), 22 BTC/ETH seen)
03:20:44 INFO     __main__  Universe refreshed: 22 markets
03:21:12 INFO     __main__  HEARTBEAT eval=0 signals=0 fills=0 arbs=0 arb-fills=0 no-spot=0 no-book=12771 warmup=0 markets=22 btcusdt[σ=0.106 iv=0.361 μ=-0.065] ethusdt[σ=0.110 iv=0.472 μ=-0.096] top-raw-gap=-1.000 ()
03:21:14 INFO     src.poly_universe  Universe: 22 tradeable BTC/ETH markets (1 page(s), 22 BTC/ETH seen)
03:21:14 INFO     __main__  Universe refreshed: 22 markets
03:21:42 INFO     __main__  HEARTBEAT eval=0 signals=0 fills=0 arbs=0 arb-fills=0 no-spot=0 no-book=13952 warmup=0 markets=22 btcusdt[σ=0.077 iv=0.361 μ=-0.087] ethusdt[σ=0.101 iv=0.472 μ=+0.001] top-raw-gap=-1.000 ()
03:21:44 INFO     src.poly_universe  Universe: 22 tradeable BTC/ETH markets (1 page(s), 22 BTC/ETH seen)
03:21:44 INFO     __main__  Universe refreshed: 22 markets
03:22:12 INFO     __main__  HEARTBEAT eval=0 signals=0 fills=0 arbs=0 arb-fills=0 no-spot=0 no-book=12164 warmup=0 markets=22 btcusdt[σ=0.113 iv=0.361 μ=+0.139] ethusdt[σ=0.109 iv=0.472 μ=-0.016] top-raw-gap=-1.000 ()
03:22:14 INFO     src.poly_universe  Universe: 22 tradeable BTC/ETH markets (1 page(s), 22 BTC/ETH seen)
03:22:14 INFO     __main__  Universe refreshed: 22 markets
03:22:42 INFO     __main__  HEARTBEAT eval=0 signals=0 fills=0 arbs=0 arb-fills=0 no-spot=0 no-book=20888 warmup=0 markets=22 btcusdt[σ=0.144 iv=0.361 μ=+0.145] ethusdt[σ=0.131 iv=0.472 μ=+0.097] top-raw-gap=-1.000 ()
03:22:45 INFO     src.poly_universe  Universe: 22 tradeable BTC/ETH markets (1 page(s), 22 BTC/ETH seen)
03:22:45 INFO     __main__  Universe refreshed: 22 markets
03:23:12 INFO     __main__  HEARTBEAT eval=0 signals=0 fills=0 arbs=0 arb-fills=0 no-spot=0 no-book=18138 warmup=0 markets=22 btcusdt[σ=0.137 iv=0.361 μ=+0.122] ethusdt[σ=0.137 iv=0.472 μ=+0.097] top-raw-gap=-1.000 ()
03:23:15 INFO     src.poly_universe  Universe: 22 tradeable BTC/ETH markets (1 page(s), 22 BTC/ETH seen)
03:23:15 INFO     __main__  Universe refreshed: 22 markets
03:23:42 INFO     __main__  HEARTBEAT eval=0 signals=0 fills=0 arbs=0 arb-fills=0 no-spot=0 no-book=20039 warmup=0 markets=22 btcusdt[σ=0.142 iv=0.361 μ=+0.006] ethusdt[σ=0.147 iv=0.472 μ=+0.052] top-raw-gap=-1.000 ()
03:23:45 INFO     src.poly_universe  Universe: 22 tradeable BTC/ETH markets (1 page(s), 22 BTC/ETH seen)
03:23:45 INFO     __main__  Universe refreshed: 22 markets
03:24:11 WARNING  src.binance_ws  Binance WS closed (sent 1011 (internal error) keepalive ping timeout; no close frame received), reconnecting in 1.0s
03:24:12 INFO     __main__  HEARTBEAT eval=0 signals=0 fills=0 arbs=0 arb-fills=0 no-spot=100 no-book=3673 warmup=0 markets=22 btcusdt[σ=0.713 iv=0.364 μ=+0.047] ethusdt[σ=0.000 iv=0.473 μ=+0.000] top-raw-gap=-1.000 ()
03:24:13 INFO     src.binance_ws  Binance WS connected: wss://stream.binance.com:443/stream?streams=ethusdt@bookTicker/ethusdt@aggTrade
03:24:15 INFO     src.poly_universe  Universe: 22 tradeable BTC/ETH markets (1 page(s), 22 BTC/ETH seen)
03:24:15 INFO     __main__  Universe refreshed: 22 markets
03:24:43 INFO     __main__  HEARTBEAT eval=0 signals=0 fills=0 arbs=0 arb-fills=0 no-spot=10 no-book=24098 warmup=0 markets=22 btcusdt[σ=0.454 iv=0.364 μ=-0.123] ethusdt[σ=0.625 iv=0.473 μ=-0.105] top-raw-gap=-1.000 ()
03:24:45 INFO     src.poly_universe  Universe: 22 tradeable BTC/ETH markets (1 page(s), 22 BTC/ETH seen)
03:24:45 INFO     __main__  Universe refreshed: 22 markets
03:25:13 INFO     __main__  HEARTBEAT eval=0 signals=0 fills=0 arbs=0 arb-fills=0 no-spot=0 no-book=20030 warmup=0 markets=22 btcusdt[σ=0.323 iv=0.365 μ=+0.104] ethusdt[σ=0.423 iv=0.473 μ=+0.079] top-raw-gap=-1.000 ()
03:25:15 INFO     src.poly_universe  Universe: 22 tradeable BTC/ETH markets (1 page(s), 22 BTC/ETH seen)
03:25:15 INFO     __main__  Universe refreshed: 22 markets
03:25:43 INFO     __main__  HEARTBEAT eval=0 signals=0 fills=0 arbs=0 arb-fills=0 no-spot=0 no-book=20388 warmup=0 markets=22 btcusdt[σ=0.311 iv=0.365 μ=+0.101] ethusdt[σ=0.342 iv=0.473 μ=+0.055] top-raw-gap=-1.000 ()
03:25:45 INFO     src.poly_universe  Universe: 22 tradeable BTC/ETH markets (1 page(s), 22 BTC/ETH seen)
03:25:45 INFO     __main__  Universe refreshed: 22 markets
03:26:13 INFO     __main__  HEARTBEAT eval=0 signals=0 fills=0 arbs=0 arb-fills=0 no-spot=0 no-book=20568 warmup=0 markets=22 btcusdt[σ=0.426 iv=0.371 μ=+0.066] ethusdt[σ=0.409 iv=0.474 μ=-0.042] top-raw-gap=-1.000 ()
03:26:16 INFO     src.poly_universe  Universe: 22 tradeable BTC/ETH markets (1 page(s), 22 BTC/ETH seen)
03:26:16 INFO     __main__  Universe refreshed: 22 markets
03:26:43 INFO     __main__  HEARTBEAT eval=0 signals=0 fills=0 arbs=0 arb-fills=0 no-spot=0 no-book=4068 warmup=0 markets=22 btcusdt[σ=0.908 iv=0.371 μ=+0.090] ethusdt[σ=1.714 iv=0.474 μ=+0.125] top-raw-gap=-1.000 ()
03:26:46 INFO     src.poly_universe  Universe: 22 tradeable BTC/ETH markets (1 page(s), 22 BTC/ETH seen)
03:26:46 INFO     __main__  Universe refreshed: 22 markets
03:26:53 WARNING  src.binance_ws  Binance WS closed (sent 1011 (internal error) keepalive ping timeout; no close frame received), reconnecting in 1.0s
03:26:55 INFO     src.binance_ws  Binance WS connected: wss://stream.binance.com:443/stream?streams=ethusdt@bookTicker/ethusdt@aggTrade
03:27:13 INFO     __main__  HEARTBEAT eval=0 signals=0 fills=0 arbs=0 arb-fills=0 no-spot=100 no-book=20452 warmup=0 markets=22 btcusdt[σ=0.613 iv=0.365 μ=+0.052] ethusdt[σ=1.246 iv=0.494 μ=+0.040] top-raw-gap=-1.000 ()
03:27:16 INFO     src.poly_universe  Universe: 22 tradeable BTC/ETH markets (1 page(s), 22 BTC/ETH seen)
03:27:16 INFO     __main__  Universe refreshed: 22 markets
03:27:43 INFO     __main__  HEARTBEAT eval=0 signals=0 fills=0 arbs=0 arb-fills=0 no-spot=0 no-book=8314 warmup=0 markets=22 btcusdt[σ=0.419 iv=0.365 μ=-0.084] ethusdt[σ=0.807 iv=0.494 μ=-0.043] top-raw-gap=-1.000 ()
03:27:46 INFO     src.poly_universe  Universe: 22 tradeable BTC/ETH markets (1 page(s), 22 BTC/ETH seen)
03:27:46 INFO     __main__  Universe refreshed: 22 markets
03:27:50 WARNING  src.binance_ws  Binance WS closed (sent 1011 (internal error) keepalive ping timeout; no close frame received), reconnecting in 1.0s
03:27:52 INFO     src.binance_ws  Binance WS connected: wss://stream.binance.com:443/stream?streams=btcusdt@bookTicker/btcusdt@aggTrade
03:28:13 INFO     __main__  HEARTBEAT eval=0 signals=0 fills=0 arbs=0 arb-fills=0 no-spot=84 no-book=24390 warmup=0 markets=22 btcusdt[σ=0.612 iv=0.367 μ=-0.049] ethusdt[σ=0.541 iv=0.490 μ=+0.016] top-raw-gap=-1.000 ()
03:28:16 INFO     src.poly_universe  Universe: 22 tradeable BTC/ETH markets (1 page(s), 22 BTC/ETH seen)
03:28:16 INFO     __main__  Universe refreshed: 22 markets
03:28:43 INFO     __main__  HEARTBEAT eval=0 signals=0 fills=0 arbs=0 arb-fills=0 no-spot=0 no-book=18922 warmup=0 markets=22 btcusdt[σ=0.397 iv=0.367 μ=-0.096] ethusdt[σ=0.374 iv=0.490 μ=+0.004] top-raw-gap=-1.000 ()
03:28:46 INFO     src.poly_universe  Universe: 22 tradeable BTC/ETH markets (1 page(s), 22 BTC/ETH seen)
03:28:46 INFO     __main__  Universe refreshed: 22 markets
03:29:13 INFO     __main__  HEARTBEAT eval=0 signals=0 fills=0 arbs=0 arb-fills=0 no-spot=0 no-book=23250 warmup=0 markets=22 btcusdt[σ=0.283 iv=0.367 μ=-0.035] ethusdt[σ=0.290 iv=0.497 μ=-0.064] top-raw-gap=-1.000 ()
03:29:16 INFO     src.poly_universe  Universe: 22 tradeable BTC/ETH markets (1 page(s), 22 BTC/ETH seen)
03:29:16 INFO     __main__  Universe refreshed: 22 markets
03:29:43 INFO     __main__  HEARTBEAT eval=0 signals=0 fills=0 arbs=0 arb-fills=0 no-spot=0 no-book=22420 warmup=0 markets=22 btcusdt[σ=0.192 iv=0.367 μ=-0.059] ethusdt[σ=0.224 iv=0.497 μ=-0.019] top-raw-gap=-1.000 ()
03:29:47 INFO     src.poly_universe  Universe: 22 tradeable BTC/ETH markets (1 page(s), 22 BTC/ETH seen)
03:29:47 INFO     __main__  Universe refreshed: 22 markets
03:30:13 INFO     __main__  HEARTBEAT eval=0 signals=0 fills=0 arbs=0 arb-fills=0 no-spot=0 no-book=21426 warmup=0 markets=22 btcusdt[σ=0.239 iv=0.367 μ=+0.082] ethusdt[σ=0.267 iv=0.473 μ=-0.037] top-raw-gap=-1.000 ()
03:30:17 INFO     src.poly_universe  Universe: 22 tradeable BTC/ETH markets (1 page(s), 22 BTC/ETH seen)
03:30:17 INFO     __main__  Universe refreshed: 22 markets
03:30:43 INFO     __main__  HEARTBEAT eval=0 signals=0 fills=0 arbs=0 arb-fills=0 no-spot=0 no-book=24334 warmup=0 markets=22 btcusdt[σ=0.194 iv=0.367 μ=-0.078] ethusdt[σ=0.236 iv=0.473 μ=+0.026] top-raw-gap=-1.000 ()
03:30:47 INFO     src.poly_universe  Universe: 22 tradeable BTC/ETH markets (1 page(s), 22 BTC/ETH seen)
03:30:47 INFO     __main__  Universe refreshed: 22 markets
03:31:14 INFO     __main__  HEARTBEAT eval=0 signals=0 fills=0 arbs=0 arb-fills=0 no-spot=0 no-book=21420 warmup=0 markets=22 btcusdt[σ=0.166 iv=0.368 μ=+0.011] ethusdt[σ=0.254 iv=0.482 μ=+0.053] top-raw-gap=-1.000 ()
03:31:17 INFO     src.poly_universe  Universe: 22 tradeable BTC/ETH markets (1 page(s), 22 BTC/ETH seen)
03:31:17 INFO     __main__  Universe refreshed: 22 markets
03:31:44 INFO     __main__  HEARTBEAT eval=0 signals=0 fills=0 arbs=0 arb-fills=0 no-spot=0 no-book=22316 warmup=0 markets=22 btcusdt[σ=0.310 iv=0.368 μ=+0.053] ethusdt[σ=0.333 iv=0.482 μ=-0.069] top-raw-gap=-1.000 ()
03:31:47 INFO     src.poly_universe  Universe: 22 tradeable BTC/ETH markets (1 page(s), 22 BTC/ETH seen)
03:31:47 INFO     __main__  Universe refreshed: 22 markets
03:32:14 INFO     __main__  HEARTBEAT eval=0 signals=0 fills=0 arbs=0 arb-fills=0 no-spot=0 no-book=22832 warmup=0 markets=22 btcusdt[σ=0.224 iv=0.370 μ=-0.081] ethusdt[σ=0.275 iv=0.495 μ=-0.048] top-raw-gap=-1.000 ()
03:32:18 INFO     src.poly_universe  Universe: 22 tradeable BTC/ETH markets (1 page(s), 22 BTC/ETH seen)
03:32:18 INFO     __main__  Universe refreshed: 22 markets
03:32:44 INFO     __main__  HEARTBEAT eval=0 signals=0 fills=0 arbs=0 arb-fills=0 no-spot=0 no-book=21802 warmup=0 markets=22 btcusdt[σ=0.351 iv=0.370 μ=-0.180] ethusdt[σ=0.233 iv=0.495 μ=+0.020] top-raw-gap=-1.000 ()
03:32:48 INFO     src.poly_universe  Universe: 22 tradeable BTC/ETH markets (1 page(s), 22 BTC/ETH seen)
03:32:48 INFO     __main__  Universe refreshed: 22 markets
03:33:14 INFO     __main__  HEARTBEAT eval=0 signals=0 fills=0 arbs=0 arb-fills=0 no-spot=0 no-book=21008 warmup=0 markets=22 btcusdt[σ=0.225 iv=0.399 μ=-0.075] ethusdt[σ=0.193 iv=0.494 μ=-0.136] top-raw-gap=-1.000 ()
03:33:18 INFO     src.poly_universe  Universe: 22 tradeable BTC/ETH markets (1 page(s), 22 BTC/ETH seen)
03:33:18 INFO     __main__  Universe refreshed: 22 markets
03:33:44 INFO     __main__  HEARTBEAT eval=0 signals=0 fills=0 arbs=0 arb-fills=0 no-spot=0 no-book=18942 warmup=0 markets=22 btcusdt[σ=0.173 iv=0.399 μ=-0.055] ethusdt[σ=0.188 iv=0.494 μ=-0.098] top-raw-gap=-1.000 ()
03:33:48 INFO     src.poly_universe  Universe: 22 tradeable BTC/ETH markets (1 page(s), 22 BTC/ETH seen)
03:33:48 INFO     __main__  Universe refreshed: 22 markets
03:34:14 INFO     __main__  HEARTBEAT eval=0 signals=0 fills=0 arbs=0 arb-fills=0 no-spot=0 no-book=18188 warmup=0 markets=22 btcusdt[σ=0.159 iv=0.399 μ=-0.115] ethusdt[σ=0.189 iv=0.494 μ=-0.020] top-raw-gap=-1.000 ()
03:34:18 INFO     src.poly_universe  Universe: 22 tradeable BTC/ETH markets (1 page(s), 22 BTC/ETH seen)
03:34:18 INFO     __main__  Universe refreshed: 22 markets
03:34:44 INFO     __main__  HEARTBEAT eval=0 signals=0 fills=0 arbs=0 arb-fills=0 no-spot=0 no-book=20286 warmup=0 markets=22 btcusdt[σ=0.167 iv=0.399 μ=-0.090] ethusdt[σ=0.181 iv=0.494 μ=-0.019] top-raw-gap=-1.000 ()
03:34:48 INFO     src.poly_universe  Universe: 22 tradeable BTC/ETH markets (1 page(s), 22 BTC/ETH seen)
03:34:48 INFO     __main__  Universe refreshed: 22 markets
03:35:14 INFO     __main__  HEARTBEAT eval=0 signals=0 fills=0 arbs=0 arb-fills=0 no-spot=0 no-book=19811 warmup=0 markets=22 btcusdt[σ=0.167 iv=0.398 μ=-0.035] ethusdt[σ=0.178 iv=0.493 μ=+0.095] top-raw-gap=-1.000 ()
03:35:18 INFO     src.poly_universe  Universe: 22 tradeable BTC/ETH markets (1 page(s), 22 BTC/ETH seen)
03:35:18 INFO     __main__  Universe refreshed: 22 markets
03:35:44 INFO     __main__  HEARTBEAT eval=0 signals=0 fills=0 arbs=0 arb-fills=0 no-spot=0 no-book=17715 warmup=0 markets=22 btcusdt[σ=0.130 iv=0.398 μ=-0.076] ethusdt[σ=0.153 iv=0.493 μ=-0.017] top-raw-gap=-1.000 ()
03:35:49 INFO     src.poly_universe  Universe: 22 tradeable BTC/ETH markets (1 page(s), 22 BTC/ETH seen)
03:35:49 INFO     __main__  Universe refreshed: 22 markets
03:36:14 INFO     __main__  HEARTBEAT eval=0 signals=0 fills=0 arbs=0 arb-fills=0 no-spot=0 no-book=19841 warmup=0 markets=22 btcusdt[σ=0.136 iv=0.397 μ=-0.053] ethusdt[σ=0.157 iv=0.493 μ=-0.067] top-raw-gap=-1.000 ()
03:36:19 INFO     src.poly_universe  Universe: 22 tradeable BTC/ETH markets (1 page(s), 22 BTC/ETH seen)
03:36:19 INFO     __main__  Universe refreshed: 22 markets
03:36:44 INFO     __main__  HEARTBEAT eval=0 signals=0 fills=0 arbs=0 arb-fills=0 no-spot=0 no-book=19420 warmup=0 markets=22 btcusdt[σ=0.128 iv=0.397 μ=-0.030] ethusdt[σ=0.227 iv=0.493 μ=+0.130] top-raw-gap=-1.000 ()
03:36:49 INFO     src.poly_universe  Universe: 22 tradeable BTC/ETH markets (1 page(s), 22 BTC/ETH seen)
03:36:49 INFO     __main__  Universe refreshed: 22 markets
03:37:14 INFO     __main__  HEARTBEAT eval=0 signals=0 fills=0 arbs=0 arb-fills=0 no-spot=0 no-book=19467 warmup=0 markets=22 btcusdt[σ=0.143 iv=0.396 μ=-0.009] ethusdt[σ=0.161 iv=0.493 μ=+0.068] top-raw-gap=-1.000 ()
03:37:19 INFO     src.poly_universe  Universe: 22 tradeable BTC/ETH markets (1 page(s), 22 BTC/ETH seen)
03:37:19 INFO     __main__  Universe refreshed: 22 markets
03:37:44 INFO     __main__  HEARTBEAT eval=0 signals=0 fills=0 arbs=0 arb-fills=0 no-spot=0 no-book=17859 warmup=0 markets=22 btcusdt[σ=0.115 iv=0.396 μ=-0.014] ethusdt[σ=0.127 iv=0.493 μ=+0.173] top-raw-gap=-1.000 ()
03:37:49 INFO     src.poly_universe  Universe: 22 tradeable BTC/ETH markets (1 page(s), 22 BTC/ETH seen)
03:37:49 INFO     __main__  Universe refreshed: 22 markets
03:38:14 INFO     __main__  HEARTBEAT eval=0 signals=0 fills=0 arbs=0 arb-fills=0 no-spot=0 no-book=16118 warmup=0 markets=22 btcusdt[σ=0.126 iv=0.395 μ=+0.089] ethusdt[σ=0.126 iv=0.492 μ=+0.102] top-raw-gap=-1.000 ()
03:38:20 INFO     src.poly_universe  Universe: 22 tradeable BTC/ETH markets (1 page(s), 22 BTC/ETH seen)
03:38:20 INFO     __main__  Universe refreshed: 22 markets
03:38:44 INFO     __main__  HEARTBEAT eval=0 signals=0 fills=0 arbs=0 arb-fills=0 no-spot=0 no-book=14014 warmup=0 markets=22 btcusdt[σ=0.105 iv=0.395 μ=+0.019] ethusdt[σ=0.099 iv=0.492 μ=+0.148] top-raw-gap=-1.000 ()
03:38:50 INFO     src.poly_universe  Universe: 22 tradeable BTC/ETH markets (1 page(s), 22 BTC/ETH seen)
03:38:50 INFO     __main__  Universe refreshed: 22 markets
03:39:14 INFO     __main__  HEARTBEAT eval=0 signals=0 fills=0 arbs=0 arb-fills=0 no-spot=0 no-book=16686 warmup=0 markets=22 btcusdt[σ=0.107 iv=0.394 μ=+0.095] ethusdt[σ=0.174 iv=0.492 μ=+0.125] top-raw-gap=-1.000 ()
03:39:20 INFO     src.poly_universe  Universe: 22 tradeable BTC/ETH markets (1 page(s), 22 BTC/ETH seen)
03:39:20 INFO     __main__  Universe refreshed: 22 markets
03:39:44 INFO     __main__  HEARTBEAT eval=0 signals=0 fills=0 arbs=0 arb-fills=0 no-spot=0 no-book=17822 warmup=0 markets=22 btcusdt[σ=0.122 iv=0.394 μ=+0.051] ethusdt[σ=0.152 iv=0.492 μ=+0.127] top-raw-gap=-1.000 ()
03:39:50 INFO     src.poly_universe  Universe: 22 tradeable BTC/ETH markets (1 page(s), 22 BTC/ETH seen)
03:39:50 INFO     __main__  Universe refreshed: 22 markets
03:40:14 INFO     __main__  HEARTBEAT eval=0 signals=0 fills=0 arbs=0 arb-fills=0 no-spot=0 no-book=14658 warmup=0 markets=22 btcusdt[σ=0.101 iv=0.394 μ=+0.089] ethusdt[σ=0.139 iv=0.492 μ=+0.125] top-raw-gap=-1.000 ()
03:40:20 INFO     src.poly_universe  Universe: 22 tradeable BTC/ETH markets (1 page(s), 22 BTC/ETH seen)
03:40:20 INFO     __main__  Universe refreshed: 22 markets
03:40:44 INFO     __main__  HEARTBEAT eval=0 signals=0 fills=0 arbs=0 arb-fills=0 no-spot=0 no-book=17792 warmup=0 markets=22 btcusdt[σ=0.088 iv=0.394 μ=+0.110] ethusdt[σ=0.121 iv=0.492 μ=+0.072] top-raw-gap=-1.000 ()
03:40:50 INFO     src.poly_universe  Universe: 22 tradeable BTC/ETH markets (1 page(s), 22 BTC/ETH seen)
03:40:50 INFO     __main__  Universe refreshed: 22 markets
03:41:14 INFO     __main__  HEARTBEAT eval=0 signals=0 fills=0 arbs=0 arb-fills=0 no-spot=0 no-book=19650 warmup=0 markets=22 btcusdt[σ=0.097 iv=0.371 μ=+0.119] ethusdt[σ=0.114 iv=0.492 μ=+0.012] top-raw-gap=-1.000 ()
03:41:21 INFO     src.poly_universe  Universe: 22 tradeable BTC/ETH markets (1 page(s), 22 BTC/ETH seen)
03:41:21 INFO     __main__  Universe refreshed: 22 markets
03:41:44 INFO     __main__  HEARTBEAT eval=0 signals=0 fills=0 arbs=0 arb-fills=0 no-spot=0 no-book=17880 warmup=0 markets=22 btcusdt[σ=0.129 iv=0.371 μ=+0.053] ethusdt[σ=0.131 iv=0.492 μ=-0.081] top-raw-gap=-1.000 ()
03:41:51 INFO     src.poly_universe  Universe: 22 tradeable BTC/ETH markets (1 page(s), 22 BTC/ETH seen)
03:41:51 INFO     __main__  Universe refreshed: 22 markets
03:42:14 INFO     __main__  HEARTBEAT eval=0 signals=0 fills=0 arbs=0 arb-fills=0 no-spot=0 no-book=14382 warmup=0 markets=22 btcusdt[σ=0.122 iv=0.371 μ=-0.138] ethusdt[σ=0.115 iv=0.492 μ=+0.005] top-raw-gap=-1.000 ()
03:42:21 INFO     src.poly_universe  Universe: 22 tradeable BTC/ETH markets (1 page(s), 22 BTC/ETH seen)
03:42:21 INFO     __main__  Universe refreshed: 22 markets
03:42:44 INFO     __main__  HEARTBEAT eval=0 signals=0 fills=0 arbs=0 arb-fills=0 no-spot=0 no-book=15382 warmup=0 markets=22 btcusdt[σ=0.112 iv=0.371 μ=-0.115] ethusdt[σ=0.106 iv=0.492 μ=+0.013] top-raw-gap=-1.000 ()
03:42:51 INFO     src.poly_universe  Universe: 22 tradeable BTC/ETH markets (1 page(s), 22 BTC/ETH seen)
03:42:51 INFO     __main__  Universe refreshed: 22 markets
03:43:14 INFO     __main__  HEARTBEAT eval=0 signals=0 fills=0 arbs=0 arb-fills=0 no-spot=0 no-book=14741 warmup=0 markets=22 btcusdt[σ=0.095 iv=0.393 μ=-0.177] ethusdt[σ=0.109 iv=0.492 μ=-0.145] top-raw-gap=-1.000 ()
03:43:21 INFO     src.poly_universe  Universe: 23 tradeable BTC/ETH markets (1 page(s), 23 BTC/ETH seen)
03:43:21 INFO     __main__  Universe refreshed: 23 markets
03:43:38 WARNING  src.poly_ws  Polymarket WS closed (no close frame received or sent), reconnecting in 1.0s
03:43:39 INFO     src.poly_ws  Polymarket WS connected: wss://ws-subscriptions-clob.polymarket.com/ws/market
03:43:45 INFO     __main__  HEARTBEAT eval=1779 signals=0 fills=0 arbs=0 arb-fills=0 no-spot=0 no-book=16448 warmup=0 markets=23 btcusdt[σ=0.163 iv=0.393 μ=-0.143] ethusdt[σ=0.135 iv=0.492 μ=-0.041] top-raw-gap=0.120 (Ethereum above 1,680 on June 21, 10PM ET?)
03:43:51 INFO     src.poly_universe  Universe: 24 tradeable BTC/ETH markets (1 page(s), 24 BTC/ETH seen)
03:43:51 INFO     __main__  Universe refreshed: 24 markets
03:44:15 INFO     __main__  HEARTBEAT eval=0 signals=0 fills=0 arbs=0 arb-fills=0 no-spot=0 no-book=15339 warmup=0 markets=24 btcusdt[σ=0.165 iv=0.392 μ=-0.079] ethusdt[σ=0.105 iv=0.492 μ=+0.088] top-raw-gap=-1.000 ()
03:44:21 INFO     src.poly_universe  Universe: 24 tradeable BTC/ETH markets (1 page(s), 24 BTC/ETH seen)
03:44:21 INFO     __main__  Universe refreshed: 24 markets
03:44:45 INFO     __main__  HEARTBEAT eval=0 signals=0 fills=0 arbs=0 arb-fills=0 no-spot=0 no-book=13228 warmup=0 markets=24 btcusdt[σ=0.126 iv=0.392 μ=+0.122] ethusdt[σ=0.088 iv=0.492 μ=+0.177] top-raw-gap=-1.000 ()
03:44:52 INFO     src.poly_universe  Universe: 25 tradeable BTC/ETH markets (1 page(s), 25 BTC/ETH seen)
03:44:52 INFO     __main__  Universe refreshed: 25 markets
03:45:15 INFO     __main__  HEARTBEAT eval=188 signals=0 fills=0 arbs=0 arb-fills=0 no-spot=0 no-book=17365 warmup=0 markets=25 btcusdt[σ=0.117 iv=0.392 μ=+0.052] ethusdt[σ=0.097 iv=0.491 μ=+0.137] top-raw-gap=-1.000 ()
03:45:22 INFO     src.poly_universe  Universe: 26 tradeable BTC/ETH markets (1 page(s), 26 BTC/ETH seen)
03:45:22 INFO     __main__  Universe refreshed: 26 markets
03:45:45 INFO     __main__  HEARTBEAT eval=0 signals=0 fills=0 arbs=0 arb-fills=0 no-spot=0 no-book=15934 warmup=0 markets=26 btcusdt[σ=0.103 iv=0.392 μ=-0.178] ethusdt[σ=0.090 iv=0.491 μ=-0.116] top-raw-gap=-1.000 ()
03:45:52 INFO     src.poly_universe  Universe: 27 tradeable BTC/ETH markets (1 page(s), 27 BTC/ETH seen)
03:45:52 INFO     __main__  Universe refreshed: 27 markets
03:46:15 INFO     __main__  HEARTBEAT eval=0 signals=0 fills=0 arbs=0 arb-fills=0 no-spot=0 no-book=20142 warmup=0 markets=27 btcusdt[σ=0.085 iv=0.391 μ=+0.122] ethusdt[σ=0.109 iv=0.491 μ=+0.144] top-raw-gap=-1.000 ()
03:46:22 INFO     src.poly_universe  Universe: 27 tradeable BTC/ETH markets (1 page(s), 27 BTC/ETH seen)
03:46:22 INFO     __main__  Universe refreshed: 27 markets
03:46:45 INFO     __main__  HEARTBEAT eval=0 signals=0 fills=0 arbs=0 arb-fills=0 no-spot=0 no-book=18804 warmup=0 markets=27 btcusdt[σ=0.123 iv=0.391 μ=-0.146] ethusdt[σ=0.111 iv=0.491 μ=+0.112] top-raw-gap=-1.000 ()
03:46:52 INFO     src.poly_universe  Universe: 27 tradeable BTC/ETH markets (1 page(s), 27 BTC/ETH seen)
03:46:52 INFO     __main__  Universe refreshed: 27 markets
03:47:15 INFO     __main__  HEARTBEAT eval=158 signals=0 fills=0 arbs=0 arb-fills=0 no-spot=0 no-book=15705 warmup=0 markets=27 btcusdt[σ=0.101 iv=0.390 μ=-0.072] ethusdt[σ=0.098 iv=0.491 μ=+0.096] top-raw-gap=0.022 (Bitcoin above 64,200 on June 21, 10PM ET?)
03:47:22 INFO     src.poly_universe  Universe: 28 tradeable BTC/ETH markets (1 page(s), 28 BTC/ETH seen)
03:47:22 INFO     __main__  Universe refreshed: 28 markets
03:47:45 INFO     __main__  HEARTBEAT eval=0 signals=0 fills=0 arbs=0 arb-fills=0 no-spot=0 no-book=19796 warmup=0 markets=28 btcusdt[σ=0.103 iv=0.390 μ=-0.109] ethusdt[σ=0.092 iv=0.491 μ=-0.018] top-raw-gap=-1.000 ()
03:47:52 INFO     src.poly_universe  Universe: 28 tradeable BTC/ETH markets (1 page(s), 28 BTC/ETH seen)
03:47:52 INFO     __main__  Universe refreshed: 28 markets
03:48:15 INFO     __main__  HEARTBEAT eval=0 signals=0 fills=0 arbs=0 arb-fills=0 no-spot=0 no-book=21049 warmup=0 markets=28 btcusdt[σ=0.098 iv=0.390 μ=+0.181] ethusdt[σ=0.099 iv=0.490 μ=+0.167] top-raw-gap=-1.000 ()
03:48:23 INFO     src.poly_universe  Universe: 28 tradeable BTC/ETH markets (1 page(s), 28 BTC/ETH seen)
03:48:23 INFO     __main__  Universe refreshed: 28 markets
03:48:45 INFO     __main__  HEARTBEAT eval=0 signals=0 fills=0 arbs=0 arb-fills=0 no-spot=0 no-book=16385 warmup=0 markets=28 btcusdt[σ=0.094 iv=0.390 μ=+0.131] ethusdt[σ=0.115 iv=0.490 μ=+0.084] top-raw-gap=-1.000 ()
03:48:53 INFO     src.poly_universe  Universe: 28 tradeable BTC/ETH markets (1 page(s), 28 BTC/ETH seen)
03:48:53 INFO     __main__  Universe refreshed: 28 markets
03:49:15 INFO     __main__  HEARTBEAT eval=112 signals=0 fills=0 arbs=0 arb-fills=0 no-spot=0 no-book=17257 warmup=0 markets=28 btcusdt[σ=0.112 iv=0.389 μ=-0.113] ethusdt[σ=0.111 iv=0.490 μ=+0.014] top-raw-gap=0.017 (Bitcoin above 64,200 on June 21, 10PM ET?)
03:49:23 INFO     src.poly_universe  Universe: 28 tradeable BTC/ETH markets (1 page(s), 28 BTC/ETH seen)
03:49:23 INFO     __main__  Universe refreshed: 28 markets
03:49:45 INFO     __main__  HEARTBEAT eval=0 signals=0 fills=0 arbs=0 arb-fills=0 no-spot=0 no-book=18961 warmup=0 markets=28 btcusdt[σ=0.113 iv=0.389 μ=+0.130] ethusdt[σ=0.111 iv=0.490 μ=+0.114] top-raw-gap=-1.000 ()
03:49:53 INFO     src.poly_universe  Universe: 28 tradeable BTC/ETH markets (1 page(s), 28 BTC/ETH seen)
03:49:53 INFO     __main__  Universe refreshed: 28 markets
03:50:15 INFO     __main__  HEARTBEAT eval=0 signals=0 fills=0 arbs=0 arb-fills=0 no-spot=0 no-book=13790 warmup=0 markets=28 btcusdt[σ=0.116 iv=0.365 μ=+0.049] ethusdt[σ=0.111 iv=0.490 μ=+0.078] top-raw-gap=-1.000 ()
03:50:23 INFO     src.poly_universe  Universe: 28 tradeable BTC/ETH markets (1 page(s), 28 BTC/ETH seen)
03:50:23 INFO     __main__  Universe refreshed: 28 markets
03:50:45 INFO     __main__  HEARTBEAT eval=0 signals=0 fills=0 arbs=0 arb-fills=0 no-spot=0 no-book=21141 warmup=0 markets=28 btcusdt[σ=0.142 iv=0.365 μ=+0.014] ethusdt[σ=0.128 iv=0.490 μ=-0.022] top-raw-gap=-1.000 ()
03:50:53 INFO     src.poly_universe  Universe: 28 tradeable BTC/ETH markets (1 page(s), 28 BTC/ETH seen)
03:50:53 INFO     __main__  Universe refreshed: 28 markets
03:51:16 INFO     __main__  HEARTBEAT eval=0 signals=0 fills=0 arbs=0 arb-fills=0 no-spot=0 no-book=20309 warmup=0 markets=28 btcusdt[σ=0.111 iv=0.364 μ=+0.025] ethusdt[σ=0.122 iv=0.490 μ=+0.041] top-raw-gap=-1.000 ()
03:51:23 INFO     src.poly_universe  Universe: 28 tradeable BTC/ETH markets (1 page(s), 28 BTC/ETH seen)
03:51:23 INFO     __main__  Universe refreshed: 28 markets
03:51:46 INFO     __main__  HEARTBEAT eval=0 signals=0 fills=0 arbs=0 arb-fills=0 no-spot=0 no-book=12424 warmup=0 markets=28 btcusdt[σ=0.095 iv=0.364 μ=+0.125] ethusdt[σ=0.114 iv=0.490 μ=+0.129] top-raw-gap=-1.000 ()
03:51:54 INFO     src.poly_universe  Universe: 28 tradeable BTC/ETH markets (1 page(s), 28 BTC/ETH seen)
03:51:54 INFO     __main__  Universe refreshed: 28 markets
03:52:16 INFO     __main__  HEARTBEAT eval=0 signals=0 fills=0 arbs=0 arb-fills=0 no-spot=0 no-book=15525 warmup=0 markets=28 btcusdt[σ=0.094 iv=0.364 μ=-0.123] ethusdt[σ=0.099 iv=0.490 μ=+0.024] top-raw-gap=-1.000 ()
03:52:24 INFO     src.poly_universe  Universe: 28 tradeable BTC/ETH markets (1 page(s), 28 BTC/ETH seen)
03:52:24 INFO     __main__  Universe refreshed: 28 markets
03:52:46 INFO     __main__  HEARTBEAT eval=69 signals=0 fills=0 arbs=0 arb-fills=0 no-spot=0 no-book=13855 warmup=0 markets=28 btcusdt[σ=0.079 iv=0.364 μ=+0.068] ethusdt[σ=0.087 iv=0.490 μ=-0.019] top-raw-gap=-1.000 ()
03:52:54 INFO     src.poly_universe  Universe: 28 tradeable BTC/ETH markets (1 page(s), 28 BTC/ETH seen)
03:52:54 INFO     __main__  Universe refreshed: 28 markets
03:53:16 INFO     __main__  HEARTBEAT eval=0 signals=0 fills=0 arbs=0 arb-fills=0 no-spot=0 no-book=16641 warmup=0 markets=28 btcusdt[σ=0.076 iv=0.363 μ=-0.085] ethusdt[σ=0.080 iv=0.490 μ=+0.163] top-raw-gap=-1.000 ()
03:53:24 INFO     src.poly_universe  Universe: 28 tradeable BTC/ETH markets (1 page(s), 28 BTC/ETH seen)
03:53:24 INFO     __main__  Universe refreshed: 28 markets
03:53:40 WARNING  src.poly_ws  Polymarket WS closed (no close frame received or sent), reconnecting in 1.0s
03:53:41 INFO     src.poly_ws  Polymarket WS connected: wss://ws-subscriptions-clob.polymarket.com/ws/market
03:53:46 INFO     __main__  HEARTBEAT eval=2755 signals=0 fills=0 arbs=0 arb-fills=0 no-spot=0 no-book=14053 warmup=0 markets=28 btcusdt[σ=0.148 iv=0.363 μ=+0.160] ethusdt[σ=0.142 iv=0.490 μ=+0.123] top-raw-gap=0.376 (Bitcoin above 64,600 on June 21, 10PM ET?)
03:53:54 INFO     src.poly_universe  Universe: 28 tradeable BTC/ETH markets (1 page(s), 28 BTC/ETH seen)
03:53:54 INFO     __main__  Universe refreshed: 28 markets
03:54:16 INFO     __main__  HEARTBEAT eval=25 signals=0 fills=0 arbs=0 arb-fills=0 no-spot=0 no-book=19734 warmup=0 markets=28 btcusdt[σ=0.139 iv=0.362 μ=+0.157] ethusdt[σ=0.134 iv=0.489 μ=+0.041] top-raw-gap=-1.000 ()
03:54:24 INFO     src.poly_universe  Universe: 28 tradeable BTC/ETH markets (1 page(s), 28 BTC/ETH seen)
03:54:24 INFO     __main__  Universe refreshed: 28 markets
03:54:46 INFO     __main__  HEARTBEAT eval=0 signals=0 fills=0 arbs=0 arb-fills=0 no-spot=0 no-book=16208 warmup=0 markets=28 btcusdt[σ=0.320 iv=0.362 μ=+0.172] ethusdt[σ=0.112 iv=0.489 μ=+0.039] top-raw-gap=-1.000 ()
03:54:54 INFO     src.poly_universe  Universe: 28 tradeable BTC/ETH markets (1 page(s), 28 BTC/ETH seen)
03:54:54 INFO     __main__  Universe refreshed: 28 markets
03:55:16 INFO     __main__  HEARTBEAT eval=0 signals=0 fills=0 arbs=0 arb-fills=0 no-spot=0 no-book=17997 warmup=0 markets=28 btcusdt[σ=0.215 iv=0.362 μ=+0.081] ethusdt[σ=0.161 iv=0.489 μ=-0.064] top-raw-gap=-1.000 ()
03:55:25 INFO     src.poly_universe  Universe: 28 tradeable BTC/ETH markets (1 page(s), 28 BTC/ETH seen)
03:55:25 INFO     __main__  Universe refreshed: 28 markets
03:55:46 INFO     __main__  HEARTBEAT eval=0 signals=0 fills=0 arbs=0 arb-fills=0 no-spot=0 no-book=15090 warmup=0 markets=28 btcusdt[σ=0.144 iv=0.362 μ=-0.097] ethusdt[σ=0.115 iv=0.489 μ=-0.058] top-raw-gap=-1.000 ()
03:55:55 INFO     src.poly_universe  Universe: 28 tradeable BTC/ETH markets (1 page(s), 28 BTC/ETH seen)
03:55:55 INFO     __main__  Universe refreshed: 28 markets
03:56:16 INFO     __main__  HEARTBEAT eval=0 signals=0 fills=0 arbs=0 arb-fills=0 no-spot=0 no-book=16155 warmup=0 markets=28 btcusdt[σ=0.121 iv=0.362 μ=+0.043] ethusdt[σ=0.125 iv=0.488 μ=+0.174] top-raw-gap=-1.000 ()
03:56:25 INFO     src.poly_universe  Universe: 28 tradeable BTC/ETH markets (1 page(s), 28 BTC/ETH seen)
03:56:25 INFO     __main__  Universe refreshed: 28 markets
03:56:46 INFO     __main__  HEARTBEAT eval=0 signals=0 fills=0 arbs=0 arb-fills=0 no-spot=0 no-book=15455 warmup=0 markets=28 btcusdt[σ=0.103 iv=0.362 μ=+0.071] ethusdt[σ=0.100 iv=0.488 μ=+0.081] top-raw-gap=-1.000 ()
03:56:55 INFO     src.poly_universe  Universe: 28 tradeable BTC/ETH markets (1 page(s), 28 BTC/ETH seen)
03:56:55 INFO     __main__  Universe refreshed: 28 markets
03:57:16 INFO     __main__  HEARTBEAT eval=0 signals=0 fills=0 arbs=0 arb-fills=0 no-spot=0 no-book=15942 warmup=0 markets=28 btcusdt[σ=0.101 iv=0.361 μ=-0.056] ethusdt[σ=0.103 iv=0.488 μ=+0.084] top-raw-gap=-1.000 ()
03:57:25 INFO     src.poly_universe  Universe: 28 tradeable BTC/ETH markets (1 page(s), 28 BTC/ETH seen)
03:57:25 INFO     __main__  Universe refreshed: 28 markets
03:57:46 INFO     __main__  HEARTBEAT eval=0 signals=0 fills=0 arbs=0 arb-fills=0 no-spot=0 no-book=16659 warmup=0 markets=28 btcusdt[σ=0.103 iv=0.361 μ=+0.046] ethusdt[σ=0.087 iv=0.488 μ=+0.057] top-raw-gap=-1.000 ()
03:57:55 INFO     src.poly_universe  Universe: 28 tradeable BTC/ETH markets (1 page(s), 28 BTC/ETH seen)
03:57:55 INFO     __main__  Universe refreshed: 28 markets
03:58:16 INFO     __main__  HEARTBEAT eval=0 signals=0 fills=0 arbs=0 arb-fills=0 no-spot=0 no-book=14490 warmup=0 markets=28 btcusdt[σ=0.079 iv=0.361 μ=-0.014] ethusdt[σ=0.082 iv=0.488 μ=+0.013] top-raw-gap=-1.000 ()
03:58:25 INFO     src.poly_universe  Universe: 28 tradeable BTC/ETH markets (1 page(s), 28 BTC/ETH seen)
03:58:25 INFO     __main__  Universe refreshed: 28 markets
03:58:46 INFO     __main__  HEARTBEAT eval=0 signals=0 fills=0 arbs=0 arb-fills=0 no-spot=0 no-book=16583 warmup=0 markets=28 btcusdt[σ=0.083 iv=0.361 μ=+0.020] ethusdt[σ=0.089 iv=0.488 μ=-0.041] top-raw-gap=-1.000 ()
03:58:56 INFO     src.poly_universe  Universe: 28 tradeable BTC/ETH markets (1 page(s), 28 BTC/ETH seen)
03:58:56 INFO     __main__  Universe refreshed: 28 markets
03:59:17 INFO     __main__  HEARTBEAT eval=98 signals=0 fills=0 arbs=0 arb-fills=0 no-spot=0 no-book=13824 warmup=0 markets=28 btcusdt[σ=0.072 iv=0.388 μ=+0.110] ethusdt[σ=0.079 iv=0.486 μ=+0.171] top-raw-gap=-1.000 ()
03:59:26 INFO     src.poly_universe  Universe: 0 tradeable markets (1 page(s), 28 BTC/ETH seen) — pre-listed but not yet accepting orders, or outside window
03:59:26 INFO     __main__  Universe refreshed: 0 markets
03:59:56 INFO     src.poly_universe  Universe: 0 tradeable markets (1 page(s), 28 BTC/ETH seen) — pre-listed but not yet accepting orders, or outside window
03:59:56 INFO     __main__  Universe refreshed: 0 markets
04:00:26 INFO     src.poly_universe  Universe: 0 tradeable markets (1 page(s), 28 BTC/ETH seen) — pre-listed but not yet accepting orders, or outside window
04:00:26 INFO     __main__  Universe refreshed: 0 markets
04:00:56 INFO     src.poly_universe  Universe: 0 tradeable markets (1 page(s), 28 BTC/ETH seen) — pre-listed but not yet accepting orders, or outside window
04:00:56 INFO     __main__  Universe refreshed: 0 markets
04:01:26 INFO     src.poly_universe  Universe: 0 tradeable markets (1 page(s), 28 BTC/ETH seen) — pre-listed but not yet accepting orders, or outside window
04:01:26 INFO     __main__  Universe refreshed: 0 markets
04:01:57 INFO     src.poly_universe  Universe: 0 tradeable markets (1 page(s), 28 BTC/ETH seen) — pre-listed but not yet accepting orders, or outside window
04:01:57 INFO     __main__  Universe refreshed: 0 markets
04:02:27 INFO     src.poly_universe  Universe: 0 tradeable markets (1 page(s), 28 BTC/ETH seen) — pre-listed but not yet accepting orders, or outside window
04:02:27 INFO     __main__  Universe refreshed: 0 markets
04:02:57 INFO     src.poly_universe  Universe: 0 tradeable markets (1 page(s), 28 BTC/ETH seen) — pre-listed but not yet accepting orders, or outside window
04:02:57 INFO     __main__  Universe refreshed: 0 markets
04:03:27 INFO     src.poly_universe  Universe: 0 tradeable markets (1 page(s), 28 BTC/ETH seen) — pre-listed but not yet accepting orders, or outside window
04:03:27 INFO     __main__  Universe refreshed: 0 markets
04:03:42 WARNING  src.poly_ws  Polymarket WS closed (no close frame received or sent), reconnecting in 1.0s
04:03:43 INFO     src.poly_ws  Polymarket WS connected: wss://ws-subscriptions-clob.polymarket.com/ws/market
04:03:57 INFO     src.poly_universe  Universe: 0 tradeable markets (1 page(s), 28 BTC/ETH seen) — pre-listed but not yet accepting orders, or outside window
04:03:57 INFO     __main__  Universe refreshed: 0 markets
04:04:27 INFO     src.poly_universe  Universe: 0 tradeable markets (1 page(s), 28 BTC/ETH seen) — pre-listed but not yet accepting orders, or outside window
04:04:27 INFO     __main__  Universe refreshed: 0 markets
04:04:57 INFO     src.poly_universe  Universe: 0 tradeable markets (1 page(s), 28 BTC/ETH seen) — pre-listed but not yet accepting orders, or outside window
04:04:57 INFO     __main__  Universe refreshed: 0 markets
04:05:28 INFO     src.poly_universe  Universe: 0 tradeable markets (1 page(s), 28 BTC/ETH seen) — pre-listed but not yet accepting orders, or outside window
04:05:28 INFO     __main__  Universe refreshed: 0 markets
04:05:58 INFO     src.poly_universe  Universe: 0 tradeable markets (1 page(s), 28 BTC/ETH seen) — pre-listed but not yet accepting orders, or outside window
04:05:58 INFO     __main__  Universe refreshed: 0 markets
04:06:28 INFO     src.poly_universe  Universe: 0 tradeable markets (1 page(s), 28 BTC/ETH seen) — pre-listed but not yet accepting orders, or outside window
04:06:28 INFO     __main__  Universe refreshed: 0 markets
04:06:58 INFO     src.poly_universe  Universe: 0 tradeable markets (1 page(s), 28 BTC/ETH seen) — pre-listed but not yet accepting orders, or outside window
04:06:58 INFO     __main__  Universe refreshed: 0 markets
04:07:28 INFO     src.poly_universe  Universe: 0 tradeable markets (1 page(s), 28 BTC/ETH seen) — pre-listed but not yet accepting orders, or outside window
04:07:28 INFO     __main__  Universe refreshed: 0 markets
04:07:58 INFO     src.poly_universe  Universe: 0 tradeable markets (1 page(s), 28 BTC/ETH seen) — pre-listed but not yet accepting orders, or outside window
04:07:58 INFO     __main__  Universe refreshed: 0 markets
04:08:28 INFO     src.poly_universe  Universe: 0 tradeable markets (1 page(s), 28 BTC/ETH seen) — pre-listed but not yet accepting orders, or outside window
04:08:28 INFO     __main__  Universe refreshed: 0 markets
04:08:59 INFO     src.poly_universe  Universe: 0 tradeable markets (1 page(s), 28 BTC/ETH seen) — pre-listed but not yet accepting orders, or outside window
04:08:59 INFO     __main__  Universe refreshed: 0 markets
04:09:29 INFO     src.poly_universe  Universe: 0 tradeable markets (1 page(s), 28 BTC/ETH seen) — pre-listed but not yet accepting orders, or outside window
04:09:29 INFO     __main__  Universe refreshed: 0 markets
04:09:59 INFO     src.poly_universe  Universe: 0 tradeable markets (1 page(s), 28 BTC/ETH seen) — pre-listed but not yet accepting orders, or outside window
04:09:59 INFO     __main__  Universe refreshed: 0 markets
04:10:29 INFO     src.poly_universe  Universe: 0 tradeable markets (1 page(s), 28 BTC/ETH seen) — pre-listed but not yet accepting orders, or outside window
04:10:29 INFO     __main__  Universe refreshed: 0 markets
04:10:59 INFO     src.poly_universe  Universe: 0 tradeable markets (1 page(s), 28 BTC/ETH seen) — pre-listed but not yet accepting orders, or outside window
04:10:59 INFO     __main__  Universe refreshed: 0 markets
04:11:29 INFO     src.poly_universe  Universe: 0 tradeable markets (1 page(s), 28 BTC/ETH seen) — pre-listed but not yet accepting orders, or outside window
04:11:29 INFO     __main__  Universe refreshed: 0 markets
04:11:59 INFO     src.poly_universe  Universe: 0 tradeable markets (1 page(s), 28 BTC/ETH seen) — pre-listed but not yet accepting orders, or outside window
04:11:59 INFO     __main__  Universe refreshed: 0 markets
04:12:30 INFO     src.poly_universe  Universe: 0 tradeable markets (1 page(s), 28 BTC/ETH seen) — pre-listed but not yet accepting orders, or outside window
04:12:30 INFO     __main__  Universe refreshed: 0 markets
04:13:00 INFO     src.poly_universe  Universe: 0 tradeable markets (1 page(s), 28 BTC/ETH seen) — pre-listed but not yet accepting orders, or outside window
04:13:00 INFO     __main__  Universe refreshed: 0 markets
04:13:30 INFO     src.poly_universe  Universe: 27 tradeable BTC/ETH markets (1 page(s), 27 BTC/ETH seen)
04:13:30 INFO     __main__  Universe refreshed: 27 markets
04:13:30 INFO     __main__  HEARTBEAT eval=0 signals=0 fills=0 arbs=0 arb-fills=0 no-spot=0 no-book=5661 warmup=0 markets=27 btcusdt[σ=0.064 iv=0.373 μ=+0.187] ethusdt[σ=0.071 iv=0.485 μ=+0.144] top-raw-gap=-1.000 ()
04:14:00 INFO     __main__  HEARTBEAT eval=0 signals=0 fills=0 arbs=0 arb-fills=0 no-spot=0 no-book=15185 warmup=0 markets=27 btcusdt[σ=0.053 iv=0.373 μ=-0.129] ethusdt[σ=0.056 iv=0.485 μ=+0.142] top-raw-gap=-1.000 ()
04:14:00 INFO     src.poly_universe  Universe: 27 tradeable BTC/ETH markets (1 page(s), 27 BTC/ETH seen)
04:14:00 INFO     __main__  Universe refreshed: 27 markets
04:14:30 INFO     __main__  HEARTBEAT eval=0 signals=0 fills=0 arbs=0 arb-fills=0 no-spot=0 no-book=10493 warmup=0 markets=27 btcusdt[σ=0.050 iv=0.372 μ=-0.165] ethusdt[σ=0.056 iv=0.485 μ=+0.168] top-raw-gap=-1.000 ()
04:14:30 INFO     src.poly_universe  Universe: 27 tradeable BTC/ETH markets (1 page(s), 27 BTC/ETH seen)
04:14:30 INFO     __main__  Universe refreshed: 27 markets
04:15:00 INFO     __main__  HEARTBEAT eval=0 signals=0 fills=0 arbs=0 arb-fills=0 no-spot=0 no-book=14108 warmup=0 markets=27 btcusdt[σ=0.103 iv=0.372 μ=+0.156] ethusdt[σ=0.092 iv=0.485 μ=+0.035] top-raw-gap=-1.000 ()
04:15:00 INFO     src.poly_universe  Universe: 27 tradeable BTC/ETH markets (1 page(s), 27 BTC/ETH seen)
04:15:00 INFO     __main__  Universe refreshed: 27 markets
04:15:30 INFO     __main__  HEARTBEAT eval=0 signals=0 fills=0 arbs=0 arb-fills=0 no-spot=0 no-book=13150 warmup=0 markets=27 btcusdt[σ=0.084 iv=0.371 μ=-0.138] ethusdt[σ=0.083 iv=0.485 μ=-0.057] top-raw-gap=-1.000 ()
04:15:31 INFO     src.poly_universe  Universe: 27 tradeable BTC/ETH markets (1 page(s), 27 BTC/ETH seen)
04:15:31 INFO     __main__  Universe refreshed: 27 markets
04:16:00 INFO     __main__  HEARTBEAT eval=0 signals=0 fills=0 arbs=0 arb-fills=0 no-spot=0 no-book=16723 warmup=0 markets=27 btcusdt[σ=0.090 iv=0.371 μ=+0.099] ethusdt[σ=0.083 iv=0.485 μ=+0.107] top-raw-gap=-1.000 ()
04:16:01 INFO     src.poly_universe  Universe: 27 tradeable BTC/ETH markets (1 page(s), 27 BTC/ETH seen)
04:16:01 INFO     __main__  Universe refreshed: 27 markets
04:16:30 INFO     __main__  HEARTBEAT eval=0 signals=0 fills=0 arbs=0 arb-fills=0 no-spot=0 no-book=15856 warmup=0 markets=27 btcusdt[σ=0.098 iv=0.371 μ=+0.005] ethusdt[σ=0.098 iv=0.484 μ=+0.103] top-raw-gap=-1.000 ()
04:16:31 INFO     src.poly_universe  Universe: 27 tradeable BTC/ETH markets (1 page(s), 27 BTC/ETH seen)
04:16:31 INFO     __main__  Universe refreshed: 27 markets
04:17:00 INFO     __main__  HEARTBEAT eval=0 signals=0 fills=0 arbs=0 arb-fills=0 no-spot=0 no-book=15641 warmup=0 markets=27 btcusdt[σ=0.099 iv=0.371 μ=+0.052] ethusdt[σ=0.112 iv=0.484 μ=+0.102] top-raw-gap=-1.000 ()
04:17:01 INFO     src.poly_universe  Universe: 27 tradeable BTC/ETH markets (1 page(s), 27 BTC/ETH seen)
04:17:01 INFO     __main__  Universe refreshed: 27 markets
04:17:30 INFO     __main__  HEARTBEAT eval=0 signals=0 fills=0 arbs=0 arb-fills=0 no-spot=0 no-book=15295 warmup=0 markets=27 btcusdt[σ=0.077 iv=0.347 μ=-0.104] ethusdt[σ=0.107 iv=0.484 μ=-0.053] top-raw-gap=-1.000 ()
04:17:31 INFO     src.poly_universe  Universe: 27 tradeable BTC/ETH markets (1 page(s), 27 BTC/ETH seen)
04:17:31 INFO     __main__  Universe refreshed: 27 markets
04:18:00 INFO     __main__  HEARTBEAT eval=0 signals=0 fills=0 arbs=0 arb-fills=0 no-spot=0 no-book=14084 warmup=0 markets=27 btcusdt[σ=0.068 iv=0.347 μ=+0.117] ethusdt[σ=0.092 iv=0.484 μ=+0.192] top-raw-gap=-1.000 ()
04:18:01 INFO     src.poly_universe  Universe: 27 tradeable BTC/ETH markets (1 page(s), 27 BTC/ETH seen)
04:18:01 INFO     __main__  Universe refreshed: 27 markets
04:18:30 INFO     __main__  HEARTBEAT eval=0 signals=0 fills=0 arbs=0 arb-fills=0 no-spot=0 no-book=18447 warmup=0 markets=27 btcusdt[σ=0.059 iv=0.346 μ=+0.024] ethusdt[σ=0.092 iv=0.483 μ=+0.057] top-raw-gap=-1.000 ()
04:18:31 INFO     src.poly_universe  Universe: 27 tradeable BTC/ETH markets (1 page(s), 27 BTC/ETH seen)
04:18:31 INFO     __main__  Universe refreshed: 27 markets
04:19:00 INFO     __main__  HEARTBEAT eval=0 signals=0 fills=0 arbs=0 arb-fills=0 no-spot=0 no-book=16234 warmup=0 markets=27 btcusdt[σ=0.074 iv=0.346 μ=+0.149] ethusdt[σ=0.086 iv=0.483 μ=+0.134] top-raw-gap=-1.000 ()
04:19:02 INFO     src.poly_universe  Universe: 27 tradeable BTC/ETH markets (1 page(s), 27 BTC/ETH seen)
04:19:02 INFO     __main__  Universe refreshed: 27 markets
04:19:31 INFO     __main__  HEARTBEAT eval=0 signals=0 fills=0 arbs=0 arb-fills=0 no-spot=0 no-book=16439 warmup=0 markets=27 btcusdt[σ=0.092 iv=0.345 μ=+0.028] ethusdt[σ=0.092 iv=0.483 μ=-0.100] top-raw-gap=-1.000 ()
04:19:32 INFO     src.poly_universe  Universe: 27 tradeable BTC/ETH markets (1 page(s), 27 BTC/ETH seen)
04:19:32 INFO     __main__  Universe refreshed: 27 markets
04:20:01 INFO     __main__  HEARTBEAT eval=0 signals=0 fills=0 arbs=0 arb-fills=0 no-spot=0 no-book=15717 warmup=0 markets=27 btcusdt[σ=0.093 iv=0.345 μ=-0.060] ethusdt[σ=0.085 iv=0.483 μ=+0.118] top-raw-gap=-1.000 ()
04:20:02 INFO     src.poly_universe  Universe: 27 tradeable BTC/ETH markets (1 page(s), 27 BTC/ETH seen)
04:20:02 INFO     __main__  Universe refreshed: 27 markets
04:20:31 INFO     __main__  HEARTBEAT eval=0 signals=0 fills=0 arbs=0 arb-fills=0 no-spot=0 no-book=17266 warmup=0 markets=27 btcusdt[σ=0.087 iv=0.345 μ=-0.084] ethusdt[σ=0.093 iv=0.482 μ=+0.033] top-raw-gap=-1.000 ()
04:20:32 INFO     src.poly_universe  Universe: 27 tradeable BTC/ETH markets (1 page(s), 27 BTC/ETH seen)
04:20:32 INFO     __main__  Universe refreshed: 27 markets
04:21:01 INFO     __main__  HEARTBEAT eval=0 signals=0 fills=0 arbs=0 arb-fills=0 no-spot=0 no-book=13542 warmup=0 markets=27 btcusdt[σ=0.062 iv=0.345 μ=+0.082] ethusdt[σ=0.086 iv=0.482 μ=+0.052] top-raw-gap=-1.000 ()
04:21:02 INFO     src.poly_universe  Universe: 27 tradeable BTC/ETH markets (1 page(s), 27 BTC/ETH seen)
04:21:02 INFO     __main__  Universe refreshed: 27 markets
04:21:31 INFO     __main__  HEARTBEAT eval=0 signals=0 fills=0 arbs=0 arb-fills=0 no-spot=0 no-book=13136 warmup=0 markets=27 btcusdt[σ=0.060 iv=0.370 μ=-0.195] ethusdt[σ=0.070 iv=0.482 μ=+0.070] top-raw-gap=-1.000 ()
04:21:32 INFO     src.poly_universe  Universe: 27 tradeable BTC/ETH markets (1 page(s), 27 BTC/ETH seen)
04:21:32 INFO     __main__  Universe refreshed: 27 markets
04:22:01 INFO     __main__  HEARTBEAT eval=0 signals=0 fills=0 arbs=0 arb-fills=0 no-spot=0 no-book=17197 warmup=0 markets=27 btcusdt[σ=0.079 iv=0.370 μ=-0.076] ethusdt[σ=0.097 iv=0.482 μ=-0.053] top-raw-gap=-1.000 ()
04:22:02 INFO     src.poly_universe  Universe: 27 tradeable BTC/ETH markets (1 page(s), 27 BTC/ETH seen)
04:22:02 INFO     __main__  Universe refreshed: 27 markets
04:22:31 INFO     __main__  HEARTBEAT eval=0 signals=0 fills=0 arbs=0 arb-fills=0 no-spot=0 no-book=16661 warmup=0 markets=27 btcusdt[σ=0.094 iv=0.370 μ=+0.129] ethusdt[σ=0.097 iv=0.482 μ=+0.079] top-raw-gap=-1.000 ()
04:22:33 INFO     src.poly_universe  Universe: 27 tradeable BTC/ETH markets (1 page(s), 27 BTC/ETH seen)
04:22:33 INFO     __main__  Universe refreshed: 27 markets
04:23:01 INFO     __main__  HEARTBEAT eval=0 signals=0 fills=0 arbs=0 arb-fills=0 no-spot=0 no-book=15884 warmup=0 markets=27 btcusdt[σ=0.099 iv=0.370 μ=-0.083] ethusdt[σ=0.080 iv=0.482 μ=-0.125] top-raw-gap=-1.000 ()
04:23:03 INFO     src.poly_universe  Universe: 27 tradeable BTC/ETH markets (1 page(s), 27 BTC/ETH seen)
04:23:03 INFO     __main__  Universe refreshed: 27 markets
04:23:31 INFO     __main__  HEARTBEAT eval=0 signals=0 fills=0 arbs=0 arb-fills=0 no-spot=0 no-book=13722 warmup=0 markets=27 btcusdt[σ=0.071 iv=0.370 μ=+0.116] ethusdt[σ=0.074 iv=0.482 μ=+0.147] top-raw-gap=-1.000 ()
04:23:33 INFO     src.poly_universe  Universe: 27 tradeable BTC/ETH markets (1 page(s), 27 BTC/ETH seen)
04:23:33 INFO     __main__  Universe refreshed: 27 markets
04:24:01 INFO     __main__  HEARTBEAT eval=0 signals=0 fills=0 arbs=0 arb-fills=0 no-spot=0 no-book=11134 warmup=0 markets=27 btcusdt[σ=0.059 iv=0.370 μ=+0.125] ethusdt[σ=0.069 iv=0.482 μ=+0.030] top-raw-gap=-1.000 ()
04:24:03 INFO     src.poly_universe  Universe: 27 tradeable BTC/ETH markets (1 page(s), 27 BTC/ETH seen)
04:24:03 INFO     __main__  Universe refreshed: 27 markets
04:24:31 INFO     __main__  HEARTBEAT eval=0 signals=0 fills=0 arbs=0 arb-fills=0 no-spot=0 no-book=12143 warmup=0 markets=27 btcusdt[σ=0.057 iv=0.370 μ=-0.159] ethusdt[σ=0.272 iv=0.483 μ=-0.067] top-raw-gap=-1.000 ()
04:24:33 INFO     src.poly_universe  Universe: 27 tradeable BTC/ETH markets (1 page(s), 27 BTC/ETH seen)
04:24:33 INFO     __main__  Universe refreshed: 27 markets
04:25:01 INFO     __main__  HEARTBEAT eval=0 signals=0 fills=0 arbs=0 arb-fills=0 no-spot=0 no-book=12766 warmup=0 markets=27 btcusdt[σ=0.059 iv=0.370 μ=-0.072] ethusdt[σ=0.176 iv=0.483 μ=-0.098] top-raw-gap=-1.000 ()
04:25:03 INFO     src.poly_universe  Universe: 27 tradeable BTC/ETH markets (1 page(s), 27 BTC/ETH seen)
04:25:03 INFO     __main__  Universe refreshed: 27 markets
04:25:31 INFO     __main__  HEARTBEAT eval=0 signals=0 fills=0 arbs=0 arb-fills=0 no-spot=13 no-book=13944 warmup=0 markets=27 btcusdt[σ=0.082 iv=0.370 μ=+0.010] ethusdt[σ=0.152 iv=0.483 μ=+0.098] top-raw-gap=-1.000 ()
04:25:33 INFO     src.poly_universe  Universe: 27 tradeable BTC/ETH markets (1 page(s), 27 BTC/ETH seen)
04:25:33 INFO     __main__  Universe refreshed: 27 markets
04:26:01 INFO     __main__  HEARTBEAT eval=0 signals=0 fills=0 arbs=0 arb-fills=0 no-spot=0 no-book=13712 warmup=0 markets=27 btcusdt[σ=0.065 iv=0.370 μ=+0.162] ethusdt[σ=0.117 iv=0.483 μ=+0.081] top-raw-gap=-1.000 ()
04:26:04 INFO     src.poly_universe  Universe: 27 tradeable BTC/ETH markets (1 page(s), 27 BTC/ETH seen)
04:26:04 INFO     __main__  Universe refreshed: 27 markets
04:26:31 INFO     __main__  HEARTBEAT eval=0 signals=0 fills=0 arbs=0 arb-fills=0 no-spot=0 no-book=15112 warmup=0 markets=27 btcusdt[σ=0.070 iv=0.348 μ=+0.062] ethusdt[σ=0.109 iv=0.483 μ=+0.027] top-raw-gap=-1.000 ()
04:26:34 INFO     src.poly_universe  Universe: 27 tradeable BTC/ETH markets (1 page(s), 27 BTC/ETH seen)
04:26:34 INFO     __main__  Universe refreshed: 27 markets
04:27:01 INFO     __main__  HEARTBEAT eval=0 signals=0 fills=0 arbs=0 arb-fills=0 no-spot=0 no-book=13140 warmup=0 markets=27 btcusdt[σ=0.085 iv=0.348 μ=-0.057] ethusdt[σ=0.095 iv=0.483 μ=-0.039] top-raw-gap=-1.000 ()
04:27:04 INFO     src.poly_universe  Universe: 27 tradeable BTC/ETH markets (1 page(s), 27 BTC/ETH seen)
04:27:04 INFO     __main__  Universe refreshed: 27 markets
04:27:31 INFO     __main__  HEARTBEAT eval=0 signals=0 fills=0 arbs=0 arb-fills=0 no-spot=0 no-book=9254 warmup=0 markets=27 btcusdt[σ=0.061 iv=0.370 μ=-0.088] ethusdt[σ=0.077 iv=0.483 μ=-0.107] top-raw-gap=-1.000 ()
04:27:34 INFO     src.poly_universe  Universe: 27 tradeable BTC/ETH markets (1 page(s), 27 BTC/ETH seen)
04:27:34 INFO     __main__  Universe refreshed: 27 markets
04:28:01 INFO     __main__  HEARTBEAT eval=0 signals=0 fills=0 arbs=0 arb-fills=0 no-spot=0 no-book=11873 warmup=0 markets=27 btcusdt[σ=0.062 iv=0.370 μ=+0.195] ethusdt[σ=0.073 iv=0.483 μ=+0.167] top-raw-gap=-1.000 ()
04:28:04 INFO     src.poly_universe  Universe: 27 tradeable BTC/ETH markets (1 page(s), 27 BTC/ETH seen)
04:28:04 INFO     __main__  Universe refreshed: 27 markets
04:28:31 INFO     __main__  HEARTBEAT eval=0 signals=0 fills=0 arbs=0 arb-fills=0 no-spot=0 no-book=13011 warmup=0 markets=27 btcusdt[σ=0.082 iv=0.349 μ=+0.173] ethusdt[σ=0.076 iv=0.483 μ=+0.110] top-raw-gap=-1.000 ()
04:28:34 INFO     src.poly_universe  Universe: 27 tradeable BTC/ETH markets (1 page(s), 27 BTC/ETH seen)
04:28:34 INFO     __main__  Universe refreshed: 27 markets
04:29:02 INFO     __main__  HEARTBEAT eval=0 signals=0 fills=0 arbs=0 arb-fills=0 no-spot=0 no-book=9521 warmup=0 markets=27 btcusdt[σ=0.072 iv=0.349 μ=-0.083] ethusdt[σ=0.077 iv=0.483 μ=+0.061] top-raw-gap=-1.000 ()
04:29:04 INFO     src.poly_universe  Universe: 27 tradeable BTC/ETH markets (1 page(s), 27 BTC/ETH seen)
04:29:04 INFO     __main__  Universe refreshed: 27 markets
04:29:32 INFO     __main__  HEARTBEAT eval=0 signals=0 fills=0 arbs=0 arb-fills=0 no-spot=0 no-book=11661 warmup=0 markets=27 btcusdt[σ=0.070 iv=0.371 μ=-0.153] ethusdt[σ=0.069 iv=0.483 μ=-0.016] top-raw-gap=-1.000 ()
04:29:35 INFO     src.poly_universe  Universe: 27 tradeable BTC/ETH markets (1 page(s), 27 BTC/ETH seen)
04:29:35 INFO     __main__  Universe refreshed: 27 markets
04:30:02 INFO     __main__  HEARTBEAT eval=0 signals=0 fills=0 arbs=0 arb-fills=0 no-spot=0 no-book=11279 warmup=0 markets=27 btcusdt[σ=0.065 iv=0.371 μ=-0.179] ethusdt[σ=0.060 iv=0.483 μ=-0.006] top-raw-gap=-1.000 ()
04:30:05 INFO     src.poly_universe  Universe: 27 tradeable BTC/ETH markets (1 page(s), 27 BTC/ETH seen)
04:30:05 INFO     __main__  Universe refreshed: 27 markets
04:30:32 INFO     __main__  HEARTBEAT eval=0 signals=0 fills=0 arbs=0 arb-fills=0 no-spot=0 no-book=16109 warmup=0 markets=27 btcusdt[σ=0.088 iv=0.371 μ=-0.071] ethusdt[σ=0.086 iv=0.483 μ=-0.159] top-raw-gap=-1.000 ()
04:30:35 INFO     src.poly_universe  Universe: 27 tradeable BTC/ETH markets (1 page(s), 27 BTC/ETH seen)
04:30:35 INFO     __main__  Universe refreshed: 27 markets
04:31:02 INFO     __main__  HEARTBEAT eval=0 signals=0 fills=0 arbs=0 arb-fills=0 no-spot=0 no-book=14001 warmup=0 markets=27 btcusdt[σ=0.087 iv=0.371 μ=+0.124] ethusdt[σ=0.099 iv=0.483 μ=-0.013] top-raw-gap=-1.000 ()
04:31:05 INFO     src.poly_universe  Universe: 27 tradeable BTC/ETH markets (1 page(s), 27 BTC/ETH seen)
04:31:05 INFO     __main__  Universe refreshed: 27 markets
04:31:32 INFO     __main__  HEARTBEAT eval=0 signals=0 fills=0 arbs=0 arb-fills=0 no-spot=0 no-book=12894 warmup=0 markets=27 btcusdt[σ=0.083 iv=0.371 μ=-0.011] ethusdt[σ=0.090 iv=0.483 μ=+0.099] top-raw-gap=-1.000 ()
04:31:35 INFO     src.poly_universe  Universe: 27 tradeable BTC/ETH markets (1 page(s), 27 BTC/ETH seen)
04:31:35 INFO     __main__  Universe refreshed: 27 markets
04:32:02 INFO     __main__  HEARTBEAT eval=0 signals=0 fills=0 arbs=0 arb-fills=0 no-spot=0 no-book=10794 warmup=0 markets=27 btcusdt[σ=0.063 iv=0.371 μ=+0.125] ethusdt[σ=0.067 iv=0.483 μ=+0.108] top-raw-gap=-1.000 ()
04:32:05 INFO     src.poly_universe  Universe: 27 tradeable BTC/ETH markets (1 page(s), 27 BTC/ETH seen)
04:32:05 INFO     __main__  Universe refreshed: 27 markets
04:32:32 INFO     __main__  HEARTBEAT eval=0 signals=0 fills=0 arbs=0 arb-fills=0 no-spot=0 no-book=13182 warmup=0 markets=27 btcusdt[σ=0.052 iv=0.371 μ=-0.081] ethusdt[σ=0.076 iv=0.485 μ=+0.047] top-raw-gap=-1.000 ()
04:32:36 INFO     src.poly_universe  Universe: 27 tradeable BTC/ETH markets (1 page(s), 27 BTC/ETH seen)
04:32:36 INFO     __main__  Universe refreshed: 27 markets
04:33:02 INFO     __main__  HEARTBEAT eval=0 signals=0 fills=0 arbs=0 arb-fills=0 no-spot=0 no-book=16146 warmup=0 markets=27 btcusdt[σ=0.076 iv=0.371 μ=-0.005] ethusdt[σ=0.087 iv=0.485 μ=+0.037] top-raw-gap=-1.000 ()
04:33:06 INFO     src.poly_universe  Universe: 27 tradeable BTC/ETH markets (1 page(s), 27 BTC/ETH seen)
04:33:06 INFO     __main__  Universe refreshed: 27 markets
04:33:32 INFO     __main__  HEARTBEAT eval=0 signals=0 fills=0 arbs=0 arb-fills=0 no-spot=0 no-book=13440 warmup=0 markets=27 btcusdt[σ=0.051 iv=0.371 μ=+0.110] ethusdt[σ=0.074 iv=0.486 μ=+0.053] top-raw-gap=-1.000 ()
04:33:36 INFO     src.poly_universe  Universe: 27 tradeable BTC/ETH markets (1 page(s), 27 BTC/ETH seen)
04:33:36 INFO     __main__  Universe refreshed: 27 markets
04:34:02 INFO     __main__  HEARTBEAT eval=0 signals=0 fills=0 arbs=0 arb-fills=0 no-spot=0 no-book=8421 warmup=0 markets=27 btcusdt[σ=0.050 iv=0.371 μ=-0.041] ethusdt[σ=0.050 iv=0.486 μ=+0.121] top-raw-gap=-1.000 ()
04:34:06 INFO     src.poly_universe  Universe: 27 tradeable BTC/ETH markets (1 page(s), 27 BTC/ETH seen)
04:34:06 INFO     __main__  Universe refreshed: 27 markets
04:34:32 INFO     __main__  HEARTBEAT eval=0 signals=0 fills=0 arbs=0 arb-fills=0 no-spot=0 no-book=16670 warmup=0 markets=27 btcusdt[σ=0.070 iv=0.371 μ=-0.086] ethusdt[σ=0.066 iv=0.486 μ=-0.164] top-raw-gap=-1.000 ()
04:34:36 INFO     src.poly_universe  Universe: 28 tradeable BTC/ETH markets (1 page(s), 28 BTC/ETH seen)
04:34:36 INFO     __main__  Universe refreshed: 28 markets
04:35:02 INFO     __main__  HEARTBEAT eval=0 signals=0 fills=0 arbs=0 arb-fills=0 no-spot=0 no-book=13839 warmup=0 markets=28 btcusdt[σ=0.082 iv=0.371 μ=-0.076] ethusdt[σ=0.074 iv=0.486 μ=+0.142] top-raw-gap=-1.000 ()
04:35:06 INFO     src.poly_universe  Universe: 28 tradeable BTC/ETH markets (1 page(s), 28 BTC/ETH seen)
04:35:06 INFO     __main__  Universe refreshed: 28 markets
04:35:32 INFO     __main__  HEARTBEAT eval=0 signals=0 fills=0 arbs=0 arb-fills=0 no-spot=0 no-book=13916 warmup=0 markets=28 btcusdt[σ=0.094 iv=0.371 μ=-0.179] ethusdt[σ=0.094 iv=0.486 μ=-0.064] top-raw-gap=-1.000 ()
04:35:36 INFO     src.poly_universe  Universe: 28 tradeable BTC/ETH markets (1 page(s), 28 BTC/ETH seen)
04:35:36 INFO     __main__  Universe refreshed: 28 markets
04:36:02 INFO     __main__  HEARTBEAT eval=0 signals=0 fills=0 arbs=0 arb-fills=0 no-spot=0 no-book=12471 warmup=0 markets=28 btcusdt[σ=0.057 iv=0.371 μ=+0.010] ethusdt[σ=0.072 iv=0.486 μ=+0.177] top-raw-gap=-1.000 ()
04:36:07 INFO     src.poly_universe  Universe: 28 tradeable BTC/ETH markets (1 page(s), 28 BTC/ETH seen)
04:36:07 INFO     __main__  Universe refreshed: 28 markets
04:36:32 INFO     __main__  HEARTBEAT eval=0 signals=0 fills=0 arbs=0 arb-fills=0 no-spot=0 no-book=15174 warmup=0 markets=28 btcusdt[σ=0.062 iv=0.370 μ=+0.071] ethusdt[σ=0.080 iv=0.487 μ=+0.170] top-raw-gap=-1.000 ()
04:36:37 INFO     src.poly_universe  Universe: 28 tradeable BTC/ETH markets (1 page(s), 28 BTC/ETH seen)
04:36:37 INFO     __main__  Universe refreshed: 28 markets
04:37:02 INFO     __main__  HEARTBEAT eval=0 signals=0 fills=0 arbs=0 arb-fills=0 no-spot=0 no-book=15213 warmup=0 markets=28 btcusdt[σ=0.077 iv=0.370 μ=+0.156] ethusdt[σ=0.083 iv=0.487 μ=+0.095] top-raw-gap=-1.000 ()
04:37:07 INFO     src.poly_universe  Universe: 28 tradeable BTC/ETH markets (1 page(s), 28 BTC/ETH seen)
04:37:07 INFO     __main__  Universe refreshed: 28 markets
04:37:32 INFO     __main__  HEARTBEAT eval=0 signals=0 fills=0 arbs=0 arb-fills=0 no-spot=0 no-book=14878 warmup=0 markets=28 btcusdt[σ=0.079 iv=0.370 μ=-0.062] ethusdt[σ=0.072 iv=0.487 μ=+0.105] top-raw-gap=-1.000 ()
04:37:37 INFO     src.poly_universe  Universe: 28 tradeable BTC/ETH markets (1 page(s), 28 BTC/ETH seen)
04:37:37 INFO     __main__  Universe refreshed: 28 markets
04:38:02 INFO     __main__  HEARTBEAT eval=0 signals=0 fills=0 arbs=0 arb-fills=0 no-spot=0 no-book=13749 warmup=0 markets=28 btcusdt[σ=0.063 iv=0.370 μ=-0.126] ethusdt[σ=0.065 iv=0.487 μ=+0.077] top-raw-gap=-1.000 ()
04:38:07 INFO     src.poly_universe  Universe: 28 tradeable BTC/ETH markets (1 page(s), 28 BTC/ETH seen)
04:38:07 INFO     __main__  Universe refreshed: 28 markets
04:38:32 INFO     __main__  HEARTBEAT eval=0 signals=0 fills=0 arbs=0 arb-fills=0 no-spot=0 no-book=13235 warmup=0 markets=28 btcusdt[σ=0.050 iv=0.370 μ=-0.174] ethusdt[σ=0.072 iv=0.487 μ=+0.085] top-raw-gap=-1.000 ()
04:38:37 INFO     src.poly_universe  Universe: 28 tradeable BTC/ETH markets (1 page(s), 28 BTC/ETH seen)
04:38:37 INFO     __main__  Universe refreshed: 28 markets
04:39:02 INFO     __main__  HEARTBEAT eval=0 signals=0 fills=0 arbs=0 arb-fills=0 no-spot=0 no-book=14198 warmup=0 markets=28 btcusdt[σ=0.066 iv=0.370 μ=-0.056] ethusdt[σ=0.074 iv=0.487 μ=+0.059] top-raw-gap=-1.000 ()
04:39:08 INFO     src.poly_universe  Universe: 28 tradeable BTC/ETH markets (1 page(s), 28 BTC/ETH seen)
04:39:08 INFO     __main__  Universe refreshed: 28 markets
04:39:33 INFO     __main__  HEARTBEAT eval=0 signals=0 fills=0 arbs=0 arb-fills=0 no-spot=0 no-book=14076 warmup=0 markets=28 btcusdt[σ=0.059 iv=0.370 μ=+0.058] ethusdt[σ=0.075 iv=0.487 μ=+0.145] top-raw-gap=-1.000 ()
04:39:38 INFO     src.poly_universe  Universe: 28 tradeable BTC/ETH markets (1 page(s), 28 BTC/ETH seen)
04:39:38 INFO     __main__  Universe refreshed: 28 markets
04:40:03 INFO     __main__  HEARTBEAT eval=0 signals=0 fills=0 arbs=0 arb-fills=0 no-spot=0 no-book=12816 warmup=0 markets=28 btcusdt[σ=0.061 iv=0.370 μ=+0.080] ethusdt[σ=0.068 iv=0.487 μ=+0.121] top-raw-gap=-1.000 ()
04:40:08 INFO     src.poly_universe  Universe: 28 tradeable BTC/ETH markets (1 page(s), 28 BTC/ETH seen)
04:40:08 INFO     __main__  Universe refreshed: 28 markets
04:40:33 INFO     __main__  HEARTBEAT eval=0 signals=0 fills=0 arbs=0 arb-fills=0 no-spot=0 no-book=16984 warmup=0 markets=28 btcusdt[σ=0.068 iv=0.370 μ=-0.076] ethusdt[σ=0.128 iv=0.487 μ=+0.016] top-raw-gap=-1.000 ()
04:40:38 INFO     src.poly_universe  Universe: 28 tradeable BTC/ETH markets (1 page(s), 28 BTC/ETH seen)
04:40:38 INFO     __main__  Universe refreshed: 28 markets
04:41:03 INFO     __main__  HEARTBEAT eval=0 signals=0 fills=0 arbs=0 arb-fills=0 no-spot=0 no-book=13196 warmup=0 markets=28 btcusdt[σ=0.070 iv=0.370 μ=-0.054] ethusdt[σ=0.104 iv=0.487 μ=+0.130] top-raw-gap=-1.000 ()
04:41:08 INFO     src.poly_universe  Universe: 28 tradeable BTC/ETH markets (1 page(s), 28 BTC/ETH seen)
04:41:08 INFO     __main__  Universe refreshed: 28 markets
04:41:33 INFO     __main__  HEARTBEAT eval=0 signals=0 fills=0 arbs=0 arb-fills=0 no-spot=0 no-book=15216 warmup=0 markets=28 btcusdt[σ=0.078 iv=0.369 μ=-0.129] ethusdt[σ=0.076 iv=0.487 μ=+0.053] top-raw-gap=-1.000 ()
04:41:38 INFO     src.poly_universe  Universe: 28 tradeable BTC/ETH markets (1 page(s), 28 BTC/ETH seen)
04:41:38 INFO     __main__  Universe refreshed: 28 markets
04:42:03 INFO     __main__  HEARTBEAT eval=0 signals=0 fills=0 arbs=0 arb-fills=0 no-spot=0 no-book=14040 warmup=0 markets=28 btcusdt[σ=0.067 iv=0.369 μ=-0.043] ethusdt[σ=0.068 iv=0.487 μ=+0.169] top-raw-gap=-1.000 ()
04:42:09 INFO     src.poly_universe  Universe: 28 tradeable BTC/ETH markets (1 page(s), 28 BTC/ETH seen)
04:42:09 INFO     __main__  Universe refreshed: 28 markets
04:42:33 INFO     __main__  HEARTBEAT eval=0 signals=0 fills=0 arbs=0 arb-fills=0 no-spot=0 no-book=10808 warmup=0 markets=28 btcusdt[σ=0.064 iv=0.369 μ=-0.180] ethusdt[σ=0.069 iv=0.487 μ=-0.119] top-raw-gap=-1.000 ()
04:42:39 INFO     src.poly_universe  Universe: 28 tradeable BTC/ETH markets (1 page(s), 28 BTC/ETH seen)
04:42:39 INFO     __main__  Universe refreshed: 28 markets
04:43:03 INFO     __main__  HEARTBEAT eval=0 signals=0 fills=0 arbs=0 arb-fills=0 no-spot=0 no-book=10818 warmup=0 markets=28 btcusdt[σ=0.074 iv=0.369 μ=-0.191] ethusdt[σ=0.084 iv=0.487 μ=-0.072] top-raw-gap=-1.000 ()
04:43:09 INFO     src.poly_universe  Universe: 28 tradeable BTC/ETH markets (1 page(s), 28 BTC/ETH seen)
04:43:09 INFO     __main__  Universe refreshed: 28 markets
04:43:33 INFO     __main__  HEARTBEAT eval=0 signals=0 fills=0 arbs=0 arb-fills=0 no-spot=0 no-book=14065 warmup=0 markets=28 btcusdt[σ=0.050 iv=0.368 μ=-0.142] ethusdt[σ=0.056 iv=0.487 μ=+0.135] top-raw-gap=-1.000 ()
04:43:39 INFO     src.poly_universe  Universe: 28 tradeable BTC/ETH markets (1 page(s), 28 BTC/ETH seen)
04:43:39 INFO     __main__  Universe refreshed: 28 markets
04:44:03 INFO     __main__  HEARTBEAT eval=0 signals=0 fills=0 arbs=0 arb-fills=0 no-spot=0 no-book=14739 warmup=0 markets=28 btcusdt[σ=0.060 iv=0.368 μ=+0.155] ethusdt[σ=0.080 iv=0.487 μ=+0.109] top-raw-gap=-1.000 ()
04:44:09 INFO     src.poly_universe  Universe: 28 tradeable BTC/ETH markets (1 page(s), 28 BTC/ETH seen)
04:44:09 INFO     __main__  Universe refreshed: 28 markets
04:44:33 INFO     __main__  HEARTBEAT eval=0 signals=0 fills=0 arbs=0 arb-fills=0 no-spot=0 no-book=12536 warmup=0 markets=28 btcusdt[σ=0.057 iv=0.368 μ=-0.183] ethusdt[σ=0.075 iv=0.487 μ=+0.014] top-raw-gap=-1.000 ()
04:44:39 INFO     src.poly_universe  Universe: 28 tradeable BTC/ETH markets (1 page(s), 28 BTC/ETH seen)
04:44:39 INFO     __main__  Universe refreshed: 28 markets
04:45:03 INFO     __main__  HEARTBEAT eval=0 signals=0 fills=0 arbs=0 arb-fills=0 no-spot=0 no-book=11480 warmup=0 markets=28 btcusdt[σ=0.091 iv=0.368 μ=-0.153] ethusdt[σ=0.053 iv=0.487 μ=+0.174] top-raw-gap=-1.000 ()
04:45:09 INFO     src.poly_universe  Universe: 28 tradeable BTC/ETH markets (1 page(s), 28 BTC/ETH seen)
04:45:09 INFO     __main__  Universe refreshed: 28 markets
04:45:33 INFO     __main__  HEARTBEAT eval=0 signals=0 fills=0 arbs=0 arb-fills=0 no-spot=0 no-book=14479 warmup=0 markets=28 btcusdt[σ=0.066 iv=0.368 μ=-0.184] ethusdt[σ=0.073 iv=0.488 μ=-0.106] top-raw-gap=-1.000 ()
04:45:40 INFO     src.poly_universe  Universe: 28 tradeable BTC/ETH markets (1 page(s), 28 BTC/ETH seen)
04:45:40 INFO     __main__  Universe refreshed: 28 markets
04:46:03 INFO     __main__  HEARTBEAT eval=0 signals=0 fills=0 arbs=0 arb-fills=0 no-spot=0 no-book=16407 warmup=0 markets=28 btcusdt[σ=0.092 iv=0.368 μ=-0.164] ethusdt[σ=0.092 iv=0.488 μ=-0.006] top-raw-gap=-1.000 ()
04:46:10 INFO     src.poly_universe  Universe: 28 tradeable BTC/ETH markets (1 page(s), 28 BTC/ETH seen)
04:46:10 INFO     __main__  Universe refreshed: 28 markets
04:46:34 INFO     __main__  HEARTBEAT eval=0 signals=0 fills=0 arbs=0 arb-fills=0 no-spot=0 no-book=14296 warmup=0 markets=28 btcusdt[σ=0.082 iv=0.368 μ=+0.020] ethusdt[σ=0.082 iv=0.488 μ=-0.175] top-raw-gap=-1.000 ()
04:46:40 INFO     src.poly_universe  Universe: 28 tradeable BTC/ETH markets (1 page(s), 28 BTC/ETH seen)
04:46:40 INFO     __main__  Universe refreshed: 28 markets
04:47:04 INFO     __main__  HEARTBEAT eval=0 signals=0 fills=0 arbs=0 arb-fills=0 no-spot=0 no-book=15155 warmup=0 markets=28 btcusdt[σ=0.083 iv=0.368 μ=-0.002] ethusdt[σ=0.084 iv=0.488 μ=+0.091] top-raw-gap=-1.000 ()
04:47:10 INFO     src.poly_universe  Universe: 28 tradeable BTC/ETH markets (1 page(s), 28 BTC/ETH seen)
04:47:10 INFO     __main__  Universe refreshed: 28 markets
04:47:34 INFO     __main__  HEARTBEAT eval=0 signals=0 fills=0 arbs=0 arb-fills=0 no-spot=0 no-book=13512 warmup=0 markets=28 btcusdt[σ=0.064 iv=0.368 μ=-0.099] ethusdt[σ=0.077 iv=0.488 μ=-0.108] top-raw-gap=-1.000 ()
04:47:40 INFO     src.poly_universe  Universe: 28 tradeable BTC/ETH markets (1 page(s), 28 BTC/ETH seen)
04:47:40 INFO     __main__  Universe refreshed: 28 markets
04:48:04 INFO     __main__  HEARTBEAT eval=0 signals=0 fills=0 arbs=0 arb-fills=0 no-spot=0 no-book=14546 warmup=0 markets=28 btcusdt[σ=0.050 iv=0.368 μ=+0.018] ethusdt[σ=0.090 iv=0.488 μ=-0.158] top-raw-gap=-1.000 ()
04:48:10 INFO     src.poly_universe  Universe: 28 tradeable BTC/ETH markets (1 page(s), 28 BTC/ETH seen)
04:48:10 INFO     __main__  Universe refreshed: 28 markets
04:48:34 INFO     __main__  HEARTBEAT eval=0 signals=0 fills=0 arbs=0 arb-fills=0 no-spot=0 no-book=15761 warmup=0 markets=28 btcusdt[σ=0.073 iv=0.368 μ=+0.056] ethusdt[σ=0.079 iv=0.488 μ=+0.067] top-raw-gap=-1.000 ()
04:48:40 INFO     src.poly_universe  Universe: 28 tradeable BTC/ETH markets (1 page(s), 28 BTC/ETH seen)
04:48:40 INFO     __main__  Universe refreshed: 28 markets
04:49:04 INFO     __main__  HEARTBEAT eval=0 signals=0 fills=0 arbs=0 arb-fills=0 no-spot=0 no-book=13652 warmup=0 markets=28 btcusdt[σ=0.070 iv=0.368 μ=-0.003] ethusdt[σ=0.066 iv=0.488 μ=+0.087] top-raw-gap=-1.000 ()
04:49:11 INFO     src.poly_universe  Universe: 28 tradeable BTC/ETH markets (1 page(s), 28 BTC/ETH seen)
04:49:11 INFO     __main__  Universe refreshed: 28 markets
04:49:34 INFO     __main__  HEARTBEAT eval=0 signals=0 fills=0 arbs=0 arb-fills=0 no-spot=0 no-book=16301 warmup=0 markets=28 btcusdt[σ=0.080 iv=0.368 μ=+0.095] ethusdt[σ=0.074 iv=0.487 μ=-0.066] top-raw-gap=-1.000 ()
04:49:41 INFO     src.poly_universe  Universe: 28 tradeable BTC/ETH markets (1 page(s), 28 BTC/ETH seen)
04:49:41 INFO     __main__  Universe refreshed: 28 markets
04:50:04 INFO     __main__  HEARTBEAT eval=0 signals=0 fills=0 arbs=0 arb-fills=0 no-spot=0 no-book=17109 warmup=0 markets=28 btcusdt[σ=0.098 iv=0.368 μ=-0.193] ethusdt[σ=0.057 iv=0.487 μ=-0.093] top-raw-gap=-1.000 ()
04:50:11 INFO     src.poly_universe  Universe: 28 tradeable BTC/ETH markets (1 page(s), 28 BTC/ETH seen)
04:50:11 INFO     __main__  Universe refreshed: 28 markets
04:50:34 INFO     __main__  HEARTBEAT eval=0 signals=0 fills=0 arbs=0 arb-fills=0 no-spot=0 no-book=19762 warmup=0 markets=28 btcusdt[σ=0.091 iv=0.369 μ=-0.197] ethusdt[σ=0.102 iv=0.487 μ=-0.165] top-raw-gap=-1.000 ()
04:50:41 INFO     src.poly_universe  Universe: 28 tradeable BTC/ETH markets (1 page(s), 28 BTC/ETH seen)
04:50:41 INFO     __main__  Universe refreshed: 28 markets
04:51:04 INFO     __main__  HEARTBEAT eval=0 signals=0 fills=0 arbs=0 arb-fills=0 no-spot=0 no-book=25558 warmup=0 markets=28 btcusdt[σ=0.093 iv=0.369 μ=-0.078] ethusdt[σ=0.107 iv=0.487 μ=-0.115] top-raw-gap=-1.000 ()
04:51:11 INFO     src.poly_universe  Universe: 28 tradeable BTC/ETH markets (1 page(s), 28 BTC/ETH seen)
04:51:11 INFO     __main__  Universe refreshed: 28 markets
04:51:34 INFO     __main__  HEARTBEAT eval=0 signals=0 fills=0 arbs=0 arb-fills=0 no-spot=0 no-book=22750 warmup=0 markets=28 btcusdt[σ=0.112 iv=0.369 μ=+0.028] ethusdt[σ=0.104 iv=0.491 μ=+0.139] top-raw-gap=-1.000 ()
04:51:41 INFO     src.poly_universe  Universe: 28 tradeable BTC/ETH markets (1 page(s), 28 BTC/ETH seen)
04:51:41 INFO     __main__  Universe refreshed: 28 markets
04:52:04 INFO     __main__  HEARTBEAT eval=0 signals=0 fills=0 arbs=0 arb-fills=0 no-spot=0 no-book=17108 warmup=0 markets=28 btcusdt[σ=0.264 iv=0.369 μ=-0.158] ethusdt[σ=0.123 iv=0.491 μ=+0.012] top-raw-gap=-1.000 ()
04:52:11 INFO     src.poly_universe  Universe: 28 tradeable BTC/ETH markets (1 page(s), 28 BTC/ETH seen)
04:52:11 INFO     __main__  Universe refreshed: 28 markets
04:52:34 INFO     __main__  HEARTBEAT eval=0 signals=0 fills=0 arbs=0 arb-fills=0 no-spot=0 no-book=19780 warmup=0 markets=28 btcusdt[σ=0.177 iv=0.369 μ=-0.013] ethusdt[σ=0.111 iv=0.492 μ=-0.067] top-raw-gap=-1.000 ()
04:52:41 INFO     src.poly_universe  Universe: 28 tradeable BTC/ETH markets (1 page(s), 28 BTC/ETH seen)
04:52:41 INFO     __main__  Universe refreshed: 28 markets
04:53:04 INFO     __main__  HEARTBEAT eval=0 signals=0 fills=0 arbs=0 arb-fills=0 no-spot=0 no-book=15383 warmup=0 markets=28 btcusdt[σ=0.115 iv=0.369 μ=-0.052] ethusdt[σ=0.083 iv=0.492 μ=+0.010] top-raw-gap=-1.000 ()
04:53:12 INFO     src.poly_universe  Universe: 28 tradeable BTC/ETH markets (1 page(s), 28 BTC/ETH seen)
04:53:12 INFO     __main__  Universe refreshed: 28 markets
04:53:34 INFO     __main__  HEARTBEAT eval=0 signals=0 fills=0 arbs=0 arb-fills=0 no-spot=0 no-book=17532 warmup=0 markets=28 btcusdt[σ=0.095 iv=0.370 μ=+0.068] ethusdt[σ=0.076 iv=0.492 μ=+0.103] top-raw-gap=-1.000 ()
04:53:42 INFO     src.poly_universe  Universe: 28 tradeable BTC/ETH markets (1 page(s), 28 BTC/ETH seen)
04:53:42 INFO     __main__  Universe refreshed: 28 markets
04:54:04 INFO     __main__  HEARTBEAT eval=0 signals=0 fills=0 arbs=0 arb-fills=0 no-spot=0 no-book=15792 warmup=0 markets=28 btcusdt[σ=0.081 iv=0.370 μ=+0.020] ethusdt[σ=0.075 iv=0.492 μ=-0.127] top-raw-gap=-1.000 ()
04:54:12 INFO     src.poly_universe  Universe: 28 tradeable BTC/ETH markets (1 page(s), 28 BTC/ETH seen)
04:54:12 INFO     __main__  Universe refreshed: 28 markets
04:54:34 INFO     __main__  HEARTBEAT eval=0 signals=0 fills=0 arbs=0 arb-fills=0 no-spot=0 no-book=15376 warmup=0 markets=28 btcusdt[σ=0.076 iv=0.371 μ=+0.097] ethusdt[σ=0.069 iv=0.493 μ=+0.057] top-raw-gap=-1.000 ()
04:54:42 INFO     src.poly_universe  Universe: 28 tradeable BTC/ETH markets (1 page(s), 28 BTC/ETH seen)
04:54:42 INFO     __main__  Universe refreshed: 28 markets
04:55:04 INFO     __main__  HEARTBEAT eval=0 signals=0 fills=0 arbs=0 arb-fills=0 no-spot=0 no-book=19012 warmup=0 markets=28 btcusdt[σ=0.081 iv=0.371 μ=+0.096] ethusdt[σ=0.084 iv=0.493 μ=+0.085] top-raw-gap=-1.000 ()
04:55:12 INFO     src.poly_universe  Universe: 28 tradeable BTC/ETH markets (1 page(s), 28 BTC/ETH seen)
04:55:12 INFO     __main__  Universe refreshed: 28 markets
04:55:34 INFO     __main__  HEARTBEAT eval=0 signals=0 fills=0 arbs=0 arb-fills=0 no-spot=0 no-book=15480 warmup=0 markets=28 btcusdt[σ=0.078 iv=0.372 μ=+0.130] ethusdt[σ=0.074 iv=0.495 μ=+0.150] top-raw-gap=-1.000 ()
04:55:42 INFO     src.poly_universe  Universe: 28 tradeable BTC/ETH markets (1 page(s), 28 BTC/ETH seen)
04:55:42 INFO     __main__  Universe refreshed: 28 markets
04:56:05 INFO     __main__  HEARTBEAT eval=0 signals=0 fills=0 arbs=0 arb-fills=0 no-spot=0 no-book=13616 warmup=0 markets=28 btcusdt[σ=0.076 iv=0.372 μ=-0.007] ethusdt[σ=0.059 iv=0.495 μ=-0.191] top-raw-gap=-1.000 ()
04:56:13 INFO     src.poly_universe  Universe: 28 tradeable BTC/ETH markets (1 page(s), 28 BTC/ETH seen)
04:56:13 INFO     __main__  Universe refreshed: 28 markets
04:56:35 INFO     __main__  HEARTBEAT eval=0 signals=0 fills=0 arbs=0 arb-fills=0 no-spot=0 no-book=11940 warmup=0 markets=28 btcusdt[σ=0.063 iv=0.373 μ=-0.163] ethusdt[σ=0.050 iv=0.495 μ=-0.070] top-raw-gap=-1.000 ()
04:56:43 INFO     src.poly_universe  Universe: 28 tradeable BTC/ETH markets (1 page(s), 28 BTC/ETH seen)
04:56:43 INFO     __main__  Universe refreshed: 28 markets
04:57:05 INFO     __main__  HEARTBEAT eval=0 signals=0 fills=0 arbs=0 arb-fills=0 no-spot=0 no-book=13068 warmup=0 markets=28 btcusdt[σ=0.056 iv=0.373 μ=+0.116] ethusdt[σ=0.055 iv=0.495 μ=-0.057] top-raw-gap=-1.000 ()
04:57:13 INFO     src.poly_universe  Universe: 28 tradeable BTC/ETH markets (1 page(s), 28 BTC/ETH seen)
04:57:13 INFO     __main__  Universe refreshed: 28 markets
04:57:35 INFO     __main__  HEARTBEAT eval=0 signals=0 fills=0 arbs=0 arb-fills=0 no-spot=0 no-book=11092 warmup=0 markets=28 btcusdt[σ=0.050 iv=0.374 μ=-0.181] ethusdt[σ=0.112 iv=0.495 μ=-0.177] top-raw-gap=-1.000 ()
04:57:43 INFO     src.poly_universe  Universe: 28 tradeable BTC/ETH markets (1 page(s), 28 BTC/ETH seen)
04:57:43 INFO     __main__  Universe refreshed: 28 markets
04:58:05 INFO     __main__  HEARTBEAT eval=0 signals=0 fills=0 arbs=0 arb-fills=0 no-spot=13 no-book=9946 warmup=0 markets=28 btcusdt[σ=0.050 iv=0.374 μ=-0.186] ethusdt[σ=0.071 iv=0.495 μ=+0.067] top-raw-gap=-1.000 ()
04:58:13 INFO     src.poly_universe  Universe: 28 tradeable BTC/ETH markets (1 page(s), 28 BTC/ETH seen)
04:58:13 INFO     __main__  Universe refreshed: 28 markets
04:58:35 INFO     __main__  HEARTBEAT eval=0 signals=0 fills=0 arbs=0 arb-fills=0 no-spot=0 no-book=10267 warmup=0 markets=28 btcusdt[σ=0.050 iv=0.375 μ=+0.085] ethusdt[σ=0.062 iv=0.495 μ=-0.174] top-raw-gap=-1.000 ()
04:58:43 INFO     src.poly_universe  Universe: 28 tradeable BTC/ETH markets (1 page(s), 28 BTC/ETH seen)
04:58:43 INFO     __main__  Universe refreshed: 28 markets
04:59:05 INFO     __main__  HEARTBEAT eval=0 signals=0 fills=0 arbs=0 arb-fills=0 no-spot=0 no-book=12698 warmup=0 markets=28 btcusdt[σ=0.064 iv=0.375 μ=-0.000] ethusdt[σ=0.069 iv=0.495 μ=+0.030] top-raw-gap=-1.000 ()
04:59:13 INFO     src.poly_universe  Universe: 0 tradeable markets (1 page(s), 28 BTC/ETH seen) — pre-listed but not yet accepting orders, or outside window
04:59:13 INFO     __main__  Universe refreshed: 0 markets
04:59:44 INFO     src.poly_universe  Universe: 0 tradeable markets (1 page(s), 28 BTC/ETH seen) — pre-listed but not yet accepting orders, or outside window
04:59:44 INFO     __main__  Universe refreshed: 0 markets
05:00:14 INFO     src.poly_universe  Universe: 0 tradeable markets (1 page(s), 28 BTC/ETH seen) — pre-listed but not yet accepting orders, or outside window
05:00:14 INFO     __main__  Universe refreshed: 0 markets
05:00:44 INFO     src.poly_universe  Universe: 0 tradeable markets (1 page(s), 28 BTC/ETH seen) — pre-listed but not yet accepting orders, or outside window
05:00:44 INFO     __main__  Universe refreshed: 0 markets
05:01:14 INFO     src.poly_universe  Universe: 0 tradeable markets (1 page(s), 28 BTC/ETH seen) — pre-listed but not yet accepting orders, or outside window
05:01:14 INFO     __main__  Universe refreshed: 0 markets
05:01:44 INFO     src.poly_universe  Universe: 0 tradeable markets (1 page(s), 28 BTC/ETH seen) — pre-listed but not yet accepting orders, or outside window
05:01:44 INFO     __main__  Universe refreshed: 0 markets
05:02:14 INFO     src.poly_universe  Universe: 0 tradeable markets (1 page(s), 28 BTC/ETH seen) — pre-listed but not yet accepting orders, or outside window
05:02:14 INFO     __main__  Universe refreshed: 0 markets
05:02:45 INFO     src.poly_universe  Universe: 0 tradeable markets (1 page(s), 28 BTC/ETH seen) — pre-listed but not yet accepting orders, or outside window
05:02:45 INFO     __main__  Universe refreshed: 0 markets
05:03:15 INFO     src.poly_universe  Universe: 0 tradeable markets (1 page(s), 28 BTC/ETH seen) — pre-listed but not yet accepting orders, or outside window
05:03:15 INFO     __main__  Universe refreshed: 0 markets
05:03:45 INFO     src.poly_universe  Universe: 0 tradeable markets (1 page(s), 28 BTC/ETH seen) — pre-listed but not yet accepting orders, or outside window
05:03:45 INFO     __main__  Universe refreshed: 0 markets
05:04:15 INFO     src.poly_universe  Universe: 0 tradeable markets (1 page(s), 28 BTC/ETH seen) — pre-listed but not yet accepting orders, or outside window
05:04:15 INFO     __main__  Universe refreshed: 0 markets
05:04:45 INFO     src.poly_universe  Universe: 0 tradeable markets (1 page(s), 28 BTC/ETH seen) — pre-listed but not yet accepting orders, or outside window
05:04:45 INFO     __main__  Universe refreshed: 0 markets
05:05:15 INFO     src.poly_universe  Universe: 0 tradeable markets (1 page(s), 28 BTC/ETH seen) — pre-listed but not yet accepting orders, or outside window
05:05:15 INFO     __main__  Universe refreshed: 0 markets
05:05:45 INFO     src.poly_universe  Universe: 0 tradeable markets (1 page(s), 28 BTC/ETH seen) — pre-listed but not yet accepting orders, or outside window
05:05:45 INFO     __main__  Universe refreshed: 0 markets
05:06:16 INFO     src.poly_universe  Universe: 0 tradeable markets (1 page(s), 28 BTC/ETH seen) — pre-listed but not yet accepting orders, or outside window
05:06:16 INFO     __main__  Universe refreshed: 0 markets
05:06:46 INFO     src.poly_universe  Universe: 0 tradeable markets (1 page(s), 28 BTC/ETH seen) — pre-listed but not yet accepting orders, or outside window
05:06:46 INFO     __main__  Universe refreshed: 0 markets
05:07:16 INFO     src.poly_universe  Universe: 0 tradeable markets (1 page(s), 28 BTC/ETH seen) — pre-listed but not yet accepting orders, or outside window
05:07:16 INFO     __main__  Universe refreshed: 0 markets
05:07:46 INFO     src.poly_universe  Universe: 0 tradeable markets (1 page(s), 28 BTC/ETH seen) — pre-listed but not yet accepting orders, or outside window
05:07:46 INFO     __main__  Universe refreshed: 0 markets
05:08:16 INFO     src.poly_universe  Universe: 0 tradeable markets (1 page(s), 28 BTC/ETH seen) — pre-listed but not yet accepting orders, or outside window
05:08:16 INFO     __main__  Universe refreshed: 0 markets
05:08:46 INFO     src.poly_universe  Universe: 0 tradeable markets (1 page(s), 28 BTC/ETH seen) — pre-listed but not yet accepting orders, or outside window
05:08:46 INFO     __main__  Universe refreshed: 0 markets
05:09:16 INFO     src.poly_universe  Universe: 0 tradeable markets (1 page(s), 28 BTC/ETH seen) — pre-listed but not yet accepting orders, or outside window
05:09:16 INFO     __main__  Universe refreshed: 0 markets
05:09:47 INFO     src.poly_universe  Universe: 0 tradeable markets (1 page(s), 28 BTC/ETH seen) — pre-listed but not yet accepting orders, or outside window
05:09:47 INFO     __main__  Universe refreshed: 0 markets
05:10:17 INFO     src.poly_universe  Universe: 0 tradeable markets (1 page(s), 28 BTC/ETH seen) — pre-listed but not yet accepting orders, or outside window
05:10:17 INFO     __main__  Universe refreshed: 0 markets
05:10:47 INFO     src.poly_universe  Universe: 0 tradeable markets (1 page(s), 28 BTC/ETH seen) — pre-listed but not yet accepting orders, or outside window
05:10:47 INFO     __main__  Universe refreshed: 0 markets
05:11:17 INFO     src.poly_universe  Universe: 0 tradeable markets (1 page(s), 28 BTC/ETH seen) — pre-listed but not yet accepting orders, or outside window
05:11:17 INFO     __main__  Universe refreshed: 0 markets
05:11:47 INFO     src.poly_universe  Universe: 0 tradeable markets (1 page(s), 28 BTC/ETH seen) — pre-listed but not yet accepting orders, or outside window
05:11:47 INFO     __main__  Universe refreshed: 0 markets
05:12:17 INFO     src.poly_universe  Universe: 0 tradeable markets (1 page(s), 28 BTC/ETH seen) — pre-listed but not yet accepting orders, or outside window
05:12:17 INFO     __main__  Universe refreshed: 0 markets
05:12:47 INFO     src.poly_universe  Universe: 27 tradeable BTC/ETH markets (1 page(s), 28 BTC/ETH seen)
05:12:47 INFO     __main__  Universe refreshed: 27 markets
05:12:47 INFO     __main__  HEARTBEAT eval=0 signals=0 fills=0 arbs=0 arb-fills=0 no-spot=0 no-book=4717 warmup=0 markets=27 btcusdt[σ=0.062 iv=0.400 μ=-0.050] ethusdt[σ=0.072 iv=0.544 μ=-0.026] top-raw-gap=-1.000 ()
05:13:17 INFO     __main__  HEARTBEAT eval=0 signals=0 fills=0 arbs=0 arb-fills=0 no-spot=0 no-book=15668 warmup=0 markets=27 btcusdt[σ=0.056 iv=0.400 μ=+0.121] ethusdt[σ=0.066 iv=0.544 μ=+0.094] top-raw-gap=-1.000 ()
05:13:18 INFO     src.poly_universe  Universe: 27 tradeable BTC/ETH markets (1 page(s), 28 BTC/ETH seen)
05:13:18 INFO     __main__  Universe refreshed: 27 markets
05:13:48 INFO     __main__  HEARTBEAT eval=0 signals=0 fills=0 arbs=0 arb-fills=0 no-spot=0 no-book=16473 warmup=0 markets=27 btcusdt[σ=0.095 iv=0.400 μ=+0.111] ethusdt[σ=0.088 iv=0.544 μ=+0.020] top-raw-gap=-1.000 ()
05:13:48 INFO     src.poly_universe  Universe: 28 tradeable BTC/ETH markets (1 page(s), 28 BTC/ETH seen)
05:13:48 INFO     __main__  Universe refreshed: 28 markets
05:14:18 INFO     __main__  HEARTBEAT eval=0 signals=0 fills=0 arbs=0 arb-fills=0 no-spot=0 no-book=18982 warmup=0 markets=28 btcusdt[σ=0.098 iv=0.400 μ=-0.033] ethusdt[σ=0.088 iv=0.544 μ=-0.174] top-raw-gap=-1.000 ()
05:14:18 INFO     src.poly_universe  Universe: 29 tradeable BTC/ETH markets (1 page(s), 29 BTC/ETH seen)
05:14:18 INFO     __main__  Universe refreshed: 29 markets
05:14:48 INFO     __main__  HEARTBEAT eval=0 signals=0 fills=0 arbs=0 arb-fills=0 no-spot=0 no-book=18330 warmup=0 markets=29 btcusdt[σ=0.107 iv=0.400 μ=-0.147] ethusdt[σ=0.097 iv=0.544 μ=-0.143] top-raw-gap=-1.000 ()
05:14:48 INFO     src.poly_universe  Universe: 29 tradeable BTC/ETH markets (1 page(s), 29 BTC/ETH seen)
05:14:48 INFO     __main__  Universe refreshed: 29 markets
05:15:18 INFO     __main__  HEARTBEAT eval=0 signals=0 fills=0 arbs=0 arb-fills=0 no-spot=0 no-book=19941 warmup=0 markets=29 btcusdt[σ=0.131 iv=0.400 μ=+0.163] ethusdt[σ=0.107 iv=0.544 μ=+0.173] top-raw-gap=-1.000 ()
05:15:19 INFO     src.poly_universe  Universe: 36 tradeable BTC/ETH markets (1 page(s), 36 BTC/ETH seen)
05:15:19 INFO     __main__  Universe refreshed: 36 markets
05:15:48 INFO     __main__  HEARTBEAT eval=0 signals=0 fills=0 arbs=0 arb-fills=0 no-spot=0 no-book=19851 warmup=0 markets=36 btcusdt[σ=0.103 iv=0.401 μ=+0.006] ethusdt[σ=0.106 iv=0.544 μ=+0.139] top-raw-gap=-1.000 ()
05:15:49 INFO     src.poly_universe  Universe: 36 tradeable BTC/ETH markets (1 page(s), 36 BTC/ETH seen)
05:15:49 INFO     __main__  Universe refreshed: 36 markets
05:16:18 INFO     __main__  HEARTBEAT eval=0 signals=0 fills=0 arbs=0 arb-fills=0 no-spot=0 no-book=18992 warmup=0 markets=36 btcusdt[σ=0.073 iv=0.401 μ=+0.134] ethusdt[σ=0.077 iv=0.544 μ=+0.171] top-raw-gap=-1.000 ()
05:16:19 INFO     src.poly_universe  Universe: 36 tradeable BTC/ETH markets (1 page(s), 36 BTC/ETH seen)
05:16:19 INFO     __main__  Universe refreshed: 36 markets
05:16:48 INFO     __main__  HEARTBEAT eval=0 signals=0 fills=0 arbs=0 arb-fills=0 no-spot=0 no-book=24580 warmup=0 markets=36 btcusdt[σ=0.091 iv=0.400 μ=+0.123] ethusdt[σ=0.071 iv=0.544 μ=+0.106] top-raw-gap=-1.000 ()
05:16:49 INFO     src.poly_universe  Universe: 36 tradeable BTC/ETH markets (1 page(s), 36 BTC/ETH seen)
05:16:49 INFO     __main__  Universe refreshed: 36 markets
05:17:18 INFO     __main__  HEARTBEAT eval=0 signals=0 fills=0 arbs=0 arb-fills=0 no-spot=0 no-book=29624 warmup=0 markets=36 btcusdt[σ=0.115 iv=0.400 μ=+0.017] ethusdt[σ=0.119 iv=0.544 μ=+0.137] top-raw-gap=-1.000 ()
05:17:19 INFO     src.poly_universe  Universe: 36 tradeable BTC/ETH markets (1 page(s), 36 BTC/ETH seen)
05:17:19 INFO     __main__  Universe refreshed: 36 markets
05:17:48 INFO     __main__  HEARTBEAT eval=0 signals=0 fills=0 arbs=0 arb-fills=0 no-spot=0 no-book=20532 warmup=0 markets=36 btcusdt[σ=0.090 iv=0.400 μ=+0.105] ethusdt[σ=0.097 iv=0.543 μ=+0.049] top-raw-gap=-1.000 ()
05:17:49 INFO     src.poly_universe  Universe: 36 tradeable BTC/ETH markets (1 page(s), 36 BTC/ETH seen)
05:17:49 INFO     __main__  Universe refreshed: 36 markets
05:18:18 INFO     __main__  HEARTBEAT eval=0 signals=0 fills=0 arbs=0 arb-fills=0 no-spot=0 no-book=20040 warmup=0 markets=36 btcusdt[σ=0.078 iv=0.400 μ=-0.099] ethusdt[σ=0.103 iv=0.543 μ=-0.074] top-raw-gap=-1.000 ()
05:18:19 INFO     src.poly_universe  Universe: 36 tradeable BTC/ETH markets (1 page(s), 36 BTC/ETH seen)
05:18:19 INFO     __main__  Universe refreshed: 36 markets
05:18:48 INFO     __main__  HEARTBEAT eval=0 signals=0 fills=0 arbs=0 arb-fills=0 no-spot=0 no-book=21112 warmup=0 markets=36 btcusdt[σ=0.489 iv=0.399 μ=+0.185] ethusdt[σ=0.108 iv=0.543 μ=+0.089] top-raw-gap=-1.000 ()
05:18:49 INFO     src.poly_universe  Universe: 36 tradeable BTC/ETH markets (1 page(s), 36 BTC/ETH seen)
05:18:49 INFO     __main__  Universe refreshed: 36 markets
05:19:18 INFO     __main__  HEARTBEAT eval=0 signals=0 fills=0 arbs=0 arb-fills=0 no-spot=0 no-book=26072 warmup=0 markets=36 btcusdt[σ=0.316 iv=0.399 μ=+0.135] ethusdt[σ=0.124 iv=0.543 μ=+0.060] top-raw-gap=-1.000 ()
05:19:20 INFO     src.poly_universe  Universe: 36 tradeable BTC/ETH markets (1 page(s), 36 BTC/ETH seen)
05:19:20 INFO     __main__  Universe refreshed: 36 markets
05:19:48 INFO     __main__  HEARTBEAT eval=0 signals=0 fills=0 arbs=0 arb-fills=0 no-spot=0 no-book=22152 warmup=0 markets=36 btcusdt[σ=0.203 iv=0.398 μ=+0.075] ethusdt[σ=0.099 iv=0.541 μ=+0.145] top-raw-gap=-1.000 ()
05:19:50 INFO     src.poly_universe  Universe: 36 tradeable BTC/ETH markets (1 page(s), 36 BTC/ETH seen)
05:19:50 INFO     __main__  Universe refreshed: 36 markets
05:20:18 INFO     __main__  HEARTBEAT eval=0 signals=0 fills=0 arbs=0 arb-fills=0 no-spot=0 no-book=23956 warmup=0 markets=36 btcusdt[σ=0.153 iv=0.398 μ=-0.084] ethusdt[σ=0.106 iv=0.541 μ=+0.063] top-raw-gap=-1.000 ()
05:20:20 INFO     src.poly_universe  Universe: 36 tradeable BTC/ETH markets (1 page(s), 36 BTC/ETH seen)
05:20:20 INFO     __main__  Universe refreshed: 36 markets
05:20:49 INFO     __main__  HEARTBEAT eval=0 signals=0 fills=0 arbs=0 arb-fills=0 no-spot=0 no-book=18836 warmup=0 markets=36 btcusdt[σ=0.121 iv=0.396 μ=-0.098] ethusdt[σ=0.097 iv=0.537 μ=-0.171] top-raw-gap=-1.000 ()
05:20:50 INFO     src.poly_universe  Universe: 36 tradeable BTC/ETH markets (1 page(s), 36 BTC/ETH seen)
05:20:50 INFO     __main__  Universe refreshed: 36 markets
05:21:19 INFO     __main__  HEARTBEAT eval=0 signals=0 fills=0 arbs=0 arb-fills=0 no-spot=0 no-book=15996 warmup=0 markets=36 btcusdt[σ=0.089 iv=0.396 μ=-0.029] ethusdt[σ=0.085 iv=0.537 μ=-0.115] top-raw-gap=-1.000 ()
05:21:20 INFO     src.poly_universe  Universe: 36 tradeable BTC/ETH markets (1 page(s), 36 BTC/ETH seen)
05:21:20 INFO     __main__  Universe refreshed: 36 markets
05:21:49 INFO     __main__  HEARTBEAT eval=0 signals=0 fills=0 arbs=0 arb-fills=0 no-spot=0 no-book=14292 warmup=0 markets=36 btcusdt[σ=0.063 iv=0.394 μ=-0.163] ethusdt[σ=0.061 iv=0.535 μ=-0.133] top-raw-gap=-1.000 ()
05:21:50 INFO     src.poly_universe  Universe: 36 tradeable BTC/ETH markets (1 page(s), 36 BTC/ETH seen)
05:21:50 INFO     __main__  Universe refreshed: 36 markets
05:22:19 INFO     __main__  HEARTBEAT eval=0 signals=0 fills=0 arbs=0 arb-fills=0 no-spot=0 no-book=18856 warmup=0 markets=36 btcusdt[σ=0.057 iv=0.394 μ=+0.071] ethusdt[σ=0.072 iv=0.535 μ=+0.080] top-raw-gap=-1.000 ()
05:22:20 INFO     src.poly_universe  Universe: 36 tradeable BTC/ETH markets (1 page(s), 36 BTC/ETH seen)
05:22:20 INFO     __main__  Universe refreshed: 36 markets
05:22:49 INFO     __main__  HEARTBEAT eval=0 signals=0 fills=0 arbs=0 arb-fills=0 no-spot=0 no-book=17748 warmup=0 markets=36 btcusdt[σ=0.071 iv=0.393 μ=+0.105] ethusdt[σ=0.083 iv=0.535 μ=-0.176] top-raw-gap=-1.000 ()
05:22:51 INFO     src.poly_universe  Universe: 36 tradeable BTC/ETH markets (1 page(s), 36 BTC/ETH seen)
05:22:51 INFO     __main__  Universe refreshed: 36 markets
05:23:19 INFO     __main__  HEARTBEAT eval=0 signals=0 fills=0 arbs=0 arb-fills=0 no-spot=0 no-book=16112 warmup=0 markets=36 btcusdt[σ=0.082 iv=0.393 μ=-0.038] ethusdt[σ=0.088 iv=0.535 μ=+0.133] top-raw-gap=-1.000 ()
05:23:21 INFO     src.poly_universe  Universe: 36 tradeable BTC/ETH markets (1 page(s), 36 BTC/ETH seen)
05:23:21 INFO     __main__  Universe refreshed: 36 markets
05:23:49 INFO     __main__  HEARTBEAT eval=0 signals=0 fills=0 arbs=0 arb-fills=0 no-spot=0 no-book=23828 warmup=0 markets=36 btcusdt[σ=0.094 iv=0.391 μ=+0.161] ethusdt[σ=0.090 iv=0.535 μ=+0.106] top-raw-gap=-1.000 ()
05:23:51 INFO     src.poly_universe  Universe: 36 tradeable BTC/ETH markets (1 page(s), 36 BTC/ETH seen)
05:23:51 INFO     __main__  Universe refreshed: 36 markets
05:24:01 WARNING  src.poly_ws  Polymarket WS closed (no close frame received or sent), reconnecting in 1.0s
05:24:02 INFO     src.poly_ws  Polymarket WS connected: wss://ws-subscriptions-clob.polymarket.com/ws/market
05:24:19 INFO     __main__  HEARTBEAT eval=1681 signals=0 fills=0 arbs=0 arb-fills=0 no-spot=0 no-book=16885 warmup=0 markets=36 btcusdt[σ=0.113 iv=0.391 μ=-0.030] ethusdt[σ=0.109 iv=0.535 μ=+0.159] top-raw-gap=-1.000 ()
05:24:21 INFO     src.poly_universe  Universe: 36 tradeable BTC/ETH markets (1 page(s), 36 BTC/ETH seen)
05:24:21 INFO     __main__  Universe refreshed: 36 markets
05:24:49 INFO     __main__  HEARTBEAT eval=0 signals=0 fills=0 arbs=0 arb-fills=0 no-spot=0 no-book=21284 warmup=0 markets=36 btcusdt[σ=0.076 iv=0.389 μ=+0.192] ethusdt[σ=0.092 iv=0.535 μ=+0.013] top-raw-gap=-1.000 ()
05:24:51 INFO     src.poly_universe  Universe: 36 tradeable BTC/ETH markets (1 page(s), 36 BTC/ETH seen)
05:24:51 INFO     __main__  Universe refreshed: 36 markets
05:25:19 INFO     __main__  HEARTBEAT eval=0 signals=0 fills=0 arbs=0 arb-fills=0 no-spot=0 no-book=21340 warmup=0 markets=36 btcusdt[σ=0.079 iv=0.389 μ=+0.142] ethusdt[σ=0.087 iv=0.535 μ=+0.004] top-raw-gap=-1.000 ()
05:25:21 INFO     src.poly_universe  Universe: 36 tradeable BTC/ETH markets (1 page(s), 36 BTC/ETH seen)
05:25:21 INFO     __main__  Universe refreshed: 36 markets
05:25:49 INFO     __main__  HEARTBEAT eval=109 signals=0 fills=0 arbs=0 arb-fills=0 no-spot=0 no-book=25084 warmup=0 markets=36 btcusdt[σ=0.109 iv=0.388 μ=+0.094] ethusdt[σ=0.096 iv=0.534 μ=+0.110] top-raw-gap=-1.000 ()
05:25:52 INFO     src.poly_universe  Universe: 36 tradeable BTC/ETH markets (1 page(s), 36 BTC/ETH seen)
05:25:52 INFO     __main__  Universe refreshed: 36 markets
05:26:19 INFO     __main__  HEARTBEAT eval=0 signals=0 fills=0 arbs=0 arb-fills=0 no-spot=0 no-book=24184 warmup=0 markets=36 btcusdt[σ=0.123 iv=0.388 μ=-0.103] ethusdt[σ=0.109 iv=0.534 μ=-0.069] top-raw-gap=-1.000 ()
05:26:22 INFO     src.poly_universe  Universe: 36 tradeable BTC/ETH markets (1 page(s), 36 BTC/ETH seen)
05:26:22 INFO     __main__  Universe refreshed: 36 markets
05:26:49 INFO     __main__  HEARTBEAT eval=0 signals=0 fills=0 arbs=0 arb-fills=0 no-spot=0 no-book=23588 warmup=0 markets=36 btcusdt[σ=0.125 iv=0.386 μ=-0.097] ethusdt[σ=0.129 iv=0.530 μ=-0.052] top-raw-gap=-1.000 ()
05:26:52 INFO     src.poly_universe  Universe: 36 tradeable BTC/ETH markets (1 page(s), 36 BTC/ETH seen)
05:26:52 INFO     __main__  Universe refreshed: 36 markets
05:27:19 INFO     __main__  HEARTBEAT eval=0 signals=0 fills=0 arbs=0 arb-fills=0 no-spot=0 no-book=20880 warmup=0 markets=36 btcusdt[σ=0.118 iv=0.386 μ=-0.041] ethusdt[σ=0.120 iv=0.530 μ=-0.011] top-raw-gap=-1.000 ()
05:27:22 INFO     src.poly_universe  Universe: 36 tradeable BTC/ETH markets (1 page(s), 36 BTC/ETH seen)
05:27:22 INFO     __main__  Universe refreshed: 36 markets
05:27:49 INFO     __main__  HEARTBEAT eval=325 signals=0 fills=0 arbs=0 arb-fills=0 no-spot=0 no-book=22352 warmup=0 markets=36 btcusdt[σ=0.115 iv=0.385 μ=-0.145] ethusdt[σ=0.123 iv=0.530 μ=-0.130] top-raw-gap=0.026 (Bitcoin above 64,200 on June 22, 12AM ET?)
05:27:52 INFO     src.poly_universe  Universe: 36 tradeable BTC/ETH markets (1 page(s), 36 BTC/ETH seen)
05:27:52 INFO     __main__  Universe refreshed: 36 markets
05:28:19 INFO     __main__  HEARTBEAT eval=0 signals=0 fills=0 arbs=0 arb-fills=0 no-spot=0 no-book=21456 warmup=0 markets=36 btcusdt[σ=0.131 iv=0.385 μ=-0.036] ethusdt[σ=0.105 iv=0.530 μ=-0.001] top-raw-gap=-1.000 ()
05:28:22 INFO     src.poly_universe  Universe: 36 tradeable BTC/ETH markets (1 page(s), 36 BTC/ETH seen)
05:28:22 INFO     __main__  Universe refreshed: 36 markets
05:28:50 INFO     __main__  HEARTBEAT eval=99 signals=0 fills=0 arbs=0 arb-fills=0 no-spot=0 no-book=17674 warmup=0 markets=36 btcusdt[σ=0.096 iv=0.383 μ=+0.174] ethusdt[σ=0.078 iv=0.530 μ=-0.110] top-raw-gap=-1.000 ()
05:28:52 INFO     src.poly_universe  Universe: 36 tradeable BTC/ETH markets (1 page(s), 36 BTC/ETH seen)
05:28:52 INFO     __main__  Universe refreshed: 36 markets
05:29:20 INFO     __main__  HEARTBEAT eval=0 signals=0 fills=0 arbs=0 arb-fills=0 no-spot=16 no-book=17372 warmup=0 markets=36 btcusdt[σ=0.083 iv=0.383 μ=-0.018] ethusdt[σ=0.098 iv=0.530 μ=-0.057] top-raw-gap=-1.000 ()
05:29:23 INFO     src.poly_universe  Universe: 36 tradeable BTC/ETH markets (1 page(s), 36 BTC/ETH seen)
05:29:23 INFO     __main__  Universe refreshed: 36 markets
05:29:50 INFO     __main__  HEARTBEAT eval=0 signals=0 fills=0 arbs=0 arb-fills=0 no-spot=0 no-book=14608 warmup=0 markets=36 btcusdt[σ=0.053 iv=0.381 μ=+0.182] ethusdt[σ=0.063 iv=0.529 μ=-0.118] top-raw-gap=-1.000 ()
05:29:53 INFO     src.poly_universe  Universe: 36 tradeable BTC/ETH markets (1 page(s), 36 BTC/ETH seen)
05:29:53 INFO     __main__  Universe refreshed: 36 markets
05:30:20 INFO     __main__  HEARTBEAT eval=530 signals=0 fills=0 arbs=0 arb-fills=0 no-spot=0 no-book=22057 warmup=7 markets=36 btcusdt[σ=0.096 iv=0.381 μ=+0.198] ethusdt[σ=0.156 iv=0.529 μ=+0.167] top-raw-gap=0.034 (Bitcoin above 64,200 on June 22, 12AM ET?)
05:30:23 INFO     src.poly_universe  Universe: 36 tradeable BTC/ETH markets (1 page(s), 36 BTC/ETH seen)
05:30:23 INFO     __main__  Universe refreshed: 36 markets
05:30:50 INFO     __main__  HEARTBEAT eval=251 signals=0 fills=0 arbs=0 arb-fills=0 no-spot=0 no-book=24589 warmup=0 markets=36 btcusdt[σ=0.102 iv=0.380 μ=-0.140] ethusdt[σ=0.114 iv=0.529 μ=-0.018] top-raw-gap=-1.000 ()
05:30:53 INFO     src.poly_universe  Universe: 36 tradeable BTC/ETH markets (1 page(s), 36 BTC/ETH seen)
05:30:53 INFO     __main__  Universe refreshed: 36 markets
05:31:20 INFO     __main__  HEARTBEAT eval=0 signals=0 fills=0 arbs=0 arb-fills=0 no-spot=0 no-book=20772 warmup=0 markets=36 btcusdt[σ=0.095 iv=0.380 μ=+0.112] ethusdt[σ=0.083 iv=0.529 μ=+0.182] top-raw-gap=-1.000 ()
05:31:23 INFO     src.poly_universe  Universe: 36 tradeable BTC/ETH markets (1 page(s), 36 BTC/ETH seen)
05:31:23 INFO     __main__  Universe refreshed: 36 markets
05:31:50 INFO     __main__  HEARTBEAT eval=0 signals=0 fills=0 arbs=0 arb-fills=0 no-spot=0 no-book=17856 warmup=0 markets=36 btcusdt[σ=0.080 iv=0.379 μ=+0.164] ethusdt[σ=0.070 iv=0.529 μ=-0.176] top-raw-gap=-1.000 ()
05:31:53 INFO     src.poly_universe  Universe: 36 tradeable BTC/ETH markets (1 page(s), 36 BTC/ETH seen)
05:31:53 INFO     __main__  Universe refreshed: 36 markets
05:32:20 INFO     __main__  HEARTBEAT eval=0 signals=0 fills=0 arbs=0 arb-fills=0 no-spot=0 no-book=30732 warmup=0 markets=36 btcusdt[σ=0.128 iv=0.379 μ=+0.105] ethusdt[σ=0.127 iv=0.529 μ=+0.090] top-raw-gap=-1.000 ()
05:32:23 INFO     src.poly_universe  Universe: 36 tradeable BTC/ETH markets (1 page(s), 36 BTC/ETH seen)
05:32:23 INFO     __main__  Universe refreshed: 36 markets
05:32:50 INFO     __main__  HEARTBEAT eval=0 signals=0 fills=0 arbs=0 arb-fills=0 no-spot=0 no-book=20696 warmup=0 markets=36 btcusdt[σ=0.109 iv=0.378 μ=-0.020] ethusdt[σ=0.104 iv=0.528 μ=+0.091] top-raw-gap=-1.000 ()
05:32:54 INFO     src.poly_universe  Universe: 36 tradeable BTC/ETH markets (1 page(s), 36 BTC/ETH seen)
05:32:54 INFO     __main__  Universe refreshed: 36 markets
05:33:20 INFO     __main__  HEARTBEAT eval=0 signals=0 fills=0 arbs=0 arb-fills=0 no-spot=0 no-book=15880 warmup=0 markets=36 btcusdt[σ=0.111 iv=0.378 μ=-0.195] ethusdt[σ=0.118 iv=0.528 μ=+0.080] top-raw-gap=-1.000 ()
05:33:24 INFO     src.poly_universe  Universe: 36 tradeable BTC/ETH markets (1 page(s), 36 BTC/ETH seen)
05:33:24 INFO     __main__  Universe refreshed: 36 markets
05:33:50 INFO     __main__  HEARTBEAT eval=0 signals=0 fills=0 arbs=0 arb-fills=0 no-spot=0 no-book=23236 warmup=0 markets=36 btcusdt[σ=0.165 iv=0.378 μ=-0.091] ethusdt[σ=0.126 iv=0.528 μ=+0.055] top-raw-gap=-1.000 ()
05:33:54 INFO     src.poly_universe  Universe: 36 tradeable BTC/ETH markets (1 page(s), 36 BTC/ETH seen)
05:33:54 INFO     __main__  Universe refreshed: 36 markets
05:34:03 WARNING  src.poly_ws  Polymarket WS closed (no close frame received or sent), reconnecting in 1.0s
05:34:04 INFO     src.poly_ws  Polymarket WS connected: wss://ws-subscriptions-clob.polymarket.com/ws/market
05:34:20 INFO     __main__  HEARTBEAT eval=2709 signals=0 fills=0 arbs=0 arb-fills=0 no-spot=0 no-book=16930 warmup=0 markets=36 btcusdt[σ=0.110 iv=0.378 μ=-0.180] ethusdt[σ=0.087 iv=0.528 μ=+0.128] top-raw-gap=-1.000 ()
05:34:24 INFO     src.poly_universe  Universe: 36 tradeable BTC/ETH markets (1 page(s), 36 BTC/ETH seen)
05:34:24 INFO     __main__  Universe refreshed: 36 markets
05:34:50 INFO     __main__  HEARTBEAT eval=0 signals=0 fills=0 arbs=0 arb-fills=0 no-spot=0 no-book=24952 warmup=0 markets=36 btcusdt[σ=0.127 iv=0.377 μ=+0.017] ethusdt[σ=0.100 iv=0.528 μ=+0.111] top-raw-gap=-1.000 ()
05:34:54 INFO     src.poly_universe  Universe: 36 tradeable BTC/ETH markets (1 page(s), 36 BTC/ETH seen)
05:34:54 INFO     __main__  Universe refreshed: 36 markets
05:35:20 INFO     __main__  HEARTBEAT eval=0 signals=0 fills=0 arbs=0 arb-fills=0 no-spot=0 no-book=16064 warmup=0 markets=36 btcusdt[σ=0.089 iv=0.377 μ=-0.189] ethusdt[σ=0.078 iv=0.528 μ=+0.051] top-raw-gap=-1.000 ()
05:35:24 INFO     src.poly_universe  Universe: 36 tradeable BTC/ETH markets (1 page(s), 36 BTC/ETH seen)
05:35:24 INFO     __main__  Universe refreshed: 36 markets
05:35:50 INFO     __main__  HEARTBEAT eval=0 signals=0 fills=0 arbs=0 arb-fills=0 no-spot=0 no-book=18228 warmup=0 markets=36 btcusdt[σ=0.086 iv=0.376 μ=-0.118] ethusdt[σ=0.097 iv=0.527 μ=+0.042] top-raw-gap=-1.000 ()
05:35:54 INFO     src.poly_universe  Universe: 36 tradeable BTC/ETH markets (1 page(s), 36 BTC/ETH seen)
05:35:54 INFO     __main__  Universe refreshed: 36 markets
05:36:20 INFO     __main__  HEARTBEAT eval=0 signals=0 fills=0 arbs=0 arb-fills=0 no-spot=0 no-book=14612 warmup=0 markets=36 btcusdt[σ=0.070 iv=0.376 μ=+0.076] ethusdt[σ=0.092 iv=0.527 μ=+0.081] top-raw-gap=-1.000 ()
05:36:25 INFO     src.poly_universe  Universe: 36 tradeable BTC/ETH markets (1 page(s), 36 BTC/ETH seen)
05:36:25 INFO     __main__  Universe refreshed: 36 markets
05:36:50 INFO     __main__  HEARTBEAT eval=0 signals=0 fills=0 arbs=0 arb-fills=0 no-spot=0 no-book=15456 warmup=0 markets=36 btcusdt[σ=0.070 iv=0.376 μ=-0.143] ethusdt[σ=0.076 iv=0.527 μ=+0.136] top-raw-gap=-1.000 ()
05:36:55 INFO     src.poly_universe  Universe: 36 tradeable BTC/ETH markets (1 page(s), 36 BTC/ETH seen)
05:36:55 INFO     __main__  Universe refreshed: 36 markets
05:37:20 INFO     __main__  HEARTBEAT eval=0 signals=0 fills=0 arbs=0 arb-fills=0 no-spot=0 no-book=18260 warmup=0 markets=36 btcusdt[σ=0.065 iv=0.376 μ=-0.184] ethusdt[σ=0.089 iv=0.527 μ=+0.051] top-raw-gap=-1.000 ()
05:37:25 INFO     src.poly_universe  Universe: 36 tradeable BTC/ETH markets (1 page(s), 36 BTC/ETH seen)
05:37:25 INFO     __main__  Universe refreshed: 36 markets
05:37:50 INFO     __main__  HEARTBEAT eval=0 signals=0 fills=0 arbs=0 arb-fills=0 no-spot=0 no-book=17068 warmup=0 markets=36 btcusdt[σ=0.075 iv=0.376 μ=+0.088] ethusdt[σ=0.084 iv=0.527 μ=+0.045] top-raw-gap=-1.000 ()
05:37:55 INFO     src.poly_universe  Universe: 36 tradeable BTC/ETH markets (1 page(s), 36 BTC/ETH seen)
05:37:55 INFO     __main__  Universe refreshed: 36 markets
05:38:21 INFO     __main__  HEARTBEAT eval=0 signals=0 fills=0 arbs=0 arb-fills=0 no-spot=0 no-book=17724 warmup=0 markets=36 btcusdt[σ=0.072 iv=0.376 μ=+0.100] ethusdt[σ=0.083 iv=0.527 μ=+0.094] top-raw-gap=-1.000 ()
05:38:25 INFO     src.poly_universe  Universe: 36 tradeable BTC/ETH markets (1 page(s), 36 BTC/ETH seen)
05:38:25 INFO     __main__  Universe refreshed: 36 markets
05:38:51 INFO     __main__  HEARTBEAT eval=0 signals=0 fills=0 arbs=0 arb-fills=0 no-spot=0 no-book=14048 warmup=0 markets=36 btcusdt[σ=0.085 iv=0.375 μ=+0.133] ethusdt[σ=0.095 iv=0.527 μ=+0.131] top-raw-gap=-1.000 ()
05:38:55 INFO     src.poly_universe  Universe: 36 tradeable BTC/ETH markets (1 page(s), 36 BTC/ETH seen)
05:38:55 INFO     __main__  Universe refreshed: 36 markets
05:39:21 INFO     __main__  HEARTBEAT eval=0 signals=0 fills=0 arbs=0 arb-fills=0 no-spot=0 no-book=18420 warmup=0 markets=36 btcusdt[σ=0.074 iv=0.375 μ=+0.091] ethusdt[σ=0.087 iv=0.527 μ=+0.180] top-raw-gap=-1.000 ()
05:39:25 INFO     src.poly_universe  Universe: 36 tradeable BTC/ETH markets (1 page(s), 36 BTC/ETH seen)
05:39:25 INFO     __main__  Universe refreshed: 36 markets
05:39:51 INFO     __main__  HEARTBEAT eval=0 signals=0 fills=0 arbs=0 arb-fills=0 no-spot=0 no-book=16948 warmup=0 markets=36 btcusdt[σ=0.074 iv=0.375 μ=-0.128] ethusdt[σ=0.099 iv=0.527 μ=+0.093] top-raw-gap=-1.000 ()
05:39:56 INFO     src.poly_universe  Universe: 36 tradeable BTC/ETH markets (1 page(s), 36 BTC/ETH seen)
05:39:56 INFO     __main__  Universe refreshed: 36 markets
05:40:21 INFO     __main__  HEARTBEAT eval=0 signals=0 fills=0 arbs=0 arb-fills=0 no-spot=0 no-book=16880 warmup=0 markets=36 btcusdt[σ=0.071 iv=0.375 μ=-0.023] ethusdt[σ=0.099 iv=0.527 μ=+0.140] top-raw-gap=-1.000 ()
05:40:26 INFO     src.poly_universe  Universe: 36 tradeable BTC/ETH markets (1 page(s), 36 BTC/ETH seen)
05:40:26 INFO     __main__  Universe refreshed: 36 markets
05:40:51 INFO     __main__  HEARTBEAT eval=0 signals=0 fills=0 arbs=0 arb-fills=0 no-spot=0 no-book=13912 warmup=0 markets=36 btcusdt[σ=0.051 iv=0.376 μ=+0.083] ethusdt[σ=0.067 iv=0.527 μ=+0.190] top-raw-gap=-1.000 ()
05:40:56 INFO     src.poly_universe  Universe: 36 tradeable BTC/ETH markets (1 page(s), 36 BTC/ETH seen)
05:40:56 INFO     __main__  Universe refreshed: 36 markets
05:41:21 INFO     __main__  HEARTBEAT eval=0 signals=0 fills=0 arbs=0 arb-fills=0 no-spot=0 no-book=13969 warmup=29 markets=36 btcusdt[σ=0.050 iv=0.376 μ=-0.175] ethusdt[σ=0.057 iv=0.527 μ=+0.167] top-raw-gap=-1.000 ()
05:41:26 INFO     src.poly_universe  Universe: 36 tradeable BTC/ETH markets (1 page(s), 36 BTC/ETH seen)
05:41:26 INFO     __main__  Universe refreshed: 36 markets
05:41:51 INFO     __main__  HEARTBEAT eval=0 signals=0 fills=0 arbs=0 arb-fills=0 no-spot=0 no-book=12935 warmup=9 markets=36 btcusdt[σ=0.050 iv=0.376 μ=+0.078] ethusdt[σ=0.056 iv=0.527 μ=+0.140] top-raw-gap=-1.000 ()
05:41:56 INFO     src.poly_universe  Universe: 37 tradeable BTC/ETH markets (1 page(s), 37 BTC/ETH seen)
05:41:56 INFO     __main__  Universe refreshed: 37 markets
05:42:22 INFO     __main__  HEARTBEAT eval=0 signals=0 fills=0 arbs=0 arb-fills=0 no-spot=0 no-book=15815 warmup=0 markets=37 btcusdt[σ=0.050 iv=0.376 μ=-0.144] ethusdt[σ=0.061 iv=0.527 μ=+0.162] top-raw-gap=-1.000 ()
05:42:26 INFO     src.poly_universe  Universe: 56 tradeable BTC/ETH markets (1 page(s), 56 BTC/ETH seen)
05:42:26 INFO     __main__  Universe refreshed: 56 markets
05:42:52 INFO     __main__  HEARTBEAT eval=0 signals=0 fills=0 arbs=0 arb-fills=0 no-spot=0 no-book=22860 warmup=0 markets=56 btcusdt[σ=0.050 iv=0.376 μ=+0.134] ethusdt[σ=0.068 iv=0.526 μ=-0.199] top-raw-gap=-1.000 ()
05:42:57 INFO     src.poly_universe  Universe: 65 tradeable BTC/ETH markets (1 page(s), 65 BTC/ETH seen)
05:42:57 INFO     __main__  Universe refreshed: 65 markets
05:43:22 INFO     __main__  HEARTBEAT eval=0 signals=0 fills=0 arbs=0 arb-fills=0 no-spot=0 no-book=34247 warmup=0 markets=65 btcusdt[σ=0.050 iv=0.376 μ=+0.176] ethusdt[σ=0.077 iv=0.526 μ=-0.010] top-raw-gap=-1.000 ()
05:43:27 INFO     src.poly_universe  Universe: 68 tradeable BTC/ETH markets (1 page(s), 68 BTC/ETH seen)
05:43:27 INFO     __main__  Universe refreshed: 68 markets
05:43:52 INFO     __main__  HEARTBEAT eval=0 signals=0 fills=0 arbs=0 arb-fills=0 no-spot=0 no-book=34751 warmup=0 markets=68 btcusdt[σ=0.066 iv=0.376 μ=-0.190] ethusdt[σ=0.084 iv=0.526 μ=-0.196] top-raw-gap=-1.000 ()
05:43:57 INFO     src.poly_universe  Universe: 72 tradeable BTC/ETH markets (1 page(s), 72 BTC/ETH seen)
05:43:57 INFO     __main__  Universe refreshed: 72 markets
05:44:22 INFO     __main__  HEARTBEAT eval=121 signals=0 fills=0 arbs=0 arb-fills=0 no-spot=0 no-book=34786 warmup=14 markets=72 btcusdt[σ=0.050 iv=0.376 μ=-0.175] ethusdt[σ=0.086 iv=0.526 μ=-0.135] top-raw-gap=0.038 (Bitcoin above 64,200 on June 22, 12AM ET?)
05:44:27 INFO     src.poly_universe  Universe: 72 tradeable BTC/ETH markets (1 page(s), 72 BTC/ETH seen)
05:44:27 INFO     __main__  Universe refreshed: 72 markets
05:44:52 INFO     __main__  HEARTBEAT eval=97 signals=0 fills=0 arbs=0 arb-fills=0 no-spot=0 no-book=33794 warmup=46 markets=72 btcusdt[σ=0.059 iv=0.376 μ=+0.168] ethusdt[σ=0.123 iv=0.527 μ=-0.142] top-raw-gap=-1.000 ()
05:44:57 INFO     src.poly_universe  Universe: 72 tradeable BTC/ETH markets (1 page(s), 72 BTC/ETH seen)
05:44:57 INFO     __main__  Universe refreshed: 72 markets
05:45:22 INFO     __main__  HEARTBEAT eval=4 signals=0 fills=0 arbs=0 arb-fills=0 no-spot=0 no-book=40621 warmup=0 markets=72 btcusdt[σ=0.081 iv=0.376 μ=-0.023] ethusdt[σ=0.103 iv=0.527 μ=+0.021] top-raw-gap=0.006 (Bitcoin above 64,200 on June 22, 12AM ET?)
05:45:27 INFO     src.poly_universe  Universe: 72 tradeable BTC/ETH markets (1 page(s), 72 BTC/ETH seen)
05:45:27 INFO     __main__  Universe refreshed: 72 markets
05:45:52 INFO     __main__  HEARTBEAT eval=151 signals=0 fills=0 arbs=0 arb-fills=0 no-spot=64 no-book=32570 warmup=0 markets=72 btcusdt[σ=0.069 iv=0.376 μ=-0.186] ethusdt[σ=0.077 iv=0.527 μ=-0.182] top-raw-gap=0.029 (Bitcoin above 64,200 on June 22, 12AM ET?)
05:45:57 INFO     src.poly_universe  Universe: 72 tradeable BTC/ETH markets (1 page(s), 72 BTC/ETH seen)
05:45:57 INFO     __main__  Universe refreshed: 72 markets
05:46:22 INFO     __main__  HEARTBEAT eval=246 signals=0 fills=0 arbs=0 arb-fills=0 no-spot=0 no-book=45628 warmup=0 markets=72 btcusdt[σ=0.076 iv=0.376 μ=-0.101] ethusdt[σ=0.080 iv=0.527 μ=+0.052] top-raw-gap=-1.000 ()
05:46:28 INFO     src.poly_universe  Universe: 72 tradeable BTC/ETH markets (1 page(s), 72 BTC/ETH seen)
05:46:28 INFO     __main__  Universe refreshed: 72 markets
05:46:52 INFO     __main__  HEARTBEAT eval=0 signals=0 fills=0 arbs=0 arb-fills=0 no-spot=0 no-book=35432 warmup=0 markets=72 btcusdt[σ=0.059 iv=0.376 μ=-0.011] ethusdt[σ=0.072 iv=0.528 μ=-0.112] top-raw-gap=-1.000 ()
05:46:58 INFO     src.poly_universe  Universe: 72 tradeable BTC/ETH markets (1 page(s), 72 BTC/ETH seen)
05:46:58 INFO     __main__  Universe refreshed: 72 markets
05:47:23 INFO     __main__  HEARTBEAT eval=0 signals=0 fills=0 arbs=0 arb-fills=0 no-spot=0 no-book=41728 warmup=0 markets=72 btcusdt[σ=0.115 iv=0.376 μ=-0.026] ethusdt[σ=0.100 iv=0.528 μ=-0.006] top-raw-gap=-1.000 ()
05:47:28 INFO     src.poly_universe  Universe: 72 tradeable BTC/ETH markets (1 page(s), 72 BTC/ETH seen)
05:47:28 INFO     __main__  Universe refreshed: 72 markets
05:47:53 INFO     __main__  HEARTBEAT eval=0 signals=0 fills=0 arbs=0 arb-fills=0 no-spot=0 no-book=31472 warmup=0 markets=72 btcusdt[σ=0.085 iv=0.376 μ=-0.018] ethusdt[σ=0.077 iv=0.530 μ=-0.054] top-raw-gap=-1.000 ()
05:47:58 INFO     src.poly_universe  Universe: 72 tradeable BTC/ETH markets (1 page(s), 72 BTC/ETH seen)
05:47:58 INFO     __main__  Universe refreshed: 72 markets
05:48:23 INFO     __main__  HEARTBEAT eval=0 signals=0 fills=0 arbs=0 arb-fills=0 no-spot=0 no-book=39112 warmup=0 markets=72 btcusdt[σ=0.075 iv=0.376 μ=+0.167] ethusdt[σ=0.074 iv=0.530 μ=-0.004] top-raw-gap=-1.000 ()
05:48:28 INFO     src.poly_universe  Universe: 72 tradeable BTC/ETH markets (1 page(s), 72 BTC/ETH seen)
05:48:28 INFO     __main__  Universe refreshed: 72 markets
05:48:53 INFO     __main__  HEARTBEAT eval=0 signals=0 fills=0 arbs=0 arb-fills=0 no-spot=0 no-book=38152 warmup=0 markets=72 btcusdt[σ=0.089 iv=0.376 μ=+0.004] ethusdt[σ=0.075 iv=0.531 μ=-0.097] top-raw-gap=-1.000 ()
05:48:58 INFO     src.poly_universe  Universe: 72 tradeable BTC/ETH markets (1 page(s), 72 BTC/ETH seen)
05:48:58 INFO     __main__  Universe refreshed: 72 markets
05:49:23 INFO     __main__  HEARTBEAT eval=0 signals=0 fills=0 arbs=0 arb-fills=0 no-spot=0 no-book=43664 warmup=0 markets=72 btcusdt[σ=0.066 iv=0.376 μ=+0.136] ethusdt[σ=0.076 iv=0.531 μ=+0.124] top-raw-gap=-1.000 ()
05:49:28 INFO     src.poly_universe  Universe: 72 tradeable BTC/ETH markets (1 page(s), 72 BTC/ETH seen)
05:49:28 INFO     __main__  Universe refreshed: 72 markets
05:49:53 INFO     __main__  HEARTBEAT eval=0 signals=0 fills=0 arbs=0 arb-fills=0 no-spot=0 no-book=32576 warmup=0 markets=72 btcusdt[σ=0.069 iv=0.376 μ=+0.074] ethusdt[σ=0.066 iv=0.532 μ=+0.075] top-raw-gap=-1.000 ()
05:49:59 INFO     src.poly_universe  Universe: 72 tradeable BTC/ETH markets (1 page(s), 72 BTC/ETH seen)
05:49:59 INFO     __main__  Universe refreshed: 72 markets
05:50:23 INFO     __main__  HEARTBEAT eval=66 signals=0 fills=0 arbs=0 arb-fills=0 no-spot=0 no-book=31015 warmup=0 markets=72 btcusdt[σ=0.071 iv=0.376 μ=+0.139] ethusdt[σ=0.075 iv=0.532 μ=-0.039] top-raw-gap=0.015 (Bitcoin above 65,200 on June 22, 12AM ET?)
05:50:29 INFO     src.poly_universe  Universe: 72 tradeable BTC/ETH markets (1 page(s), 72 BTC/ETH seen)
05:50:29 INFO     __main__  Universe refreshed: 72 markets
05:50:53 INFO     __main__  HEARTBEAT eval=31 signals=0 fills=0 arbs=0 arb-fills=0 no-spot=0 no-book=40337 warmup=0 markets=72 btcusdt[σ=0.299 iv=0.376 μ=-0.151] ethusdt[σ=0.174 iv=0.532 μ=-0.153] top-raw-gap=-1.000 ()
05:50:59 INFO     src.poly_universe  Universe: 72 tradeable BTC/ETH markets (1 page(s), 72 BTC/ETH seen)
05:50:59 INFO     __main__  Universe refreshed: 72 markets
05:51:23 INFO     __main__  HEARTBEAT eval=0 signals=0 fills=0 arbs=0 arb-fills=0 no-spot=0 no-book=44776 warmup=0 markets=72 btcusdt[σ=0.198 iv=0.376 μ=-0.014] ethusdt[σ=0.193 iv=0.532 μ=-0.022] top-raw-gap=-1.000 ()
05:51:29 INFO     src.poly_universe  Universe: 72 tradeable BTC/ETH markets (1 page(s), 72 BTC/ETH seen)
05:51:29 INFO     __main__  Universe refreshed: 72 markets
05:51:53 INFO     __main__  HEARTBEAT eval=0 signals=0 fills=0 arbs=0 arb-fills=0 no-spot=0 no-book=43160 warmup=0 markets=72 btcusdt[σ=0.144 iv=0.376 μ=+0.023] ethusdt[σ=0.134 iv=0.534 μ=+0.151] top-raw-gap=-1.000 ()
05:51:59 INFO     src.poly_universe  Universe: 72 tradeable BTC/ETH markets (1 page(s), 72 BTC/ETH seen)
05:51:59 INFO     __main__  Universe refreshed: 72 markets
05:52:23 INFO     __main__  HEARTBEAT eval=0 signals=0 fills=0 arbs=0 arb-fills=0 no-spot=0 no-book=36120 warmup=0 markets=72 btcusdt[σ=0.096 iv=0.376 μ=+0.126] ethusdt[σ=0.095 iv=0.534 μ=+0.020] top-raw-gap=-1.000 ()
05:52:29 INFO     src.poly_universe  Universe: 72 tradeable BTC/ETH markets (1 page(s), 72 BTC/ETH seen)
05:52:29 INFO     __main__  Universe refreshed: 72 markets
05:52:53 INFO     __main__  HEARTBEAT eval=0 signals=0 fills=0 arbs=0 arb-fills=0 no-spot=0 no-book=29128 warmup=0 markets=72 btcusdt[σ=0.082 iv=0.375 μ=+0.036] ethusdt[σ=0.070 iv=0.536 μ=-0.002] top-raw-gap=-1.000 ()
05:53:00 INFO     src.poly_universe  Universe: 72 tradeable BTC/ETH markets (1 page(s), 72 BTC/ETH seen)
05:53:00 INFO     __main__  Universe refreshed: 72 markets
05:53:23 INFO     __main__  HEARTBEAT eval=0 signals=0 fills=0 arbs=0 arb-fills=0 no-spot=0 no-book=36000 warmup=0 markets=72 btcusdt[σ=0.063 iv=0.375 μ=-0.012] ethusdt[σ=0.062 iv=0.536 μ=+0.147] top-raw-gap=-1.000 ()
05:53:30 INFO     src.poly_universe  Universe: 72 tradeable BTC/ETH markets (1 page(s), 72 BTC/ETH seen)
05:53:30 INFO     __main__  Universe refreshed: 72 markets
05:53:53 INFO     __main__  HEARTBEAT eval=0 signals=0 fills=0 arbs=0 arb-fills=0 no-spot=0 no-book=20200 warmup=0 markets=72 btcusdt[σ=0.050 iv=0.375 μ=-0.034] ethusdt[σ=0.050 iv=0.537 μ=+0.195] top-raw-gap=-1.000 ()
05:53:59 WARNING  src.poly_ws  Polymarket WS closed (no close frame received or sent), reconnecting in 1.0s
05:54:00 INFO     src.poly_universe  Universe: 72 tradeable BTC/ETH markets (1 page(s), 72 BTC/ETH seen)
05:54:00 INFO     __main__  Universe refreshed: 72 markets
05:54:00 INFO     src.poly_ws  Polymarket WS connected: wss://ws-subscriptions-clob.polymarket.com/ws/market
05:54:23 INFO     __main__  HEARTBEAT eval=0 signals=0 fills=0 arbs=0 arb-fills=0 no-spot=0 no-book=27101 warmup=3676 markets=72 btcusdt[σ=0.050 iv=0.375 μ=+0.159] ethusdt[σ=0.050 iv=0.537 μ=+0.055] top-raw-gap=-1.000 ()
05:54:30 INFO     src.poly_universe  Universe: 72 tradeable BTC/ETH markets (1 page(s), 72 BTC/ETH seen)
05:54:30 INFO     __main__  Universe refreshed: 72 markets
05:54:53 INFO     __main__  HEARTBEAT eval=0 signals=0 fills=0 arbs=0 arb-fills=0 no-spot=0 no-book=25432 warmup=0 markets=72 btcusdt[σ=0.068 iv=0.375 μ=-0.062] ethusdt[σ=0.067 iv=0.538 μ=+0.033] top-raw-gap=-1.000 ()
05:55:00 INFO     src.poly_universe  Universe: 72 tradeable BTC/ETH markets (1 page(s), 72 BTC/ETH seen)
05:55:00 INFO     __main__  Universe refreshed: 72 markets
05:55:23 INFO     __main__  HEARTBEAT eval=0 signals=0 fills=0 arbs=0 arb-fills=0 no-spot=0 no-book=35088 warmup=0 markets=72 btcusdt[σ=0.062 iv=0.375 μ=-0.091] ethusdt[σ=0.059 iv=0.538 μ=+0.107] top-raw-gap=-1.000 ()
05:55:30 INFO     src.poly_universe  Universe: 72 tradeable BTC/ETH markets (1 page(s), 72 BTC/ETH seen)
05:55:30 INFO     __main__  Universe refreshed: 72 markets
05:55:53 INFO     __main__  HEARTBEAT eval=0 signals=0 fills=0 arbs=0 arb-fills=0 no-spot=0 no-book=39840 warmup=0 markets=72 btcusdt[σ=0.140 iv=0.375 μ=-0.190] ethusdt[σ=0.092 iv=0.539 μ=-0.132] top-raw-gap=-1.000 ()
05:56:00 INFO     src.poly_universe  Universe: 72 tradeable BTC/ETH markets (1 page(s), 72 BTC/ETH seen)
05:56:00 INFO     __main__  Universe refreshed: 72 markets
05:56:23 INFO     __main__  HEARTBEAT eval=584 signals=0 fills=0 arbs=0 arb-fills=0 no-spot=0 no-book=57724 warmup=0 markets=72 btcusdt[σ=0.429 iv=0.375 μ=-0.156] ethusdt[σ=0.541 iv=0.539 μ=-0.100] top-raw-gap=-1.000 ()
05:56:31 INFO     src.poly_universe  Universe: 72 tradeable BTC/ETH markets (1 page(s), 72 BTC/ETH seen)
05:56:31 INFO     __main__  Universe refreshed: 72 markets
05:56:53 INFO     __main__  HEARTBEAT eval=0 signals=0 fills=0 arbs=0 arb-fills=0 no-spot=0 no-book=60497 warmup=0 markets=72 btcusdt[σ=0.278 iv=0.416 μ=-0.026] ethusdt[σ=0.338 iv=0.547 μ=-0.047] top-raw-gap=-1.000 ()
05:57:01 INFO     src.poly_universe  Universe: 72 tradeable BTC/ETH markets (1 page(s), 72 BTC/ETH seen)
05:57:01 INFO     __main__  Universe refreshed: 72 markets
05:57:23 INFO     __main__  HEARTBEAT eval=103 signals=0 fills=0 arbs=0 arb-fills=0 no-spot=0 no-book=44889 warmup=0 markets=72 btcusdt[σ=0.185 iv=0.416 μ=+0.177] ethusdt[σ=0.228 iv=0.547 μ=+0.147] top-raw-gap=-1.000 ()
05:57:31 INFO     src.poly_universe  Universe: 72 tradeable BTC/ETH markets (1 page(s), 72 BTC/ETH seen)
05:57:31 INFO     __main__  Universe refreshed: 72 markets
05:57:53 INFO     __main__  HEARTBEAT eval=0 signals=0 fills=0 arbs=0 arb-fills=0 no-spot=0 no-book=37664 warmup=0 markets=72 btcusdt[σ=0.123 iv=0.416 μ=-0.037] ethusdt[σ=0.148 iv=0.555 μ=-0.076] top-raw-gap=-1.000 ()
05:58:01 INFO     src.poly_universe  Universe: 72 tradeable BTC/ETH markets (1 page(s), 72 BTC/ETH seen)
05:58:01 INFO     __main__  Universe refreshed: 72 markets
05:58:23 INFO     __main__  HEARTBEAT eval=0 signals=0 fills=0 arbs=0 arb-fills=0 no-spot=0 no-book=37096 warmup=0 markets=72 btcusdt[σ=0.110 iv=0.416 μ=-0.040] ethusdt[σ=0.110 iv=0.555 μ=-0.071] top-raw-gap=-1.000 ()
05:58:31 INFO     src.poly_universe  Universe: 72 tradeable BTC/ETH markets (1 page(s), 72 BTC/ETH seen)
05:58:31 INFO     __main__  Universe refreshed: 72 markets
05:58:53 INFO     __main__  HEARTBEAT eval=146 signals=0 fills=0 arbs=0 arb-fills=0 no-spot=0 no-book=37214 warmup=0 markets=72 btcusdt[σ=0.090 iv=0.417 μ=+0.170] ethusdt[σ=0.078 iv=0.556 μ=+0.077] top-raw-gap=-1.000 ()
05:59:01 INFO     src.poly_universe  Universe: 36 tradeable BTC/ETH markets (1 page(s), 72 BTC/ETH seen)
05:59:01 INFO     __main__  Universe refreshed: 36 markets
05:59:23 INFO     __main__  HEARTBEAT eval=0 signals=0 fills=0 arbs=0 arb-fills=0 no-spot=0 no-book=24384 warmup=0 markets=36 btcusdt[σ=0.067 iv=0.417 μ=-0.103] ethusdt[σ=0.063 iv=0.556 μ=+0.154] top-raw-gap=-1.000 ()
05:59:31 INFO     src.poly_universe  Universe: 36 tradeable BTC/ETH markets (1 page(s), 72 BTC/ETH seen)
05:59:31 INFO     __main__  Universe refreshed: 36 markets
05:59:53 INFO     __main__  HEARTBEAT eval=0 signals=0 fills=0 arbs=0 arb-fills=0 no-spot=16 no-book=15524 warmup=0 markets=36 btcusdt[σ=0.079 iv=0.417 μ=+0.157] ethusdt[σ=0.055 iv=0.556 μ=-0.167] top-raw-gap=-1.000 ()
06:00:02 INFO     src.poly_universe  Universe: 36 tradeable BTC/ETH markets (1 page(s), 72 BTC/ETH seen)
06:00:02 INFO     __main__  Universe refreshed: 36 markets
06:00:23 INFO     __main__  HEARTBEAT eval=0 signals=0 fills=0 arbs=0 arb-fills=0 no-spot=0 no-book=21248 warmup=0 markets=36 btcusdt[σ=0.125 iv=0.417 μ=-0.050] ethusdt[σ=0.096 iv=0.556 μ=-0.079] top-raw-gap=-1.000 ()
06:00:32 INFO     src.poly_universe  Universe: 36 tradeable BTC/ETH markets (1 page(s), 72 BTC/ETH seen)
06:00:32 INFO     __main__  Universe refreshed: 36 markets
06:00:54 INFO     __main__  HEARTBEAT eval=0 signals=0 fills=0 arbs=0 arb-fills=0 no-spot=0 no-book=21296 warmup=0 markets=36 btcusdt[σ=0.091 iv=0.417 μ=-0.028] ethusdt[σ=0.079 iv=0.556 μ=-0.100] top-raw-gap=-1.000 ()
06:01:02 INFO     src.poly_universe  Universe: 36 tradeable BTC/ETH markets (1 page(s), 72 BTC/ETH seen)
06:01:02 INFO     __main__  Universe refreshed: 36 markets
06:01:24 INFO     __main__  HEARTBEAT eval=0 signals=0 fills=0 arbs=0 arb-fills=0 no-spot=0 no-book=25412 warmup=0 markets=36 btcusdt[σ=0.114 iv=0.417 μ=-0.092] ethusdt[σ=0.108 iv=0.556 μ=+0.018] top-raw-gap=-1.000 ()
06:01:32 INFO     src.poly_universe  Universe: 36 tradeable BTC/ETH markets (1 page(s), 72 BTC/ETH seen)
06:01:32 INFO     __main__  Universe refreshed: 36 markets
06:01:54 INFO     __main__  HEARTBEAT eval=0 signals=0 fills=0 arbs=0 arb-fills=0 no-spot=0 no-book=21584 warmup=0 markets=36 btcusdt[σ=0.081 iv=0.418 μ=+0.024] ethusdt[σ=0.085 iv=0.557 μ=-0.164] top-raw-gap=-1.000 ()
06:02:02 INFO     src.poly_universe  Universe: 36 tradeable BTC/ETH markets (1 page(s), 72 BTC/ETH seen)
06:02:02 INFO     __main__  Universe refreshed: 36 markets
06:02:24 INFO     __main__  HEARTBEAT eval=0 signals=0 fills=0 arbs=0 arb-fills=0 no-spot=0 no-book=23212 warmup=0 markets=36 btcusdt[σ=0.164 iv=0.418 μ=-0.170] ethusdt[σ=0.122 iv=0.557 μ=+0.018] top-raw-gap=-1.000 ()
06:02:32 INFO     src.poly_universe  Universe: 36 tradeable BTC/ETH markets (1 page(s), 72 BTC/ETH seen)
06:02:32 INFO     __main__  Universe refreshed: 36 markets
06:02:54 INFO     __main__  HEARTBEAT eval=0 signals=0 fills=0 arbs=0 arb-fills=0 no-spot=0 no-book=23240 warmup=0 markets=36 btcusdt[σ=0.136 iv=0.419 μ=+0.050] ethusdt[σ=0.116 iv=0.557 μ=-0.115] top-raw-gap=-1.000 ()
06:03:03 INFO     src.poly_universe  Universe: 36 tradeable BTC/ETH markets (1 page(s), 72 BTC/ETH seen)
06:03:03 INFO     __main__  Universe refreshed: 36 markets
06:03:24 INFO     __main__  HEARTBEAT eval=0 signals=0 fills=0 arbs=0 arb-fills=0 no-spot=0 no-book=24684 warmup=0 markets=36 btcusdt[σ=0.123 iv=0.419 μ=+0.006] ethusdt[σ=0.123 iv=0.557 μ=-0.001] top-raw-gap=-1.000 ()
06:03:33 INFO     src.poly_universe  Universe: 36 tradeable BTC/ETH markets (1 page(s), 72 BTC/ETH seen)
06:03:33 INFO     __main__  Universe refreshed: 36 markets
06:03:54 INFO     __main__  HEARTBEAT eval=0 signals=0 fills=0 arbs=0 arb-fills=0 no-spot=0 no-book=22780 warmup=0 markets=36 btcusdt[σ=0.104 iv=0.419 μ=+0.141] ethusdt[σ=0.098 iv=0.558 μ=-0.085] top-raw-gap=-1.000 ()
06:04:01 WARNING  src.poly_ws  Polymarket WS closed (no close frame received or sent), reconnecting in 1.0s
06:04:02 INFO     src.poly_ws  Polymarket WS connected: wss://ws-subscriptions-clob.polymarket.com/ws/market
06:04:03 INFO     src.poly_universe  Universe: 36 tradeable BTC/ETH markets (1 page(s), 72 BTC/ETH seen)
06:04:03 INFO     __main__  Universe refreshed: 36 markets
06:04:24 INFO     __main__  HEARTBEAT eval=3240 signals=0 fills=0 arbs=0 arb-fills=0 no-spot=0 no-book=23946 warmup=0 markets=36 btcusdt[σ=0.087 iv=0.419 μ=+0.104] ethusdt[σ=0.093 iv=0.558 μ=+0.159] top-raw-gap=-1.000 ()
06:04:33 INFO     src.poly_universe  Universe: 36 tradeable BTC/ETH markets (1 page(s), 72 BTC/ETH seen)
06:04:33 INFO     __main__  Universe refreshed: 36 markets
06:04:54 INFO     __main__  HEARTBEAT eval=0 signals=0 fills=0 arbs=0 arb-fills=0 no-spot=0 no-book=23036 warmup=0 markets=36 btcusdt[σ=0.080 iv=0.419 μ=+0.174] ethusdt[σ=0.093 iv=0.558 μ=+0.168] top-raw-gap=-1.000 ()
06:05:03 INFO     src.poly_universe  Universe: 36 tradeable BTC/ETH markets (1 page(s), 72 BTC/ETH seen)
06:05:03 INFO     __main__  Universe refreshed: 36 markets
06:05:24 INFO     __main__  HEARTBEAT eval=0 signals=0 fills=0 arbs=0 arb-fills=0 no-spot=0 no-book=22848 warmup=0 markets=36 btcusdt[σ=0.111 iv=0.419 μ=-0.013] ethusdt[σ=0.090 iv=0.558 μ=-0.020] top-raw-gap=-1.000 ()
06:05:33 INFO     src.poly_universe  Universe: 36 tradeable BTC/ETH markets (1 page(s), 72 BTC/ETH seen)
06:05:33 INFO     __main__  Universe refreshed: 36 markets
06:05:54 INFO     __main__  HEARTBEAT eval=0 signals=0 fills=0 arbs=0 arb-fills=0 no-spot=0 no-book=24956 warmup=0 markets=36 btcusdt[σ=0.095 iv=0.419 μ=+0.043] ethusdt[σ=0.095 iv=0.557 μ=+0.109] top-raw-gap=-1.000 ()
06:06:03 INFO     src.poly_universe  Universe: 36 tradeable BTC/ETH markets (1 page(s), 72 BTC/ETH seen)
06:06:03 INFO     __main__  Universe refreshed: 36 markets
06:06:24 INFO     __main__  HEARTBEAT eval=0 signals=0 fills=0 arbs=0 arb-fills=0 no-spot=0 no-book=22297 warmup=0 markets=36 btcusdt[σ=0.085 iv=0.419 μ=-0.166] ethusdt[σ=0.096 iv=0.557 μ=+0.095] top-raw-gap=-1.000 ()
06:06:33 INFO     src.poly_universe  Universe: 36 tradeable BTC/ETH markets (1 page(s), 72 BTC/ETH seen)
06:06:33 INFO     __main__  Universe refreshed: 36 markets
06:06:54 INFO     __main__  HEARTBEAT eval=0 signals=0 fills=0 arbs=0 arb-fills=0 no-spot=0 no-book=19844 warmup=0 markets=36 btcusdt[σ=0.089 iv=0.419 μ=+0.094] ethusdt[σ=0.095 iv=0.557 μ=+0.139] top-raw-gap=-1.000 ()
06:07:04 INFO     src.poly_universe  Universe: 36 tradeable BTC/ETH markets (1 page(s), 72 BTC/ETH seen)
06:07:04 INFO     __main__  Universe refreshed: 36 markets
06:07:24 INFO     __main__  HEARTBEAT eval=0 signals=0 fills=0 arbs=0 arb-fills=0 no-spot=0 no-book=17312 warmup=0 markets=36 btcusdt[σ=0.091 iv=0.419 μ=+0.042] ethusdt[σ=0.103 iv=0.557 μ=+0.085] top-raw-gap=-1.000 ()
06:07:34 INFO     src.poly_universe  Universe: 36 tradeable BTC/ETH markets (1 page(s), 72 BTC/ETH seen)
06:07:34 INFO     __main__  Universe refreshed: 36 markets
06:07:54 INFO     __main__  HEARTBEAT eval=0 signals=0 fills=0 arbs=0 arb-fills=0 no-spot=0 no-book=21256 warmup=0 markets=36 btcusdt[σ=0.074 iv=0.419 μ=-0.151] ethusdt[σ=0.083 iv=0.557 μ=-0.173] top-raw-gap=-1.000 ()
06:08:04 INFO     src.poly_universe  Universe: 36 tradeable BTC/ETH markets (1 page(s), 72 BTC/ETH seen)
06:08:04 INFO     __main__  Universe refreshed: 36 markets
06:08:24 INFO     __main__  HEARTBEAT eval=0 signals=0 fills=0 arbs=0 arb-fills=0 no-spot=0 no-book=19496 warmup=0 markets=36 btcusdt[σ=0.072 iv=0.419 μ=-0.134] ethusdt[σ=0.074 iv=0.557 μ=+0.009] top-raw-gap=-1.000 ()
06:08:34 INFO     src.poly_universe  Universe: 36 tradeable BTC/ETH markets (1 page(s), 72 BTC/ETH seen)
06:08:34 INFO     __main__  Universe refreshed: 36 markets
06:08:54 INFO     __main__  HEARTBEAT eval=0 signals=0 fills=0 arbs=0 arb-fills=0 no-spot=0 no-book=18120 warmup=0 markets=36 btcusdt[σ=0.076 iv=0.419 μ=+0.117] ethusdt[σ=0.071 iv=0.556 μ=+0.098] top-raw-gap=-1.000 ()
06:09:04 INFO     src.poly_universe  Universe: 36 tradeable BTC/ETH markets (1 page(s), 72 BTC/ETH seen)
06:09:04 INFO     __main__  Universe refreshed: 36 markets
06:09:25 INFO     __main__  HEARTBEAT eval=0 signals=0 fills=0 arbs=0 arb-fills=0 no-spot=0 no-book=11224 warmup=0 markets=36 btcusdt[σ=0.050 iv=0.419 μ=+0.101] ethusdt[σ=0.050 iv=0.556 μ=-0.135] top-raw-gap=-1.000 ()
06:09:34 INFO     src.poly_universe  Universe: 36 tradeable BTC/ETH markets (1 page(s), 72 BTC/ETH seen)
06:09:34 INFO     __main__  Universe refreshed: 36 markets
06:09:55 INFO     __main__  HEARTBEAT eval=0 signals=0 fills=0 arbs=0 arb-fills=0 no-spot=0 no-book=11448 warmup=0 markets=36 btcusdt[σ=0.050 iv=0.420 μ=-0.030] ethusdt[σ=0.050 iv=0.556 μ=+0.149] top-raw-gap=-1.000 ()
06:10:04 INFO     src.poly_universe  Universe: 36 tradeable BTC/ETH markets (1 page(s), 72 BTC/ETH seen)
06:10:04 INFO     __main__  Universe refreshed: 36 markets
06:10:25 INFO     __main__  HEARTBEAT eval=0 signals=0 fills=0 arbs=0 arb-fills=0 no-spot=0 no-book=18228 warmup=0 markets=36 btcusdt[σ=0.083 iv=0.420 μ=-0.064] ethusdt[σ=0.057 iv=0.556 μ=+0.002] top-raw-gap=-1.000 ()
06:10:35 INFO     src.poly_universe  Universe: 36 tradeable BTC/ETH markets (1 page(s), 72 BTC/ETH seen)
06:10:35 INFO     __main__  Universe refreshed: 36 markets
06:10:55 INFO     __main__  HEARTBEAT eval=0 signals=0 fills=0 arbs=0 arb-fills=0 no-spot=0 no-book=15728 warmup=0 markets=36 btcusdt[σ=0.086 iv=0.421 μ=+0.048] ethusdt[σ=0.077 iv=0.556 μ=+0.004] top-raw-gap=-1.000 ()
06:11:05 INFO     src.poly_universe  Universe: 36 tradeable BTC/ETH markets (1 page(s), 72 BTC/ETH seen)
06:11:05 INFO     __main__  Universe refreshed: 36 markets
06:11:25 INFO     __main__  HEARTBEAT eval=0 signals=0 fills=0 arbs=0 arb-fills=0 no-spot=0 no-book=20768 warmup=0 markets=36 btcusdt[σ=0.072 iv=0.421 μ=-0.096] ethusdt[σ=0.067 iv=0.556 μ=-0.164] top-raw-gap=-1.000 ()
06:11:35 INFO     src.poly_universe  Universe: 36 tradeable BTC/ETH markets (1 page(s), 72 BTC/ETH seen)
06:11:35 INFO     __main__  Universe refreshed: 36 markets
06:11:55 INFO     __main__  HEARTBEAT eval=0 signals=0 fills=0 arbs=0 arb-fills=0 no-spot=0 no-book=15952 warmup=0 markets=36 btcusdt[σ=0.086 iv=0.421 μ=-0.001] ethusdt[σ=0.084 iv=0.556 μ=-0.055] top-raw-gap=-1.000 ()
06:12:05 INFO     src.poly_universe  Universe: 36 tradeable BTC/ETH markets (1 page(s), 72 BTC/ETH seen)
06:12:05 INFO     __main__  Universe refreshed: 36 markets
06:12:25 INFO     __main__  HEARTBEAT eval=0 signals=0 fills=0 arbs=0 arb-fills=0 no-spot=0 no-book=14736 warmup=0 markets=36 btcusdt[σ=0.091 iv=0.421 μ=-0.034] ethusdt[σ=0.073 iv=0.556 μ=-0.082] top-raw-gap=-1.000 ()
06:12:35 INFO     src.poly_universe  Universe: 36 tradeable BTC/ETH markets (1 page(s), 65 BTC/ETH seen)
06:12:35 INFO     __main__  Universe refreshed: 36 markets
06:12:55 INFO     __main__  HEARTBEAT eval=0 signals=0 fills=0 arbs=0 arb-fills=0 no-spot=0 no-book=14808 warmup=0 markets=36 btcusdt[σ=0.072 iv=0.421 μ=+0.154] ethusdt[σ=0.064 iv=0.556 μ=+0.200] top-raw-gap=-1.000 ()
06:13:05 INFO     src.poly_universe  Universe: 36 tradeable BTC/ETH markets (1 page(s), 39 BTC/ETH seen)
06:13:05 INFO     __main__  Universe refreshed: 36 markets
06:13:25 INFO     __main__  HEARTBEAT eval=0 signals=0 fills=0 arbs=0 arb-fills=0 no-spot=0 no-book=11220 warmup=0 markets=36 btcusdt[σ=0.068 iv=0.421 μ=+0.102] ethusdt[σ=0.056 iv=0.556 μ=-0.077] top-raw-gap=-1.000 ()
06:13:36 INFO     src.poly_universe  Universe: 36 tradeable BTC/ETH markets (1 page(s), 37 BTC/ETH seen)
06:13:36 INFO     __main__  Universe refreshed: 36 markets
06:13:55 INFO     __main__  HEARTBEAT eval=0 signals=0 fills=0 arbs=0 arb-fills=0 no-spot=0 no-book=25308 warmup=0 markets=36 btcusdt[σ=0.060 iv=0.421 μ=-0.080] ethusdt[σ=0.050 iv=0.556 μ=+0.198] top-raw-gap=-1.000 ()
06:14:03 WARNING  src.poly_ws  Polymarket WS closed (no close frame received or sent), reconnecting in 1.0s
06:14:04 INFO     src.poly_ws  Polymarket WS connected: wss://ws-subscriptions-clob.polymarket.com/ws/market
06:14:06 INFO     src.poly_universe  Universe: 36 tradeable BTC/ETH markets (1 page(s), 36 BTC/ETH seen)
06:14:06 INFO     __main__  Universe refreshed: 36 markets
06:14:25 INFO     __main__  HEARTBEAT eval=2885 signals=0 fills=0 arbs=0 arb-fills=0 no-spot=0 no-book=13176 warmup=576 markets=36 btcusdt[σ=0.058 iv=0.421 μ=+0.067] ethusdt[σ=0.053 iv=0.556 μ=+0.028] top-raw-gap=-1.000 ()
06:14:36 INFO     src.poly_universe  Universe: 36 tradeable BTC/ETH markets (1 page(s), 36 BTC/ETH seen)
06:14:36 INFO     __main__  Universe refreshed: 36 markets
06:14:55 INFO     __main__  HEARTBEAT eval=0 signals=0 fills=0 arbs=0 arb-fills=0 no-spot=0 no-book=19596 warmup=0 markets=36 btcusdt[σ=0.072 iv=0.421 μ=-0.176] ethusdt[σ=0.070 iv=0.557 μ=-0.193] top-raw-gap=-1.000 ()
06:15:06 INFO     src.poly_universe  Universe: 36 tradeable BTC/ETH markets (1 page(s), 36 BTC/ETH seen)
06:15:06 INFO     __main__  Universe refreshed: 36 markets
06:15:25 INFO     __main__  HEARTBEAT eval=0 signals=0 fills=0 arbs=0 arb-fills=0 no-spot=0 no-book=20184 warmup=0 markets=36 btcusdt[σ=0.060 iv=0.421 μ=-0.131] ethusdt[σ=0.068 iv=0.557 μ=-0.080] top-raw-gap=-1.000 ()
06:15:36 INFO     src.poly_universe  Universe: 36 tradeable BTC/ETH markets (1 page(s), 36 BTC/ETH seen)
06:15:36 INFO     __main__  Universe refreshed: 36 markets
06:15:55 INFO     __main__  HEARTBEAT eval=0 signals=0 fills=0 arbs=0 arb-fills=0 no-spot=0 no-book=20048 warmup=0 markets=36 btcusdt[σ=0.066 iv=0.421 μ=+0.186] ethusdt[σ=0.077 iv=0.557 μ=+0.063] top-raw-gap=-1.000 ()
06:16:06 INFO     src.poly_universe  Universe: 36 tradeable BTC/ETH markets (1 page(s), 36 BTC/ETH seen)
06:16:06 INFO     __main__  Universe refreshed: 36 markets
06:16:25 INFO     __main__  HEARTBEAT eval=0 signals=0 fills=0 arbs=0 arb-fills=0 no-spot=0 no-book=16348 warmup=0 markets=36 btcusdt[σ=0.064 iv=0.421 μ=-0.103] ethusdt[σ=0.088 iv=0.557 μ=+0.039] top-raw-gap=-1.000 ()
06:16:36 INFO     src.poly_universe  Universe: 36 tradeable BTC/ETH markets (1 page(s), 36 BTC/ETH seen)
06:16:36 INFO     __main__  Universe refreshed: 36 markets
06:16:55 INFO     __main__  HEARTBEAT eval=0 signals=0 fills=0 arbs=0 arb-fills=0 no-spot=0 no-book=21768 warmup=0 markets=36 btcusdt[σ=0.087 iv=0.421 μ=-0.101] ethusdt[σ=0.098 iv=0.557 μ=+0.047] top-raw-gap=-1.000 ()
06:17:07 INFO     src.poly_universe  Universe: 36 tradeable BTC/ETH markets (1 page(s), 36 BTC/ETH seen)
06:17:07 INFO     __main__  Universe refreshed: 36 markets
06:17:26 INFO     __main__  HEARTBEAT eval=0 signals=0 fills=0 arbs=0 arb-fills=0 no-spot=0 no-book=23032 warmup=0 markets=36 btcusdt[σ=0.082 iv=0.421 μ=+0.090] ethusdt[σ=0.089 iv=0.557 μ=-0.015] top-raw-gap=-1.000 ()
06:17:37 INFO     src.poly_universe  Universe: 36 tradeable BTC/ETH markets (1 page(s), 36 BTC/ETH seen)
06:17:37 INFO     __main__  Universe refreshed: 36 markets
06:17:56 INFO     __main__  HEARTBEAT eval=0 signals=0 fills=0 arbs=0 arb-fills=0 no-spot=0 no-book=24660 warmup=0 markets=36 btcusdt[σ=0.097 iv=0.421 μ=-0.074] ethusdt[σ=0.104 iv=0.560 μ=+0.001] top-raw-gap=-1.000 ()
06:18:07 INFO     src.poly_universe  Universe: 36 tradeable BTC/ETH markets (1 page(s), 36 BTC/ETH seen)
06:18:07 INFO     __main__  Universe refreshed: 36 markets
06:18:26 INFO     __main__  HEARTBEAT eval=0 signals=0 fills=0 arbs=0 arb-fills=0 no-spot=16 no-book=20124 warmup=0 markets=36 btcusdt[σ=0.089 iv=0.421 μ=+0.153] ethusdt[σ=0.103 iv=0.560 μ=-0.174] top-raw-gap=-1.000 ()
06:18:37 INFO     src.poly_universe  Universe: 36 tradeable BTC/ETH markets (1 page(s), 36 BTC/ETH seen)
06:18:37 INFO     __main__  Universe refreshed: 36 markets
06:18:56 INFO     __main__  HEARTBEAT eval=0 signals=0 fills=0 arbs=0 arb-fills=0 no-spot=0 no-book=14900 warmup=0 markets=36 btcusdt[σ=0.070 iv=0.422 μ=+0.033] ethusdt[σ=0.103 iv=0.560 μ=-0.126] top-raw-gap=-1.000 ()
06:19:07 INFO     src.poly_universe  Universe: 36 tradeable BTC/ETH markets (1 page(s), 36 BTC/ETH seen)
06:19:07 INFO     __main__  Universe refreshed: 36 markets
06:19:26 INFO     __main__  HEARTBEAT eval=0 signals=0 fills=0 arbs=0 arb-fills=0 no-spot=0 no-book=17572 warmup=0 markets=36 btcusdt[σ=0.157 iv=0.422 μ=-0.178] ethusdt[σ=0.157 iv=0.560 μ=-0.151] top-raw-gap=-1.000 ()
06:19:37 INFO     src.poly_universe  Universe: 36 tradeable BTC/ETH markets (1 page(s), 36 BTC/ETH seen)
06:19:37 INFO     __main__  Universe refreshed: 36 markets
06:19:56 INFO     __main__  HEARTBEAT eval=0 signals=0 fills=0 arbs=0 arb-fills=0 no-spot=0 no-book=16180 warmup=0 markets=36 btcusdt[σ=0.109 iv=0.421 μ=-0.140] ethusdt[σ=0.114 iv=0.563 μ=-0.142] top-raw-gap=-1.000 ()
06:20:08 INFO     src.poly_universe  Universe: 36 tradeable BTC/ETH markets (1 page(s), 36 BTC/ETH seen)
06:20:08 INFO     __main__  Universe refreshed: 36 markets
06:20:27 INFO     __main__  HEARTBEAT eval=0 signals=0 fills=0 arbs=0 arb-fills=0 no-spot=0 no-book=26932 warmup=0 markets=36 btcusdt[σ=0.097 iv=0.421 μ=+0.180] ethusdt[σ=0.115 iv=0.563 μ=+0.198] top-raw-gap=-1.000 ()
06:20:38 INFO     src.poly_universe  Universe: 36 tradeable BTC/ETH markets (1 page(s), 36 BTC/ETH seen)
06:20:38 INFO     __main__  Universe refreshed: 36 markets
06:20:57 INFO     __main__  HEARTBEAT eval=0 signals=0 fills=0 arbs=0 arb-fills=0 no-spot=0 no-book=19648 warmup=0 markets=36 btcusdt[σ=0.076 iv=0.421 μ=+0.077] ethusdt[σ=0.091 iv=0.566 μ=-0.022] top-raw-gap=-1.000 ()
06:21:08 INFO     src.poly_universe  Universe: 36 tradeable BTC/ETH markets (1 page(s), 36 BTC/ETH seen)
06:21:08 INFO     __main__  Universe refreshed: 36 markets
06:21:27 INFO     __main__  HEARTBEAT eval=11 signals=0 fills=0 arbs=0 arb-fills=0 no-spot=0 no-book=9465 warmup=0 markets=36 btcusdt[σ=0.063 iv=0.421 μ=-0.100] ethusdt[σ=0.077 iv=0.566 μ=-0.137] top-raw-gap=0.059 (Bitcoin above 63,800 on June 22, 1AM ET?)
06:21:38 INFO     src.poly_universe  Universe: 36 tradeable BTC/ETH markets (1 page(s), 36 BTC/ETH seen)
06:21:38 INFO     __main__  Universe refreshed: 36 markets
06:21:57 INFO     __main__  HEARTBEAT eval=262 signals=0 fills=0 arbs=0 arb-fills=0 no-spot=0 no-book=19188 warmup=0 markets=36 btcusdt[σ=0.064 iv=0.422 μ=+0.101] ethusdt[σ=0.075 iv=0.566 μ=+0.139] top-raw-gap=-1.000 ()
06:22:08 INFO     src.poly_universe  Universe: 36 tradeable BTC/ETH markets (1 page(s), 36 BTC/ETH seen)
06:22:08 INFO     __main__  Universe refreshed: 36 markets
06:22:27 INFO     __main__  HEARTBEAT eval=18 signals=0 fills=0 arbs=0 arb-fills=0 no-spot=0 no-book=14272 warmup=164 markets=36 btcusdt[σ=0.055 iv=0.422 μ=+0.127] ethusdt[σ=0.063 iv=0.566 μ=+0.097] top-raw-gap=-1.000 ()
06:22:38 INFO     src.poly_universe  Universe: 36 tradeable BTC/ETH markets (1 page(s), 36 BTC/ETH seen)
06:22:38 INFO     __main__  Universe refreshed: 36 markets
06:22:57 INFO     __main__  HEARTBEAT eval=0 signals=0 fills=0 arbs=0 arb-fills=0 no-spot=0 no-book=16136 warmup=0 markets=36 btcusdt[σ=0.072 iv=0.423 μ=-0.045] ethusdt[σ=0.064 iv=0.567 μ=+0.106] top-raw-gap=-1.000 ()
06:23:09 INFO     src.poly_universe  Universe: 36 tradeable BTC/ETH markets (1 page(s), 36 BTC/ETH seen)
06:23:09 INFO     __main__  Universe refreshed: 36 markets
06:23:27 INFO     __main__  HEARTBEAT eval=0 signals=0 fills=0 arbs=0 arb-fills=0 no-spot=0 no-book=24260 warmup=0 markets=36 btcusdt[σ=0.065 iv=0.423 μ=+0.082] ethusdt[σ=0.107 iv=0.567 μ=+0.158] top-raw-gap=-1.000 ()
06:23:39 INFO     src.poly_universe  Universe: 36 tradeable BTC/ETH markets (1 page(s), 36 BTC/ETH seen)
06:23:39 INFO     __main__  Universe refreshed: 36 markets
06:23:57 INFO     __main__  HEARTBEAT eval=0 signals=0 fills=0 arbs=0 arb-fills=0 no-spot=0 no-book=17760 warmup=0 markets=36 btcusdt[σ=0.058 iv=0.423 μ=-0.192] ethusdt[σ=0.073 iv=0.567 μ=-0.178] top-raw-gap=-1.000 ()
06:24:07 WARNING  src.poly_ws  Polymarket WS closed (no close frame received or sent), reconnecting in 1.0s
06:24:09 INFO     src.poly_ws  Polymarket WS connected: wss://ws-subscriptions-clob.polymarket.com/ws/market
06:24:09 INFO     src.poly_universe  Universe: 36 tradeable BTC/ETH markets (1 page(s), 36 BTC/ETH seen)
06:24:09 INFO     __main__  Universe refreshed: 36 markets
06:24:27 INFO     __main__  HEARTBEAT eval=650 signals=0 fills=0 arbs=0 arb-fills=0 no-spot=0 no-book=14502 warmup=1458 markets=36 btcusdt[σ=0.070 iv=0.423 μ=+0.001] ethusdt[σ=0.069 iv=0.567 μ=+0.079] top-raw-gap=-1.000 ()
06:24:39 INFO     src.poly_universe  Universe: 36 tradeable BTC/ETH markets (1 page(s), 36 BTC/ETH seen)
06:24:39 INFO     __main__  Universe refreshed: 36 markets
06:24:57 INFO     __main__  HEARTBEAT eval=0 signals=0 fills=0 arbs=0 arb-fills=0 no-spot=0 no-book=28112 warmup=0 markets=36 btcusdt[σ=0.062 iv=0.424 μ=+0.121] ethusdt[σ=0.063 iv=0.567 μ=+0.142] top-raw-gap=-1.000 ()
06:25:09 INFO     src.poly_universe  Universe: 36 tradeable BTC/ETH markets (1 page(s), 36 BTC/ETH seen)
06:25:09 INFO     __main__  Universe refreshed: 36 markets
06:25:27 INFO     __main__  HEARTBEAT eval=0 signals=0 fills=0 arbs=0 arb-fills=0 no-spot=0 no-book=20424 warmup=0 markets=36 btcusdt[σ=0.071 iv=0.424 μ=-0.179] ethusdt[σ=0.076 iv=0.567 μ=+0.059] top-raw-gap=-1.000 ()
06:25:39 INFO     src.poly_universe  Universe: 36 tradeable BTC/ETH markets (1 page(s), 36 BTC/ETH seen)
06:25:39 INFO     __main__  Universe refreshed: 36 markets
06:25:57 INFO     __main__  HEARTBEAT eval=0 signals=0 fills=0 arbs=0 arb-fills=0 no-spot=0 no-book=12572 warmup=0 markets=36 btcusdt[σ=0.053 iv=0.424 μ=-0.175] ethusdt[σ=0.053 iv=0.568 μ=-0.174] top-raw-gap=-1.000 ()
06:26:10 INFO     src.poly_universe  Universe: 36 tradeable BTC/ETH markets (1 page(s), 36 BTC/ETH seen)
06:26:10 INFO     __main__  Universe refreshed: 36 markets
06:26:27 INFO     __main__  HEARTBEAT eval=0 signals=0 fills=0 arbs=0 arb-fills=0 no-spot=0 no-book=14336 warmup=0 markets=36 btcusdt[σ=0.065 iv=0.424 μ=-0.045] ethusdt[σ=0.061 iv=0.568 μ=+0.089] top-raw-gap=-1.000 ()
06:26:40 INFO     src.poly_universe  Universe: 36 tradeable BTC/ETH markets (1 page(s), 36 BTC/ETH seen)
06:26:40 INFO     __main__  Universe refreshed: 36 markets
06:26:57 INFO     __main__  HEARTBEAT eval=0 signals=0 fills=0 arbs=0 arb-fills=0 no-spot=0 no-book=20660 warmup=0 markets=36 btcusdt[σ=0.071 iv=0.424 μ=-0.099] ethusdt[σ=0.087 iv=0.568 μ=+0.063] top-raw-gap=-1.000 ()
06:27:10 INFO     src.poly_universe  Universe: 36 tradeable BTC/ETH markets (1 page(s), 36 BTC/ETH seen)
06:27:10 INFO     __main__  Universe refreshed: 36 markets
06:27:28 INFO     __main__  HEARTBEAT eval=0 signals=0 fills=0 arbs=0 arb-fills=0 no-spot=16 no-book=10684 warmup=0 markets=36 btcusdt[σ=0.050 iv=0.424 μ=-0.152] ethusdt[σ=0.064 iv=0.568 μ=-0.062] top-raw-gap=-1.000 ()
06:27:40 INFO     src.poly_universe  Universe: 36 tradeable BTC/ETH markets (1 page(s), 36 BTC/ETH seen)
06:27:40 INFO     __main__  Universe refreshed: 36 markets
06:27:58 INFO     __main__  HEARTBEAT eval=0 signals=0 fills=0 arbs=0 arb-fills=0 no-spot=0 no-book=13936 warmup=0 markets=36 btcusdt[σ=0.050 iv=0.425 μ=-0.117] ethusdt[σ=0.063 iv=0.567 μ=+0.091] top-raw-gap=-1.000 ()
06:28:10 INFO     src.poly_universe  Universe: 36 tradeable BTC/ETH markets (1 page(s), 36 BTC/ETH seen)
06:28:10 INFO     __main__  Universe refreshed: 36 markets
06:28:28 INFO     __main__  HEARTBEAT eval=0 signals=0 fills=0 arbs=0 arb-fills=0 no-spot=0 no-book=15760 warmup=0 markets=36 btcusdt[σ=0.050 iv=0.425 μ=-0.112] ethusdt[σ=0.050 iv=0.567 μ=+0.085] top-raw-gap=-1.000 ()
06:28:40 INFO     src.poly_universe  Universe: 36 tradeable BTC/ETH markets (1 page(s), 36 BTC/ETH seen)
06:28:40 INFO     __main__  Universe refreshed: 36 markets
06:28:58 INFO     __main__  HEARTBEAT eval=0 signals=0 fills=0 arbs=0 arb-fills=0 no-spot=0 no-book=16356 warmup=0 markets=36 btcusdt[σ=0.063 iv=0.425 μ=+0.182] ethusdt[σ=0.063 iv=0.567 μ=+0.110] top-raw-gap=-1.000 ()
06:29:10 INFO     src.poly_universe  Universe: 36 tradeable BTC/ETH markets (1 page(s), 36 BTC/ETH seen)
06:29:10 INFO     __main__  Universe refreshed: 36 markets
06:29:28 INFO     __main__  HEARTBEAT eval=0 signals=0 fills=0 arbs=0 arb-fills=0 no-spot=0 no-book=12748 warmup=0 markets=36 btcusdt[σ=0.056 iv=0.425 μ=+0.031] ethusdt[σ=0.063 iv=0.567 μ=-0.004] top-raw-gap=-1.000 ()
06:29:41 INFO     src.poly_universe  Universe: 36 tradeable BTC/ETH markets (1 page(s), 36 BTC/ETH seen)
06:29:41 INFO     __main__  Universe refreshed: 36 markets
06:29:58 INFO     __main__  HEARTBEAT eval=0 signals=0 fills=0 arbs=0 arb-fills=0 no-spot=0 no-book=13592 warmup=0 markets=36 btcusdt[σ=0.054 iv=0.426 μ=+0.010] ethusdt[σ=0.061 iv=0.567 μ=+0.008] top-raw-gap=-1.000 ()
06:30:11 INFO     src.poly_universe  Universe: 36 tradeable BTC/ETH markets (1 page(s), 36 BTC/ETH seen)
06:30:11 INFO     __main__  Universe refreshed: 36 markets
06:30:28 INFO     __main__  HEARTBEAT eval=0 signals=0 fills=0 arbs=0 arb-fills=0 no-spot=0 no-book=19716 warmup=0 markets=36 btcusdt[σ=0.074 iv=0.426 μ=+0.069] ethusdt[σ=0.064 iv=0.567 μ=+0.115] top-raw-gap=-1.000 ()
06:30:41 INFO     src.poly_universe  Universe: 36 tradeable BTC/ETH markets (1 page(s), 36 BTC/ETH seen)
06:30:41 INFO     __main__  Universe refreshed: 36 markets
06:30:58 INFO     __main__  HEARTBEAT eval=0 signals=0 fills=0 arbs=0 arb-fills=0 no-spot=0 no-book=15044 warmup=0 markets=36 btcusdt[σ=0.072 iv=0.426 μ=+0.119] ethusdt[σ=0.051 iv=0.565 μ=+0.176] top-raw-gap=-1.000 ()
06:31:11 INFO     src.poly_universe  Universe: 36 tradeable BTC/ETH markets (1 page(s), 36 BTC/ETH seen)
06:31:11 INFO     __main__  Universe refreshed: 36 markets
06:31:28 INFO     __main__  HEARTBEAT eval=0 signals=0 fills=0 arbs=0 arb-fills=0 no-spot=0 no-book=17988 warmup=0 markets=36 btcusdt[σ=0.067 iv=0.426 μ=-0.146] ethusdt[σ=0.076 iv=0.565 μ=-0.166] top-raw-gap=-1.000 ()
06:31:41 INFO     src.poly_universe  Universe: 36 tradeable BTC/ETH markets (1 page(s), 36 BTC/ETH seen)
06:31:41 INFO     __main__  Universe refreshed: 36 markets
06:31:58 INFO     __main__  HEARTBEAT eval=0 signals=0 fills=0 arbs=0 arb-fills=0 no-spot=0 no-book=13412 warmup=0 markets=36 btcusdt[σ=0.055 iv=0.426 μ=-0.151] ethusdt[σ=0.064 iv=0.565 μ=-0.149] top-raw-gap=-1.000 ()
06:32:11 INFO     src.poly_universe  Universe: 36 tradeable BTC/ETH markets (1 page(s), 36 BTC/ETH seen)
06:32:11 INFO     __main__  Universe refreshed: 36 markets
06:32:28 INFO     __main__  HEARTBEAT eval=0 signals=0 fills=0 arbs=0 arb-fills=0 no-spot=0 no-book=13000 warmup=0 markets=36 btcusdt[σ=0.052 iv=0.426 μ=+0.196] ethusdt[σ=0.079 iv=0.565 μ=+0.019] top-raw-gap=-1.000 ()
06:32:42 INFO     src.poly_universe  Universe: 36 tradeable BTC/ETH markets (1 page(s), 36 BTC/ETH seen)
06:32:42 INFO     __main__  Universe refreshed: 36 markets
06:32:58 INFO     __main__  HEARTBEAT eval=0 signals=0 fills=0 arbs=0 arb-fills=0 no-spot=0 no-book=11176 warmup=0 markets=36 btcusdt[σ=0.050 iv=0.426 μ=+0.119] ethusdt[σ=0.064 iv=0.564 μ=-0.098] top-raw-gap=-1.000 ()
06:33:12 INFO     src.poly_universe  Universe: 36 tradeable BTC/ETH markets (1 page(s), 36 BTC/ETH seen)
06:33:12 INFO     __main__  Universe refreshed: 36 markets
06:33:28 INFO     __main__  HEARTBEAT eval=0 signals=0 fills=0 arbs=0 arb-fills=0 no-spot=0 no-book=19828 warmup=0 markets=36 btcusdt[σ=0.062 iv=0.426 μ=+0.006] ethusdt[σ=0.080 iv=0.564 μ=-0.105] top-raw-gap=-1.000 ()
06:33:42 INFO     src.poly_universe  Universe: 36 tradeable BTC/ETH markets (1 page(s), 36 BTC/ETH seen)
06:33:42 INFO     __main__  Universe refreshed: 36 markets
06:33:58 INFO     __main__  HEARTBEAT eval=0 signals=0 fills=0 arbs=0 arb-fills=0 no-spot=0 no-book=17896 warmup=0 markets=36 btcusdt[σ=0.061 iv=0.426 μ=+0.158] ethusdt[σ=0.090 iv=0.564 μ=+0.039] top-raw-gap=-1.000 ()
06:34:12 WARNING  src.poly_ws  Polymarket WS closed (no close frame received or sent), reconnecting in 1.0s
06:34:12 INFO     src.poly_universe  Universe: 36 tradeable BTC/ETH markets (1 page(s), 36 BTC/ETH seen)
06:34:12 INFO     __main__  Universe refreshed: 36 markets
06:34:13 INFO     src.poly_ws  Polymarket WS connected: wss://ws-subscriptions-clob.polymarket.com/ws/market
06:34:28 INFO     __main__  HEARTBEAT eval=686 signals=0 fills=0 arbs=0 arb-fills=0 no-spot=0 no-book=12553 warmup=1622 markets=36 btcusdt[σ=0.050 iv=0.426 μ=+0.192] ethusdt[σ=0.065 iv=0.564 μ=+0.125] top-raw-gap=-1.000 ()
06:34:42 INFO     src.poly_universe  Universe: 36 tradeable BTC/ETH markets (1 page(s), 36 BTC/ETH seen)
06:34:42 INFO     __main__  Universe refreshed: 36 markets
06:34:58 INFO     __main__  HEARTBEAT eval=0 signals=0 fills=0 arbs=0 arb-fills=0 no-spot=0 no-book=12224 warmup=0 markets=36 btcusdt[σ=0.050 iv=0.425 μ=-0.138] ethusdt[σ=0.058 iv=0.564 μ=+0.032] top-raw-gap=-1.000 ()
06:35:12 INFO     src.poly_universe  Universe: 36 tradeable BTC/ETH markets (1 page(s), 36 BTC/ETH seen)
06:35:12 INFO     __main__  Universe refreshed: 36 markets
06:35:28 INFO     __main__  HEARTBEAT eval=0 signals=0 fills=0 arbs=0 arb-fills=0 no-spot=0 no-book=15132 warmup=0 markets=36 btcusdt[σ=0.060 iv=0.425 μ=+0.054] ethusdt[σ=0.068 iv=0.564 μ=-0.019] top-raw-gap=-1.000 ()
06:35:43 INFO     src.poly_universe  Universe: 36 tradeable BTC/ETH markets (1 page(s), 36 BTC/ETH seen)
06:35:43 INFO     __main__  Universe refreshed: 36 markets
06:35:58 INFO     __main__  HEARTBEAT eval=0 signals=0 fills=0 arbs=0 arb-fills=0 no-spot=0 no-book=11100 warmup=0 markets=36 btcusdt[σ=0.050 iv=0.424 μ=+0.026] ethusdt[σ=0.050 iv=0.564 μ=-0.066] top-raw-gap=-1.000 ()
06:36:13 INFO     src.poly_universe  Universe: 36 tradeable BTC/ETH markets (1 page(s), 36 BTC/ETH seen)
06:36:13 INFO     __main__  Universe refreshed: 36 markets
06:36:28 INFO     __main__  HEARTBEAT eval=0 signals=0 fills=0 arbs=0 arb-fills=0 no-spot=0 no-book=16316 warmup=0 markets=36 btcusdt[σ=0.057 iv=0.424 μ=+0.158] ethusdt[σ=0.058 iv=0.564 μ=+0.194] top-raw-gap=-1.000 ()
06:36:43 INFO     src.poly_universe  Universe: 36 tradeable BTC/ETH markets (1 page(s), 36 BTC/ETH seen)
06:36:43 INFO     __main__  Universe refreshed: 36 markets
06:36:59 INFO     __main__  HEARTBEAT eval=0 signals=0 fills=0 arbs=0 arb-fills=0 no-spot=0 no-book=19513 warmup=0 markets=36 btcusdt[σ=0.050 iv=0.424 μ=+0.133] ethusdt[σ=0.053 iv=0.563 μ=+0.133] top-raw-gap=-1.000 ()
06:37:13 INFO     src.poly_universe  Universe: 36 tradeable BTC/ETH markets (1 page(s), 36 BTC/ETH seen)
06:37:13 INFO     __main__  Universe refreshed: 36 markets
06:37:29 INFO     __main__  HEARTBEAT eval=0 signals=0 fills=0 arbs=0 arb-fills=0 no-spot=0 no-book=20216 warmup=0 markets=36 btcusdt[σ=0.056 iv=0.424 μ=-0.155] ethusdt[σ=0.070 iv=0.563 μ=-0.021] top-raw-gap=-1.000 ()
06:37:43 INFO     src.poly_universe  Universe: 36 tradeable BTC/ETH markets (1 page(s), 36 BTC/ETH seen)
06:37:43 INFO     __main__  Universe refreshed: 36 markets
06:37:59 INFO     __main__  HEARTBEAT eval=0 signals=0 fills=0 arbs=0 arb-fills=0 no-spot=0 no-book=19272 warmup=0 markets=36 btcusdt[σ=0.072 iv=0.423 μ=-0.029] ethusdt[σ=0.087 iv=0.563 μ=-0.034] top-raw-gap=-1.000 ()
06:38:13 INFO     src.poly_universe  Universe: 36 tradeable BTC/ETH markets (1 page(s), 36 BTC/ETH seen)
06:38:13 INFO     __main__  Universe refreshed: 36 markets
06:38:29 INFO     __main__  HEARTBEAT eval=0 signals=0 fills=0 arbs=0 arb-fills=0 no-spot=0 no-book=21192 warmup=0 markets=36 btcusdt[σ=0.057 iv=0.423 μ=+0.185] ethusdt[σ=0.064 iv=0.563 μ=+0.134] top-raw-gap=-1.000 ()
06:38:43 INFO     src.poly_universe  Universe: 36 tradeable BTC/ETH markets (1 page(s), 36 BTC/ETH seen)
06:38:43 INFO     __main__  Universe refreshed: 36 markets
06:38:59 INFO     __main__  HEARTBEAT eval=0 signals=0 fills=0 arbs=0 arb-fills=0 no-spot=0 no-book=13336 warmup=0 markets=36 btcusdt[σ=0.050 iv=0.422 μ=+0.013] ethusdt[σ=0.062 iv=0.562 μ=+0.153] top-raw-gap=-1.000 ()
06:39:14 INFO     src.poly_universe  Universe: 36 tradeable BTC/ETH markets (1 page(s), 36 BTC/ETH seen)
06:39:14 INFO     __main__  Universe refreshed: 36 markets
06:39:29 INFO     __main__  HEARTBEAT eval=0 signals=0 fills=0 arbs=0 arb-fills=0 no-spot=0 no-book=11792 warmup=0 markets=36 btcusdt[σ=0.050 iv=0.422 μ=-0.050] ethusdt[σ=0.071 iv=0.562 μ=+0.005] top-raw-gap=-1.000 ()
06:39:44 INFO     src.poly_universe  Universe: 36 tradeable BTC/ETH markets (1 page(s), 36 BTC/ETH seen)
06:39:44 INFO     __main__  Universe refreshed: 36 markets
06:39:59 INFO     __main__  HEARTBEAT eval=0 signals=0 fills=0 arbs=0 arb-fills=0 no-spot=0 no-book=15560 warmup=0 markets=36 btcusdt[σ=0.054 iv=0.422 μ=-0.111] ethusdt[σ=0.066 iv=0.562 μ=+0.097] top-raw-gap=-1.000 ()
06:40:14 INFO     src.poly_universe  Universe: 36 tradeable BTC/ETH markets (1 page(s), 36 BTC/ETH seen)
06:40:14 INFO     __main__  Universe refreshed: 36 markets
06:40:29 INFO     __main__  HEARTBEAT eval=0 signals=0 fills=0 arbs=0 arb-fills=0 no-spot=0 no-book=21108 warmup=0 markets=36 btcusdt[σ=0.056 iv=0.422 μ=-0.016] ethusdt[σ=0.121 iv=0.562 μ=+0.124] top-raw-gap=-1.000 ()
06:40:44 INFO     src.poly_universe  Universe: 36 tradeable BTC/ETH markets (1 page(s), 36 BTC/ETH seen)
06:40:44 INFO     __main__  Universe refreshed: 36 markets
06:40:59 INFO     __main__  HEARTBEAT eval=0 signals=0 fills=0 arbs=0 arb-fills=0 no-spot=0 no-book=15244 warmup=0 markets=36 btcusdt[σ=0.054 iv=0.422 μ=-0.124] ethusdt[σ=0.095 iv=0.562 μ=+0.003] top-raw-gap=-1.000 ()
06:41:14 INFO     src.poly_universe  Universe: 36 tradeable BTC/ETH markets (1 page(s), 36 BTC/ETH seen)
06:41:14 INFO     __main__  Universe refreshed: 36 markets
06:41:29 INFO     __main__  HEARTBEAT eval=0 signals=0 fills=0 arbs=0 arb-fills=0 no-spot=0 no-book=15648 warmup=0 markets=36 btcusdt[σ=0.051 iv=0.422 μ=-0.094] ethusdt[σ=0.073 iv=0.562 μ=+0.027] top-raw-gap=-1.000 ()
06:41:44 INFO     src.poly_universe  Universe: 36 tradeable BTC/ETH markets (1 page(s), 36 BTC/ETH seen)
06:41:44 INFO     __main__  Universe refreshed: 36 markets
06:41:59 INFO     __main__  HEARTBEAT eval=0 signals=0 fills=0 arbs=0 arb-fills=0 no-spot=16 no-book=17028 warmup=0 markets=36 btcusdt[σ=0.061 iv=0.422 μ=-0.139] ethusdt[σ=0.073 iv=0.562 μ=-0.062] top-raw-gap=-1.000 ()
06:42:14 INFO     src.poly_universe  Universe: 46 tradeable BTC/ETH markets (1 page(s), 46 BTC/ETH seen)
06:42:14 INFO     __main__  Universe refreshed: 46 markets
06:42:29 INFO     __main__  HEARTBEAT eval=0 signals=0 fills=0 arbs=0 arb-fills=0 no-spot=0 no-book=20614 warmup=0 markets=46 btcusdt[σ=0.050 iv=0.422 μ=+0.049] ethusdt[σ=0.065 iv=0.562 μ=+0.058] top-raw-gap=-1.000 ()
06:42:45 INFO     src.poly_universe  Universe: 61 tradeable BTC/ETH markets (1 page(s), 61 BTC/ETH seen)
06:42:45 INFO     __main__  Universe refreshed: 61 markets
06:42:59 INFO     __main__  HEARTBEAT eval=0 signals=0 fills=0 arbs=0 arb-fills=0 no-spot=0 no-book=18579 warmup=0 markets=61 btcusdt[σ=0.050 iv=0.421 μ=+0.157] ethusdt[σ=0.050 iv=0.562 μ=+0.177] top-raw-gap=-1.000 ()
06:43:15 INFO     src.poly_universe  Universe: 72 tradeable BTC/ETH markets (1 page(s), 72 BTC/ETH seen)
06:43:15 INFO     __main__  Universe refreshed: 72 markets
06:43:29 INFO     __main__  HEARTBEAT eval=0 signals=0 fills=0 arbs=0 arb-fills=0 no-spot=0 no-book=33054 warmup=0 markets=72 btcusdt[σ=0.099 iv=0.421 μ=+0.164] ethusdt[σ=0.296 iv=0.562 μ=+0.102] top-raw-gap=-1.000 ()
06:43:45 INFO     src.poly_universe  Universe: 72 tradeable BTC/ETH markets (1 page(s), 72 BTC/ETH seen)
06:43:45 INFO     __main__  Universe refreshed: 72 markets
06:43:59 INFO     __main__  HEARTBEAT eval=0 signals=0 fills=0 arbs=0 arb-fills=0 no-spot=0 no-book=29184 warmup=0 markets=72 btcusdt[σ=0.080 iv=0.420 μ=+0.016] ethusdt[σ=0.211 iv=0.563 μ=+0.126] top-raw-gap=-1.000 ()
06:44:15 INFO     src.poly_universe  Universe: 72 tradeable BTC/ETH markets (1 page(s), 72 BTC/ETH seen)
06:44:15 INFO     __main__  Universe refreshed: 72 markets
06:44:29 INFO     __main__  HEARTBEAT eval=0 signals=0 fills=0 arbs=0 arb-fills=0 no-spot=0 no-book=25000 warmup=0 markets=72 btcusdt[σ=0.063 iv=0.420 μ=-0.139] ethusdt[σ=0.136 iv=0.563 μ=-0.182] top-raw-gap=-1.000 ()
06:44:45 INFO     src.poly_universe  Universe: 72 tradeable BTC/ETH markets (1 page(s), 72 BTC/ETH seen)
06:44:45 INFO     __main__  Universe refreshed: 72 markets
06:44:59 INFO     __main__  HEARTBEAT eval=0 signals=0 fills=0 arbs=0 arb-fills=0 no-spot=0 no-book=25568 warmup=0 markets=72 btcusdt[σ=0.052 iv=0.419 μ=-0.192] ethusdt[σ=0.094 iv=0.563 μ=-0.179] top-raw-gap=-1.000 ()
06:45:15 INFO     src.poly_universe  Universe: 72 tradeable BTC/ETH markets (1 page(s), 72 BTC/ETH seen)
06:45:15 INFO     __main__  Universe refreshed: 72 markets
06:45:29 INFO     __main__  HEARTBEAT eval=0 signals=0 fills=0 arbs=0 arb-fills=0 no-spot=0 no-book=25747 warmup=133 markets=72 btcusdt[σ=0.050 iv=0.419 μ=+0.134] ethusdt[σ=0.061 iv=0.563 μ=+0.155] top-raw-gap=-1.000 ()
06:45:45 INFO     src.poly_universe  Universe: 72 tradeable BTC/ETH markets (1 page(s), 72 BTC/ETH seen)
06:45:45 INFO     __main__  Universe refreshed: 72 markets
06:45:59 INFO     __main__  HEARTBEAT eval=0 signals=0 fills=0 arbs=0 arb-fills=0 no-spot=0 no-book=33064 warmup=0 markets=72 btcusdt[σ=0.056 iv=0.419 μ=+0.088] ethusdt[σ=0.067 iv=0.563 μ=+0.121] top-raw-gap=-1.000 ()
06:46:16 INFO     src.poly_universe  Universe: 72 tradeable BTC/ETH markets (1 page(s), 72 BTC/ETH seen)
06:46:16 INFO     __main__  Universe refreshed: 72 markets
06:46:29 INFO     __main__  HEARTBEAT eval=0 signals=0 fills=0 arbs=0 arb-fills=0 no-spot=0 no-book=33128 warmup=0 markets=72 btcusdt[σ=0.075 iv=0.419 μ=+0.073] ethusdt[σ=0.062 iv=0.563 μ=+0.136] top-raw-gap=-1.000 ()
06:46:46 INFO     src.poly_universe  Universe: 72 tradeable BTC/ETH markets (1 page(s), 72 BTC/ETH seen)
06:46:46 INFO     __main__  Universe refreshed: 72 markets
06:46:59 INFO     __main__  HEARTBEAT eval=0 signals=0 fills=0 arbs=0 arb-fills=0 no-spot=0 no-book=55800 warmup=0 markets=72 btcusdt[σ=0.083 iv=0.418 μ=+0.146] ethusdt[σ=0.095 iv=0.563 μ=+0.088] top-raw-gap=-1.000 ()
06:47:16 INFO     src.poly_universe  Universe: 72 tradeable BTC/ETH markets (1 page(s), 72 BTC/ETH seen)
06:47:16 INFO     __main__  Universe refreshed: 72 markets
06:47:30 INFO     __main__  HEARTBEAT eval=0 signals=0 fills=0 arbs=0 arb-fills=0 no-spot=0 no-book=42072 warmup=0 markets=72 btcusdt[σ=0.066 iv=0.418 μ=+0.116] ethusdt[σ=0.083 iv=0.563 μ=-0.045] top-raw-gap=-1.000 ()
06:47:46 INFO     src.poly_universe  Universe: 72 tradeable BTC/ETH markets (1 page(s), 72 BTC/ETH seen)
06:47:46 INFO     __main__  Universe refreshed: 72 markets
06:48:00 INFO     __main__  HEARTBEAT eval=0 signals=0 fills=0 arbs=0 arb-fills=0 no-spot=0 no-book=26248 warmup=0 markets=72 btcusdt[σ=0.050 iv=0.418 μ=+0.198] ethusdt[σ=0.061 iv=0.562 μ=+0.018] top-raw-gap=-1.000 ()
06:48:16 INFO     src.poly_universe  Universe: 72 tradeable BTC/ETH markets (1 page(s), 72 BTC/ETH seen)
06:48:16 INFO     __main__  Universe refreshed: 72 markets
06:48:30 INFO     __main__  HEARTBEAT eval=0 signals=0 fills=0 arbs=0 arb-fills=0 no-spot=32 no-book=31696 warmup=0 markets=72 btcusdt[σ=0.050 iv=0.418 μ=-0.121] ethusdt[σ=0.058 iv=0.562 μ=-0.118] top-raw-gap=-1.000 ()
06:48:46 INFO     src.poly_universe  Universe: 72 tradeable BTC/ETH markets (1 page(s), 72 BTC/ETH seen)
06:48:46 INFO     __main__  Universe refreshed: 72 markets
06:49:00 INFO     __main__  HEARTBEAT eval=0 signals=0 fills=0 arbs=0 arb-fills=0 no-spot=0 no-book=26232 warmup=0 markets=72 btcusdt[σ=0.050 iv=0.418 μ=-0.153] ethusdt[σ=0.050 iv=0.561 μ=-0.153] top-raw-gap=-1.000 ()
06:49:16 INFO     src.poly_universe  Universe: 72 tradeable BTC/ETH markets (1 page(s), 72 BTC/ETH seen)
06:49:16 INFO     __main__  Universe refreshed: 72 markets
06:49:30 INFO     __main__  HEARTBEAT eval=0 signals=0 fills=0 arbs=0 arb-fills=0 no-spot=0 no-book=28504 warmup=0 markets=72 btcusdt[σ=0.050 iv=0.418 μ=+0.065] ethusdt[σ=0.051 iv=0.561 μ=+0.137] top-raw-gap=-1.000 ()
06:49:47 INFO     src.poly_universe  Universe: 72 tradeable BTC/ETH markets (1 page(s), 72 BTC/ETH seen)
06:49:47 INFO     __main__  Universe refreshed: 72 markets
06:50:00 INFO     __main__  HEARTBEAT eval=0 signals=0 fills=0 arbs=0 arb-fills=0 no-spot=0 no-book=23576 warmup=0 markets=72 btcusdt[σ=0.050 iv=0.418 μ=-0.034] ethusdt[σ=0.050 iv=0.561 μ=+0.056] top-raw-gap=-1.000 ()
06:50:17 INFO     src.poly_universe  Universe: 72 tradeable BTC/ETH markets (1 page(s), 72 BTC/ETH seen)
06:50:17 INFO     __main__  Universe refreshed: 72 markets
06:50:30 INFO     __main__  HEARTBEAT eval=0 signals=0 fills=0 arbs=0 arb-fills=0 no-spot=0 no-book=20984 warmup=0 markets=72 btcusdt[σ=0.050 iv=0.418 μ=+0.176] ethusdt[σ=0.050 iv=0.561 μ=+0.139] top-raw-gap=-1.000 ()
06:50:47 INFO     src.poly_universe  Universe: 72 tradeable BTC/ETH markets (1 page(s), 72 BTC/ETH seen)
06:50:47 INFO     __main__  Universe refreshed: 72 markets
06:51:00 INFO     __main__  HEARTBEAT eval=0 signals=0 fills=0 arbs=0 arb-fills=0 no-spot=0 no-book=29944 warmup=0 markets=72 btcusdt[σ=0.050 iv=0.417 μ=+0.023] ethusdt[σ=0.071 iv=0.560 μ=-0.007] top-raw-gap=-1.000 ()
06:51:17 INFO     src.poly_universe  Universe: 72 tradeable BTC/ETH markets (1 page(s), 72 BTC/ETH seen)
06:51:17 INFO     __main__  Universe refreshed: 72 markets
06:51:30 INFO     __main__  HEARTBEAT eval=0 signals=0 fills=0 arbs=0 arb-fills=0 no-spot=0 no-book=37056 warmup=0 markets=72 btcusdt[σ=0.052 iv=0.417 μ=+0.033] ethusdt[σ=0.057 iv=0.560 μ=+0.067] top-raw-gap=-1.000 ()
06:51:47 INFO     src.poly_universe  Universe: 72 tradeable BTC/ETH markets (1 page(s), 72 BTC/ETH seen)
06:51:47 INFO     __main__  Universe refreshed: 72 markets
06:52:00 INFO     __main__  HEARTBEAT eval=0 signals=0 fills=0 arbs=0 arb-fills=0 no-spot=0 no-book=23232 warmup=0 markets=72 btcusdt[σ=0.050 iv=0.417 μ=-0.169] ethusdt[σ=0.050 iv=0.560 μ=-0.026] top-raw-gap=-1.000 ()
06:52:17 INFO     src.poly_universe  Universe: 72 tradeable BTC/ETH markets (1 page(s), 72 BTC/ETH seen)
06:52:17 INFO     __main__  Universe refreshed: 72 markets
06:52:30 INFO     __main__  HEARTBEAT eval=0 signals=0 fills=0 arbs=0 arb-fills=0 no-spot=0 no-book=30816 warmup=0 markets=72 btcusdt[σ=0.050 iv=0.417 μ=+0.091] ethusdt[σ=0.050 iv=0.560 μ=+0.018] top-raw-gap=-1.000 ()
06:52:48 INFO     src.poly_universe  Universe: 72 tradeable BTC/ETH markets (1 page(s), 72 BTC/ETH seen)
06:52:48 INFO     __main__  Universe refreshed: 72 markets
06:53:00 INFO     __main__  HEARTBEAT eval=0 signals=0 fills=0 arbs=0 arb-fills=0 no-spot=0 no-book=19928 warmup=0 markets=72 btcusdt[σ=0.050 iv=0.417 μ=-0.163] ethusdt[σ=0.050 iv=0.557 μ=-0.188] top-raw-gap=-1.000 ()
06:53:17 WARNING  src.poly_ws  Polymarket WS closed (no close frame received or sent), reconnecting in 1.0s
06:53:18 INFO     src.poly_universe  Universe: 72 tradeable BTC/ETH markets (1 page(s), 72 BTC/ETH seen)
06:53:18 INFO     __main__  Universe refreshed: 72 markets
06:53:18 INFO     src.poly_ws  Polymarket WS connected: wss://ws-subscriptions-clob.polymarket.com/ws/market
06:53:30 INFO     __main__  HEARTBEAT eval=1426 signals=0 fills=0 arbs=0 arb-fills=0 no-spot=0 no-book=30846 warmup=1987 markets=72 btcusdt[σ=0.053 iv=0.417 μ=-0.166] ethusdt[σ=0.069 iv=0.557 μ=-0.155] top-raw-gap=-1.000 ()
06:53:48 INFO     src.poly_universe  Universe: 72 tradeable BTC/ETH markets (1 page(s), 72 BTC/ETH seen)
06:53:48 INFO     __main__  Universe refreshed: 72 markets
06:54:00 INFO     __main__  HEARTBEAT eval=0 signals=0 fills=0 arbs=0 arb-fills=0 no-spot=0 no-book=25152 warmup=0 markets=72 btcusdt[σ=0.050 iv=0.416 μ=+0.086] ethusdt[σ=0.075 iv=0.557 μ=-0.156] top-raw-gap=-1.000 ()
06:54:18 INFO     src.poly_universe  Universe: 72 tradeable BTC/ETH markets (1 page(s), 72 BTC/ETH seen)
06:54:18 INFO     __main__  Universe refreshed: 72 markets
06:54:31 INFO     __main__  HEARTBEAT eval=0 signals=0 fills=0 arbs=0 arb-fills=0 no-spot=0 no-book=41944 warmup=0 markets=72 btcusdt[σ=0.059 iv=0.416 μ=+0.188] ethusdt[σ=0.077 iv=0.557 μ=+0.138] top-raw-gap=-1.000 ()
06:54:48 INFO     src.poly_universe  Universe: 72 tradeable BTC/ETH markets (1 page(s), 72 BTC/ETH seen)
06:54:48 INFO     __main__  Universe refreshed: 72 markets
06:55:01 INFO     __main__  HEARTBEAT eval=0 signals=0 fills=0 arbs=0 arb-fills=0 no-spot=0 no-book=27768 warmup=0 markets=72 btcusdt[σ=0.050 iv=0.386 μ=+0.077] ethusdt[σ=0.073 iv=0.557 μ=+0.086] top-raw-gap=-1.000 ()
06:55:18 INFO     src.poly_universe  Universe: 72 tradeable BTC/ETH markets (1 page(s), 72 BTC/ETH seen)
06:55:18 INFO     __main__  Universe refreshed: 72 markets
06:55:31 INFO     __main__  HEARTBEAT eval=0 signals=0 fills=0 arbs=0 arb-fills=0 no-spot=0 no-book=22616 warmup=0 markets=72 btcusdt[σ=0.050 iv=0.386 μ=-0.195] ethusdt[σ=0.054 iv=0.557 μ=-0.178] top-raw-gap=-1.000 ()
06:55:48 INFO     src.poly_universe  Universe: 72 tradeable BTC/ETH markets (1 page(s), 72 BTC/ETH seen)
06:55:48 INFO     __main__  Universe refreshed: 72 markets
06:56:01 INFO     __main__  HEARTBEAT eval=0 signals=0 fills=0 arbs=0 arb-fills=0 no-spot=0 no-book=23880 warmup=0 markets=72 btcusdt[σ=0.050 iv=0.386 μ=-0.128] ethusdt[σ=0.052 iv=0.556 μ=+0.113] top-raw-gap=-1.000 ()
06:56:18 INFO     src.poly_universe  Universe: 72 tradeable BTC/ETH markets (1 page(s), 72 BTC/ETH seen)
06:56:18 INFO     __main__  Universe refreshed: 72 markets
06:56:31 INFO     __main__  HEARTBEAT eval=0 signals=0 fills=0 arbs=0 arb-fills=0 no-spot=32 no-book=19056 warmup=0 markets=72 btcusdt[σ=0.050 iv=0.386 μ=-0.183] ethusdt[σ=0.050 iv=0.556 μ=-0.112] top-raw-gap=-1.000 ()
06:56:49 INFO     src.poly_universe  Universe: 72 tradeable BTC/ETH markets (1 page(s), 72 BTC/ETH seen)
06:56:49 INFO     __main__  Universe refreshed: 72 markets
06:57:01 INFO     __main__  HEARTBEAT eval=0 signals=0 fills=0 arbs=0 arb-fills=0 no-spot=0 no-book=16264 warmup=0 markets=72 btcusdt[σ=0.050 iv=0.385 μ=-0.181] ethusdt[σ=0.050 iv=0.556 μ=+0.147] top-raw-gap=-1.000 ()
06:57:19 INFO     src.poly_universe  Universe: 72 tradeable BTC/ETH markets (1 page(s), 72 BTC/ETH seen)
06:57:19 INFO     __main__  Universe refreshed: 72 markets
06:57:31 INFO     __main__  HEARTBEAT eval=0 signals=0 fills=0 arbs=0 arb-fills=0 no-spot=0 no-book=25960 warmup=0 markets=72 btcusdt[σ=0.050 iv=0.385 μ=+0.119] ethusdt[σ=0.069 iv=0.556 μ=-0.012] top-raw-gap=-1.000 ()
06:57:49 INFO     src.poly_universe  Universe: 72 tradeable BTC/ETH markets (1 page(s), 72 BTC/ETH seen)
06:57:49 INFO     __main__  Universe refreshed: 72 markets
06:58:01 INFO     __main__  HEARTBEAT eval=0 signals=0 fills=0 arbs=0 arb-fills=0 no-spot=0 no-book=56600 warmup=0 markets=72 btcusdt[σ=0.050 iv=0.385 μ=+0.059] ethusdt[σ=0.057 iv=0.556 μ=+0.073] top-raw-gap=-1.000 ()
06:58:19 INFO     src.poly_universe  Universe: 72 tradeable BTC/ETH markets (1 page(s), 72 BTC/ETH seen)
06:58:19 INFO     __main__  Universe refreshed: 72 markets
06:58:31 INFO     __main__  HEARTBEAT eval=0 signals=0 fills=0 arbs=0 arb-fills=0 no-spot=0 no-book=37648 warmup=0 markets=72 btcusdt[σ=0.050 iv=0.385 μ=+0.001] ethusdt[σ=0.064 iv=0.556 μ=+0.070] top-raw-gap=-1.000 ()
06:58:49 INFO     src.poly_universe  Universe: 72 tradeable BTC/ETH markets (1 page(s), 72 BTC/ETH seen)
06:58:49 INFO     __main__  Universe refreshed: 72 markets
06:59:01 INFO     __main__  HEARTBEAT eval=0 signals=0 fills=0 arbs=0 arb-fills=0 no-spot=0 no-book=28584 warmup=0 markets=72 btcusdt[σ=0.050 iv=0.385 μ=+0.132] ethusdt[σ=0.050 iv=0.555 μ=-0.153] top-raw-gap=-1.000 ()
06:59:19 INFO     src.poly_universe  Universe: 36 tradeable BTC/ETH markets (1 page(s), 72 BTC/ETH seen)
06:59:19 INFO     __main__  Universe refreshed: 36 markets
06:59:31 INFO     __main__  HEARTBEAT eval=0 signals=0 fills=0 arbs=0 arb-fills=0 no-spot=0 no-book=37741 warmup=115 markets=36 btcusdt[σ=0.050 iv=0.385 μ=+0.160] ethusdt[σ=0.050 iv=0.555 μ=+0.188] top-raw-gap=-1.000 ()
06:59:49 INFO     src.poly_universe  Universe: 36 tradeable BTC/ETH markets (1 page(s), 72 BTC/ETH seen)
06:59:49 INFO     __main__  Universe refreshed: 36 markets
07:00:01 INFO     __main__  HEARTBEAT eval=0 signals=0 fills=0 arbs=0 arb-fills=0 no-spot=0 no-book=12272 warmup=0 markets=36 btcusdt[σ=0.056 iv=0.385 μ=-0.198] ethusdt[σ=0.051 iv=0.555 μ=-0.188] top-raw-gap=-1.000 ()
07:00:20 INFO     src.poly_universe  Universe: 36 tradeable BTC/ETH markets (1 page(s), 72 BTC/ETH seen)
07:00:20 INFO     __main__  Universe refreshed: 36 markets
07:00:31 INFO     __main__  HEARTBEAT eval=0 signals=0 fills=0 arbs=0 arb-fills=0 no-spot=0 no-book=16836 warmup=0 markets=36 btcusdt[σ=0.050 iv=0.385 μ=+0.195] ethusdt[σ=0.059 iv=0.555 μ=+0.020] top-raw-gap=-1.000 ()
07:00:50 INFO     src.poly_universe  Universe: 36 tradeable BTC/ETH markets (1 page(s), 72 BTC/ETH seen)
07:00:50 INFO     __main__  Universe refreshed: 36 markets
07:01:02 INFO     __main__  HEARTBEAT eval=0 signals=0 fills=0 arbs=0 arb-fills=0 no-spot=0 no-book=16416 warmup=0 markets=36 btcusdt[σ=0.050 iv=0.384 μ=+0.198] ethusdt[σ=0.065 iv=0.555 μ=+0.149] top-raw-gap=-1.000 ()
07:01:20 INFO     src.poly_universe  Universe: 36 tradeable BTC/ETH markets (1 page(s), 72 BTC/ETH seen)
07:01:20 INFO     __main__  Universe refreshed: 36 markets
07:01:32 INFO     __main__  HEARTBEAT eval=0 signals=0 fills=0 arbs=0 arb-fills=0 no-spot=0 no-book=16796 warmup=0 markets=36 btcusdt[σ=0.065 iv=0.384 μ=-0.191] ethusdt[σ=0.091 iv=0.555 μ=-0.187] top-raw-gap=-1.000 ()
07:01:50 INFO     src.poly_universe  Universe: 36 tradeable BTC/ETH markets (1 page(s), 72 BTC/ETH seen)
07:01:50 INFO     __main__  Universe refreshed: 36 markets
07:02:02 INFO     __main__  HEARTBEAT eval=0 signals=0 fills=0 arbs=0 arb-fills=0 no-spot=0 no-book=10352 warmup=0 markets=36 btcusdt[σ=0.050 iv=0.383 μ=+0.133] ethusdt[σ=0.060 iv=0.555 μ=+0.186] top-raw-gap=-1.000 ()
07:02:20 INFO     src.poly_universe  Universe: 36 tradeable BTC/ETH markets (1 page(s), 72 BTC/ETH seen)
07:02:20 INFO     __main__  Universe refreshed: 36 markets
07:02:32 INFO     __main__  HEARTBEAT eval=0 signals=0 fills=0 arbs=0 arb-fills=0 no-spot=0 no-book=13080 warmup=0 markets=36 btcusdt[σ=0.063 iv=0.383 μ=+0.142] ethusdt[σ=0.081 iv=0.555 μ=+0.038] top-raw-gap=-1.000 ()
07:02:51 INFO     src.poly_universe  Universe: 36 tradeable BTC/ETH markets (1 page(s), 72 BTC/ETH seen)
07:02:51 INFO     __main__  Universe refreshed: 36 markets
07:03:02 INFO     __main__  HEARTBEAT eval=0 signals=0 fills=0 arbs=0 arb-fills=0 no-spot=0 no-book=11240 warmup=0 markets=36 btcusdt[σ=0.052 iv=0.383 μ=-0.174] ethusdt[σ=0.064 iv=0.555 μ=-0.130] top-raw-gap=-1.000 ()
07:03:20 WARNING  src.poly_ws  Polymarket WS closed (no close frame received or sent), reconnecting in 1.0s
07:03:21 INFO     src.poly_universe  Universe: 36 tradeable BTC/ETH markets (1 page(s), 72 BTC/ETH seen)
07:03:21 INFO     __main__  Universe refreshed: 36 markets
07:03:22 INFO     src.poly_ws  Polymarket WS connected: wss://ws-subscriptions-clob.polymarket.com/ws/market
07:03:32 INFO     __main__  HEARTBEAT eval=516 signals=0 fills=0 arbs=0 arb-fills=0 no-spot=0 no-book=12143 warmup=1098 markets=36 btcusdt[σ=0.050 iv=0.383 μ=+0.196] ethusdt[σ=0.058 iv=0.555 μ=+0.179] top-raw-gap=-1.000 ()
07:03:51 INFO     src.poly_universe  Universe: 36 tradeable BTC/ETH markets (1 page(s), 72 BTC/ETH seen)
07:03:51 INFO     __main__  Universe refreshed: 36 markets
07:04:02 INFO     __main__  HEARTBEAT eval=0 signals=0 fills=0 arbs=0 arb-fills=0 no-spot=0 no-book=10980 warmup=0 markets=36 btcusdt[σ=0.050 iv=0.382 μ=-0.177] ethusdt[σ=0.056 iv=0.555 μ=-0.183] top-raw-gap=-1.000 ()
07:04:21 INFO     src.poly_universe  Universe: 36 tradeable BTC/ETH markets (1 page(s), 72 BTC/ETH seen)
07:04:21 INFO     __main__  Universe refreshed: 36 markets
07:04:32 INFO     __main__  HEARTBEAT eval=0 signals=0 fills=0 arbs=0 arb-fills=0 no-spot=0 no-book=12824 warmup=0 markets=36 btcusdt[σ=0.050 iv=0.382 μ=+0.115] ethusdt[σ=0.050 iv=0.555 μ=-0.002] top-raw-gap=-1.000 ()
07:04:51 INFO     src.poly_universe  Universe: 36 tradeable BTC/ETH markets (1 page(s), 72 BTC/ETH seen)
07:04:51 INFO     __main__  Universe refreshed: 36 markets
07:05:02 INFO     __main__  HEARTBEAT eval=0 signals=0 fills=0 arbs=0 arb-fills=0 no-spot=0 no-book=12096 warmup=0 markets=36 btcusdt[σ=0.050 iv=0.382 μ=-0.062] ethusdt[σ=0.052 iv=0.555 μ=+0.140] top-raw-gap=-1.000 ()
07:05:21 INFO     src.poly_universe  Universe: 36 tradeable BTC/ETH markets (1 page(s), 72 BTC/ETH seen)
07:05:21 INFO     __main__  Universe refreshed: 36 markets
07:05:32 INFO     __main__  HEARTBEAT eval=0 signals=0 fills=0 arbs=0 arb-fills=0 no-spot=0 no-book=12612 warmup=0 markets=36 btcusdt[σ=0.050 iv=0.382 μ=+0.053] ethusdt[σ=0.054 iv=0.555 μ=-0.077] top-raw-gap=-1.000 ()
07:05:52 INFO     src.poly_universe  Universe: 36 tradeable BTC/ETH markets (1 page(s), 72 BTC/ETH seen)
07:05:52 INFO     __main__  Universe refreshed: 36 markets
07:06:02 INFO     __main__  HEARTBEAT eval=0 signals=0 fills=0 arbs=0 arb-fills=0 no-spot=0 no-book=12656 warmup=0 markets=36 btcusdt[σ=0.050 iv=0.382 μ=+0.195] ethusdt[σ=0.050 iv=0.555 μ=+0.004] top-raw-gap=-1.000 ()
07:06:22 INFO     src.poly_universe  Universe: 36 tradeable BTC/ETH markets (1 page(s), 72 BTC/ETH seen)
07:06:22 INFO     __main__  Universe refreshed: 36 markets
07:06:32 INFO     __main__  HEARTBEAT eval=0 signals=0 fills=0 arbs=0 arb-fills=0 no-spot=0 no-book=21552 warmup=0 markets=36 btcusdt[σ=0.055 iv=0.382 μ=+0.123] ethusdt[σ=0.080 iv=0.555 μ=-0.014] top-raw-gap=-1.000 ()
07:06:52 INFO     src.poly_universe  Universe: 36 tradeable BTC/ETH markets (1 page(s), 72 BTC/ETH seen)
07:06:52 INFO     __main__  Universe refreshed: 36 markets
07:07:02 INFO     __main__  HEARTBEAT eval=0 signals=0 fills=0 arbs=0 arb-fills=0 no-spot=0 no-book=17792 warmup=0 markets=36 btcusdt[σ=0.086 iv=0.382 μ=+0.036] ethusdt[σ=0.157 iv=0.555 μ=+0.000] top-raw-gap=-1.000 ()
07:07:22 INFO     src.poly_universe  Universe: 36 tradeable BTC/ETH markets (1 page(s), 72 BTC/ETH seen)
07:07:22 INFO     __main__  Universe refreshed: 36 markets
07:07:32 INFO     __main__  HEARTBEAT eval=0 signals=0 fills=0 arbs=0 arb-fills=0 no-spot=0 no-book=17560 warmup=0 markets=36 btcusdt[σ=0.058 iv=0.382 μ=+0.086] ethusdt[σ=0.129 iv=0.555 μ=-0.021] top-raw-gap=-1.000 ()
07:07:52 INFO     src.poly_universe  Universe: 36 tradeable BTC/ETH markets (1 page(s), 72 BTC/ETH seen)
07:07:52 INFO     __main__  Universe refreshed: 36 markets
07:08:02 INFO     __main__  HEARTBEAT eval=0 signals=0 fills=0 arbs=0 arb-fills=0 no-spot=0 no-book=21068 warmup=0 markets=36 btcusdt[σ=0.072 iv=0.382 μ=+0.135] ethusdt[σ=0.102 iv=0.555 μ=+0.041] top-raw-gap=-1.000 ()
07:08:22 INFO     src.poly_universe  Universe: 36 tradeable BTC/ETH markets (1 page(s), 72 BTC/ETH seen)
07:08:22 INFO     __main__  Universe refreshed: 36 markets
07:08:32 INFO     __main__  HEARTBEAT eval=0 signals=0 fills=0 arbs=0 arb-fills=0 no-spot=0 no-book=25596 warmup=0 markets=36 btcusdt[σ=0.084 iv=0.382 μ=+0.067] ethusdt[σ=0.107 iv=0.555 μ=+0.074] top-raw-gap=-1.000 ()
07:08:52 INFO     src.poly_universe  Universe: 36 tradeable BTC/ETH markets (1 page(s), 72 BTC/ETH seen)
07:08:52 INFO     __main__  Universe refreshed: 36 markets
07:09:02 INFO     __main__  HEARTBEAT eval=0 signals=0 fills=0 arbs=0 arb-fills=0 no-spot=0 no-book=25020 warmup=0 markets=36 btcusdt[σ=0.079 iv=0.382 μ=+0.074] ethusdt[σ=0.093 iv=0.555 μ=+0.057] top-raw-gap=-1.000 ()
07:09:23 INFO     src.poly_universe  Universe: 36 tradeable BTC/ETH markets (1 page(s), 72 BTC/ETH seen)
07:09:23 INFO     __main__  Universe refreshed: 36 markets
07:09:32 INFO     __main__  HEARTBEAT eval=0 signals=0 fills=0 arbs=0 arb-fills=0 no-spot=0 no-book=20976 warmup=0 markets=36 btcusdt[σ=0.171 iv=0.382 μ=+0.124] ethusdt[σ=0.121 iv=0.555 μ=+0.017] top-raw-gap=-1.000 ()
07:09:53 INFO     src.poly_universe  Universe: 36 tradeable BTC/ETH markets (1 page(s), 72 BTC/ETH seen)
07:09:53 INFO     __main__  Universe refreshed: 36 markets
07:10:02 INFO     __main__  HEARTBEAT eval=0 signals=0 fills=0 arbs=0 arb-fills=0 no-spot=0 no-book=16720 warmup=0 markets=36 btcusdt[σ=0.117 iv=0.382 μ=-0.149] ethusdt[σ=0.102 iv=0.555 μ=-0.044] top-raw-gap=-1.000 ()
07:10:23 INFO     src.poly_universe  Universe: 36 tradeable BTC/ETH markets (1 page(s), 72 BTC/ETH seen)
07:10:23 INFO     __main__  Universe refreshed: 36 markets
07:10:32 INFO     __main__  HEARTBEAT eval=0 signals=0 fills=0 arbs=0 arb-fills=0 no-spot=0 no-book=25620 warmup=0 markets=36 btcusdt[σ=0.092 iv=0.382 μ=+0.095] ethusdt[σ=0.119 iv=0.555 μ=-0.035] top-raw-gap=-1.000 ()
07:10:53 INFO     src.poly_universe  Universe: 36 tradeable BTC/ETH markets (1 page(s), 72 BTC/ETH seen)
07:10:53 INFO     __main__  Universe refreshed: 36 markets
07:11:02 INFO     __main__  HEARTBEAT eval=0 signals=0 fills=0 arbs=0 arb-fills=0 no-spot=0 no-book=13232 warmup=0 markets=36 btcusdt[σ=0.057 iv=0.381 μ=-0.093] ethusdt[σ=0.080 iv=0.554 μ=-0.073] top-raw-gap=-1.000 ()
07:11:23 INFO     src.poly_universe  Universe: 36 tradeable BTC/ETH markets (1 page(s), 72 BTC/ETH seen)
07:11:23 INFO     __main__  Universe refreshed: 36 markets
07:11:33 INFO     __main__  HEARTBEAT eval=0 signals=0 fills=0 arbs=0 arb-fills=0 no-spot=0 no-book=19340 warmup=0 markets=36 btcusdt[σ=0.055 iv=0.381 μ=+0.151] ethusdt[σ=0.068 iv=0.554 μ=+0.049] top-raw-gap=-1.000 ()
07:11:53 INFO     src.poly_universe  Universe: 36 tradeable BTC/ETH markets (1 page(s), 72 BTC/ETH seen)
07:11:53 INFO     __main__  Universe refreshed: 36 markets
07:12:03 INFO     __main__  HEARTBEAT eval=0 signals=0 fills=0 arbs=0 arb-fills=0 no-spot=0 no-book=14520 warmup=0 markets=36 btcusdt[σ=0.052 iv=0.381 μ=-0.017] ethusdt[σ=0.058 iv=0.554 μ=-0.072] top-raw-gap=-1.000 ()
07:12:24 INFO     src.poly_universe  Universe: 36 tradeable BTC/ETH markets (1 page(s), 72 BTC/ETH seen)
07:12:24 INFO     __main__  Universe refreshed: 36 markets
07:12:33 INFO     __main__  HEARTBEAT eval=0 signals=0 fills=0 arbs=0 arb-fills=0 no-spot=0 no-book=14172 warmup=0 markets=36 btcusdt[σ=0.050 iv=0.381 μ=+0.101] ethusdt[σ=0.050 iv=0.554 μ=-0.155] top-raw-gap=-1.000 ()
07:12:54 INFO     src.poly_universe  Universe: 36 tradeable BTC/ETH markets (1 page(s), 60 BTC/ETH seen)
07:12:54 INFO     __main__  Universe refreshed: 36 markets
07:13:03 INFO     __main__  HEARTBEAT eval=0 signals=0 fills=0 arbs=0 arb-fills=0 no-spot=0 no-book=9304 warmup=0 markets=36 btcusdt[σ=0.052 iv=0.381 μ=-0.146] ethusdt[σ=0.057 iv=0.554 μ=-0.030] top-raw-gap=-1.000 ()
07:13:22 WARNING  src.poly_ws  Polymarket WS closed (no close frame received or sent), reconnecting in 1.0s
07:13:23 INFO     src.poly_ws  Polymarket WS connected: wss://ws-subscriptions-clob.polymarket.com/ws/market
07:13:24 INFO     src.poly_universe  Universe: 36 tradeable BTC/ETH markets (1 page(s), 38 BTC/ETH seen)
07:13:24 INFO     __main__  Universe refreshed: 36 markets
07:13:33 INFO     __main__  HEARTBEAT eval=2433 signals=0 fills=0 arbs=0 arb-fills=0 no-spot=0 no-book=9330 warmup=0 markets=36 btcusdt[σ=0.074 iv=0.381 μ=+0.153] ethusdt[σ=0.054 iv=0.554 μ=-0.123] top-raw-gap=0.037 (Bitcoin above 64,600 on June 22, 2AM ET?)
07:13:54 INFO     src.poly_universe  Universe: 36 tradeable BTC/ETH markets (1 page(s), 38 BTC/ETH seen)
07:13:54 INFO     __main__  Universe refreshed: 36 markets
07:14:03 INFO     __main__  HEARTBEAT eval=0 signals=0 fills=0 arbs=0 arb-fills=0 no-spot=0 no-book=18628 warmup=0 markets=36 btcusdt[σ=0.124 iv=0.381 μ=+0.157] ethusdt[σ=0.095 iv=0.554 μ=+0.164] top-raw-gap=-1.000 ()
07:14:24 INFO     src.poly_universe  Universe: 36 tradeable BTC/ETH markets (1 page(s), 36 BTC/ETH seen)
07:14:24 INFO     __main__  Universe refreshed: 36 markets
07:14:33 INFO     __main__  HEARTBEAT eval=0 signals=0 fills=0 arbs=0 arb-fills=0 no-spot=0 no-book=10228 warmup=0 markets=36 btcusdt[σ=0.079 iv=0.381 μ=+0.022] ethusdt[σ=0.070 iv=0.554 μ=+0.020] top-raw-gap=-1.000 ()
07:14:54 INFO     src.poly_universe  Universe: 36 tradeable BTC/ETH markets (1 page(s), 36 BTC/ETH seen)
07:14:54 INFO     __main__  Universe refreshed: 36 markets
07:15:03 INFO     __main__  HEARTBEAT eval=0 signals=0 fills=0 arbs=0 arb-fills=0 no-spot=0 no-book=25552 warmup=0 markets=36 btcusdt[σ=0.065 iv=0.381 μ=-0.088] ethusdt[σ=0.066 iv=0.554 μ=-0.062] top-raw-gap=-1.000 ()
07:15:24 INFO     src.poly_universe  Universe: 36 tradeable BTC/ETH markets (1 page(s), 36 BTC/ETH seen)
07:15:24 INFO     __main__  Universe refreshed: 36 markets
07:15:34 INFO     __main__  HEARTBEAT eval=0 signals=0 fills=0 arbs=0 arb-fills=0 no-spot=0 no-book=15444 warmup=0 markets=36 btcusdt[σ=0.069 iv=0.381 μ=-0.179] ethusdt[σ=0.064 iv=0.554 μ=-0.121] top-raw-gap=-1.000 ()
07:15:54 INFO     src.poly_universe  Universe: 36 tradeable BTC/ETH markets (1 page(s), 36 BTC/ETH seen)
07:15:54 INFO     __main__  Universe refreshed: 36 markets
07:16:04 INFO     __main__  HEARTBEAT eval=0 signals=0 fills=0 arbs=0 arb-fills=0 no-spot=0 no-book=18820 warmup=0 markets=36 btcusdt[σ=0.050 iv=0.381 μ=+0.109] ethusdt[σ=0.077 iv=0.553 μ=+0.083] top-raw-gap=-1.000 ()
07:16:25 INFO     src.poly_universe  Universe: 36 tradeable BTC/ETH markets (1 page(s), 36 BTC/ETH seen)
07:16:25 INFO     __main__  Universe refreshed: 36 markets
07:16:34 INFO     __main__  HEARTBEAT eval=0 signals=0 fills=0 arbs=0 arb-fills=0 no-spot=0 no-book=11440 warmup=0 markets=36 btcusdt[σ=0.050 iv=0.381 μ=+0.049] ethusdt[σ=0.058 iv=0.553 μ=+0.132] top-raw-gap=-1.000 ()
07:16:55 INFO     src.poly_universe  Universe: 36 tradeable BTC/ETH markets (1 page(s), 36 BTC/ETH seen)
07:16:55 INFO     __main__  Universe refreshed: 36 markets
07:17:04 INFO     __main__  HEARTBEAT eval=0 signals=0 fills=0 arbs=0 arb-fills=0 no-spot=0 no-book=22192 warmup=0 markets=36 btcusdt[σ=0.077 iv=0.380 μ=-0.017] ethusdt[σ=0.069 iv=0.553 μ=-0.108] top-raw-gap=-1.000 ()
07:17:25 INFO     src.poly_universe  Universe: 36 tradeable BTC/ETH markets (1 page(s), 36 BTC/ETH seen)
07:17:25 INFO     __main__  Universe refreshed: 36 markets
07:17:34 INFO     __main__  HEARTBEAT eval=0 signals=0 fills=0 arbs=0 arb-fills=0 no-spot=0 no-book=15252 warmup=0 markets=36 btcusdt[σ=0.058 iv=0.380 μ=-0.154] ethusdt[σ=0.062 iv=0.553 μ=-0.143] top-raw-gap=-1.000 ()
07:17:55 INFO     src.poly_universe  Universe: 36 tradeable BTC/ETH markets (1 page(s), 36 BTC/ETH seen)
07:17:55 INFO     __main__  Universe refreshed: 36 markets
07:18:04 INFO     __main__  HEARTBEAT eval=0 signals=0 fills=0 arbs=0 arb-fills=0 no-spot=0 no-book=14308 warmup=0 markets=36 btcusdt[σ=0.059 iv=0.380 μ=+0.085] ethusdt[σ=0.073 iv=0.552 μ=+0.058] top-raw-gap=-1.000 ()
07:18:25 INFO     src.poly_universe  Universe: 36 tradeable BTC/ETH markets (1 page(s), 36 BTC/ETH seen)
07:18:25 INFO     __main__  Universe refreshed: 36 markets
07:18:34 INFO     __main__  HEARTBEAT eval=0 signals=0 fills=0 arbs=0 arb-fills=0 no-spot=0 no-book=14940 warmup=0 markets=36 btcusdt[σ=0.050 iv=0.380 μ=+0.145] ethusdt[σ=0.056 iv=0.552 μ=-0.167] top-raw-gap=-1.000 ()
07:18:55 INFO     src.poly_universe  Universe: 36 tradeable BTC/ETH markets (1 page(s), 36 BTC/ETH seen)
07:18:55 INFO     __main__  Universe refreshed: 36 markets
07:19:04 INFO     __main__  HEARTBEAT eval=0 signals=0 fills=0 arbs=0 arb-fills=0 no-spot=0 no-book=17832 warmup=0 markets=36 btcusdt[σ=0.072 iv=0.380 μ=+0.050] ethusdt[σ=0.075 iv=0.552 μ=+0.072] top-raw-gap=-1.000 ()
07:19:26 INFO     src.poly_universe  Universe: 36 tradeable BTC/ETH markets (1 page(s), 36 BTC/ETH seen)
07:19:26 INFO     __main__  Universe refreshed: 36 markets
07:19:34 INFO     __main__  HEARTBEAT eval=0 signals=0 fills=0 arbs=0 arb-fills=0 no-spot=0 no-book=17252 warmup=0 markets=36 btcusdt[σ=0.070 iv=0.380 μ=-0.114] ethusdt[σ=0.082 iv=0.552 μ=-0.071] top-raw-gap=-1.000 ()
07:19:56 INFO     src.poly_universe  Universe: 36 tradeable BTC/ETH markets (1 page(s), 36 BTC/ETH seen)
07:19:56 INFO     __main__  Universe refreshed: 36 markets
07:20:04 INFO     __main__  HEARTBEAT eval=0 signals=0 fills=0 arbs=0 arb-fills=0 no-spot=0 no-book=20044 warmup=0 markets=36 btcusdt[σ=0.654 iv=0.381 μ=-0.012] ethusdt[σ=0.400 iv=0.552 μ=+0.129] top-raw-gap=-1.000 ()
07:20:26 INFO     src.poly_universe  Universe: 36 tradeable BTC/ETH markets (1 page(s), 36 BTC/ETH seen)
07:20:26 INFO     __main__  Universe refreshed: 36 markets
07:20:34 INFO     __main__  HEARTBEAT eval=0 signals=0 fills=0 arbs=0 arb-fills=0 no-spot=0 no-book=10484 warmup=0 markets=36 btcusdt[σ=0.411 iv=0.381 μ=-0.073] ethusdt[σ=0.251 iv=0.552 μ=+0.084] top-raw-gap=-1.000 ()
07:20:56 INFO     src.poly_universe  Universe: 36 tradeable BTC/ETH markets (1 page(s), 36 BTC/ETH seen)
07:20:56 INFO     __main__  Universe refreshed: 36 markets
07:21:05 INFO     __main__  HEARTBEAT eval=0 signals=0 fills=0 arbs=0 arb-fills=0 no-spot=16 no-book=9752 warmup=0 markets=36 btcusdt[σ=0.251 iv=0.388 μ=-0.016] ethusdt[σ=0.164 iv=0.557 μ=-0.003] top-raw-gap=-1.000 ()
07:21:26 INFO     src.poly_universe  Universe: 36 tradeable BTC/ETH markets (1 page(s), 36 BTC/ETH seen)
07:21:26 INFO     __main__  Universe refreshed: 36 markets
07:21:35 INFO     __main__  HEARTBEAT eval=0 signals=0 fills=0 arbs=0 arb-fills=0 no-spot=0 no-book=13948 warmup=0 markets=36 btcusdt[σ=0.149 iv=0.388 μ=-0.139] ethusdt[σ=0.100 iv=0.557 μ=+0.174] top-raw-gap=-1.000 ()
07:21:56 INFO     src.poly_universe  Universe: 36 tradeable BTC/ETH markets (1 page(s), 36 BTC/ETH seen)
07:21:56 INFO     __main__  Universe refreshed: 36 markets
07:22:05 INFO     __main__  HEARTBEAT eval=0 signals=0 fills=0 arbs=0 arb-fills=0 no-spot=0 no-book=18292 warmup=0 markets=36 btcusdt[σ=0.099 iv=0.389 μ=+0.032] ethusdt[σ=0.078 iv=0.559 μ=-0.077] top-raw-gap=-1.000 ()
07:22:26 INFO     src.poly_universe  Universe: 36 tradeable BTC/ETH markets (1 page(s), 36 BTC/ETH seen)
07:22:26 INFO     __main__  Universe refreshed: 36 markets
07:22:35 INFO     __main__  HEARTBEAT eval=0 signals=0 fills=0 arbs=0 arb-fills=0 no-spot=0 no-book=19768 warmup=0 markets=36 btcusdt[σ=0.097 iv=0.389 μ=+0.000] ethusdt[σ=0.106 iv=0.559 μ=+0.040] top-raw-gap=-1.000 ()
07:22:57 INFO     src.poly_universe  Universe: 36 tradeable BTC/ETH markets (1 page(s), 36 BTC/ETH seen)
07:22:57 INFO     __main__  Universe refreshed: 36 markets
07:23:05 INFO     __main__  HEARTBEAT eval=0 signals=0 fills=0 arbs=0 arb-fills=0 no-spot=0 no-book=18680 warmup=0 markets=36 btcusdt[σ=0.061 iv=0.390 μ=-0.040] ethusdt[σ=0.079 iv=0.560 μ=+0.109] top-raw-gap=-1.000 ()
07:23:25 WARNING  src.poly_ws  Polymarket WS closed (no close frame received or sent), reconnecting in 1.0s
07:23:27 INFO     src.poly_universe  Universe: 36 tradeable BTC/ETH markets (1 page(s), 36 BTC/ETH seen)
07:23:27 INFO     __main__  Universe refreshed: 36 markets
07:23:27 INFO     src.poly_ws  Polymarket WS connected: wss://ws-subscriptions-clob.polymarket.com/ws/market
07:23:35 INFO     __main__  HEARTBEAT eval=561 signals=0 fills=0 arbs=0 arb-fills=0 no-spot=0 no-book=12578 warmup=1771 markets=36 btcusdt[σ=0.050 iv=0.390 μ=-0.127] ethusdt[σ=0.068 iv=0.560 μ=-0.063] top-raw-gap=0.120 (Ethereum above 1,680 on June 22, 2AM ET?)
07:23:57 INFO     src.poly_universe  Universe: 36 tradeable BTC/ETH markets (1 page(s), 36 BTC/ETH seen)
07:23:57 INFO     __main__  Universe refreshed: 36 markets
07:24:05 INFO     __main__  HEARTBEAT eval=0 signals=0 fills=0 arbs=0 arb-fills=0 no-spot=0 no-book=11400 warmup=0 markets=36 btcusdt[σ=0.050 iv=0.391 μ=+0.097] ethusdt[σ=0.058 iv=0.560 μ=+0.073] top-raw-gap=-1.000 ()
07:24:27 INFO     src.poly_universe  Universe: 36 tradeable BTC/ETH markets (1 page(s), 36 BTC/ETH seen)
07:24:27 INFO     __main__  Universe refreshed: 36 markets
07:24:35 INFO     __main__  HEARTBEAT eval=0 signals=0 fills=0 arbs=0 arb-fills=0 no-spot=16 no-book=12968 warmup=0 markets=36 btcusdt[σ=0.050 iv=0.391 μ=+0.107] ethusdt[σ=0.050 iv=0.560 μ=+0.156] top-raw-gap=-1.000 ()
07:24:57 INFO     src.poly_universe  Universe: 36 tradeable BTC/ETH markets (1 page(s), 36 BTC/ETH seen)
07:24:57 INFO     __main__  Universe refreshed: 36 markets
07:25:05 INFO     __main__  HEARTBEAT eval=0 signals=0 fills=0 arbs=0 arb-fills=0 no-spot=0 no-book=12072 warmup=0 markets=36 btcusdt[σ=0.057 iv=0.392 μ=+0.062] ethusdt[σ=0.056 iv=0.560 μ=+0.099] top-raw-gap=-1.000 ()
07:25:27 INFO     src.poly_universe  Universe: 36 tradeable BTC/ETH markets (1 page(s), 36 BTC/ETH seen)
07:25:27 INFO     __main__  Universe refreshed: 36 markets
07:25:35 INFO     __main__  HEARTBEAT eval=0 signals=0 fills=0 arbs=0 arb-fills=0 no-spot=0 no-book=14032 warmup=0 markets=36 btcusdt[σ=0.057 iv=0.392 μ=-0.155] ethusdt[σ=0.052 iv=0.560 μ=-0.196] top-raw-gap=-1.000 ()
07:25:57 INFO     src.poly_universe  Universe: 36 tradeable BTC/ETH markets (1 page(s), 36 BTC/ETH seen)
07:25:57 INFO     __main__  Universe refreshed: 36 markets
07:26:05 INFO     __main__  HEARTBEAT eval=0 signals=0 fills=0 arbs=0 arb-fills=0 no-spot=0 no-book=18512 warmup=0 markets=36 btcusdt[σ=0.090 iv=0.392 μ=+0.023] ethusdt[σ=0.107 iv=0.560 μ=+0.106] top-raw-gap=-1.000 ()
07:26:28 INFO     src.poly_universe  Universe: 36 tradeable BTC/ETH markets (1 page(s), 36 BTC/ETH seen)
07:26:28 INFO     __main__  Universe refreshed: 36 markets
07:26:35 INFO     __main__  HEARTBEAT eval=0 signals=0 fills=0 arbs=0 arb-fills=0 no-spot=0 no-book=22452 warmup=0 markets=36 btcusdt[σ=0.056 iv=0.392 μ=+0.115] ethusdt[σ=0.092 iv=0.560 μ=+0.177] top-raw-gap=-1.000 ()
07:26:58 INFO     src.poly_universe  Universe: 36 tradeable BTC/ETH markets (1 page(s), 36 BTC/ETH seen)
07:26:58 INFO     __main__  Universe refreshed: 36 markets
07:27:05 INFO     __main__  HEARTBEAT eval=0 signals=0 fills=0 arbs=0 arb-fills=0 no-spot=0 no-book=14760 warmup=0 markets=36 btcusdt[σ=0.068 iv=0.393 μ=-0.137] ethusdt[σ=0.085 iv=0.560 μ=-0.013] top-raw-gap=-1.000 ()
07:27:28 INFO     src.poly_universe  Universe: 36 tradeable BTC/ETH markets (1 page(s), 36 BTC/ETH seen)
07:27:28 INFO     __main__  Universe refreshed: 36 markets
07:27:35 INFO     __main__  HEARTBEAT eval=0 signals=0 fills=0 arbs=0 arb-fills=0 no-spot=0 no-book=10732 warmup=0 markets=36 btcusdt[σ=0.054 iv=0.393 μ=+0.178] ethusdt[σ=0.065 iv=0.560 μ=-0.148] top-raw-gap=-1.000 ()
07:27:58 INFO     src.poly_universe  Universe: 36 tradeable BTC/ETH markets (1 page(s), 36 BTC/ETH seen)
07:27:58 INFO     __main__  Universe refreshed: 36 markets
07:28:05 INFO     __main__  HEARTBEAT eval=0 signals=0 fills=0 arbs=0 arb-fills=0 no-spot=0 no-book=15400 warmup=0 markets=36 btcusdt[σ=0.077 iv=0.393 μ=+0.173] ethusdt[σ=0.052 iv=0.561 μ=-0.032] top-raw-gap=-1.000 ()
07:28:28 INFO     src.poly_universe  Universe: 36 tradeable BTC/ETH markets (1 page(s), 36 BTC/ETH seen)
07:28:28 INFO     __main__  Universe refreshed: 36 markets
07:28:35 INFO     __main__  HEARTBEAT eval=0 signals=0 fills=0 arbs=0 arb-fills=0 no-spot=0 no-book=11608 warmup=0 markets=36 btcusdt[σ=0.054 iv=0.393 μ=-0.157] ethusdt[σ=0.061 iv=0.561 μ=-0.166] top-raw-gap=-1.000 ()
07:28:58 INFO     src.poly_universe  Universe: 36 tradeable BTC/ETH markets (1 page(s), 36 BTC/ETH seen)
07:28:58 INFO     __main__  Universe refreshed: 36 markets
07:29:05 INFO     __main__  HEARTBEAT eval=0 signals=0 fills=0 arbs=0 arb-fills=0 no-spot=0 no-book=14128 warmup=0 markets=36 btcusdt[σ=0.057 iv=0.393 μ=-0.169] ethusdt[σ=0.064 iv=0.561 μ=+0.074] top-raw-gap=-1.000 ()
07:29:28 INFO     src.poly_universe  Universe: 36 tradeable BTC/ETH markets (1 page(s), 36 BTC/ETH seen)
07:29:28 INFO     __main__  Universe refreshed: 36 markets
07:29:35 INFO     __main__  HEARTBEAT eval=0 signals=0 fills=0 arbs=0 arb-fills=0 no-spot=0 no-book=13744 warmup=0 markets=36 btcusdt[σ=0.050 iv=0.393 μ=-0.123] ethusdt[σ=0.062 iv=0.561 μ=-0.141] top-raw-gap=-1.000 ()
07:29:59 INFO     src.poly_universe  Universe: 36 tradeable BTC/ETH markets (1 page(s), 36 BTC/ETH seen)
07:29:59 INFO     __main__  Universe refreshed: 36 markets
07:30:05 INFO     __main__  HEARTBEAT eval=0 signals=0 fills=0 arbs=0 arb-fills=0 no-spot=0 no-book=18008 warmup=0 markets=36 btcusdt[σ=0.077 iv=0.392 μ=-0.161] ethusdt[σ=0.075 iv=0.561 μ=-0.097] top-raw-gap=-1.000 ()
07:30:29 INFO     src.poly_universe  Universe: 36 tradeable BTC/ETH markets (1 page(s), 36 BTC/ETH seen)
07:30:29 INFO     __main__  Universe refreshed: 36 markets
07:30:35 INFO     __main__  HEARTBEAT eval=0 signals=0 fills=0 arbs=0 arb-fills=0 no-spot=0 no-book=17732 warmup=0 markets=36 btcusdt[σ=0.085 iv=0.392 μ=-0.135] ethusdt[σ=0.082 iv=0.561 μ=-0.141] top-raw-gap=-1.000 ()
07:30:59 INFO     src.poly_universe  Universe: 36 tradeable BTC/ETH markets (1 page(s), 36 BTC/ETH seen)
07:30:59 INFO     __main__  Universe refreshed: 36 markets
07:31:06 INFO     __main__  HEARTBEAT eval=0 signals=0 fills=0 arbs=0 arb-fills=0 no-spot=0 no-book=16616 warmup=0 markets=36 btcusdt[σ=0.058 iv=0.393 μ=-0.133] ethusdt[σ=0.063 iv=0.562 μ=-0.098] top-raw-gap=-1.000 ()
07:31:29 INFO     src.poly_universe  Universe: 36 tradeable BTC/ETH markets (1 page(s), 36 BTC/ETH seen)
07:31:29 INFO     __main__  Universe refreshed: 36 markets
07:31:36 INFO     __main__  HEARTBEAT eval=0 signals=0 fills=0 arbs=0 arb-fills=0 no-spot=0 no-book=18060 warmup=0 markets=36 btcusdt[σ=0.057 iv=0.393 μ=-0.039] ethusdt[σ=0.080 iv=0.562 μ=+0.088] top-raw-gap=-1.000 ()
07:31:59 INFO     src.poly_universe  Universe: 36 tradeable BTC/ETH markets (1 page(s), 36 BTC/ETH seen)
07:31:59 INFO     __main__  Universe refreshed: 36 markets
07:32:06 INFO     __main__  HEARTBEAT eval=0 signals=0 fills=0 arbs=0 arb-fills=0 no-spot=0 no-book=18856 warmup=0 markets=36 btcusdt[σ=0.072 iv=0.393 μ=+0.021] ethusdt[σ=0.082 iv=0.562 μ=-0.033] top-raw-gap=-1.000 ()
07:32:29 INFO     src.poly_universe  Universe: 36 tradeable BTC/ETH markets (1 page(s), 36 BTC/ETH seen)
07:32:29 INFO     __main__  Universe refreshed: 36 markets
07:32:36 INFO     __main__  HEARTBEAT eval=0 signals=0 fills=0 arbs=0 arb-fills=0 no-spot=0 no-book=20504 warmup=0 markets=36 btcusdt[σ=0.071 iv=0.393 μ=+0.033] ethusdt[σ=0.118 iv=0.562 μ=+0.050] top-raw-gap=-1.000 ()
07:32:59 INFO     src.poly_universe  Universe: 36 tradeable BTC/ETH markets (1 page(s), 36 BTC/ETH seen)
07:32:59 INFO     __main__  Universe refreshed: 36 markets
07:33:06 INFO     __main__  HEARTBEAT eval=0 signals=0 fills=0 arbs=0 arb-fills=0 no-spot=0 no-book=14800 warmup=0 markets=36 btcusdt[σ=0.093 iv=0.393 μ=+0.197] ethusdt[σ=0.113 iv=0.564 μ=+0.186] top-raw-gap=-1.000 ()
07:33:30 INFO     src.poly_universe  Universe: 36 tradeable BTC/ETH markets (1 page(s), 36 BTC/ETH seen)
07:33:30 INFO     __main__  Universe refreshed: 36 markets
07:33:36 INFO     __main__  HEARTBEAT eval=0 signals=0 fills=0 arbs=0 arb-fills=0 no-spot=0 no-book=19972 warmup=0 markets=36 btcusdt[σ=0.057 iv=0.393 μ=+0.103] ethusdt[σ=0.073 iv=0.564 μ=+0.196] top-raw-gap=-1.000 ()
07:33:42 WARNING  src.poly_ws  Polymarket WS closed (no close frame received or sent), reconnecting in 1.0s
07:33:43 INFO     src.poly_ws  Polymarket WS connected: wss://ws-subscriptions-clob.polymarket.com/ws/market
07:34:00 INFO     src.poly_universe  Universe: 36 tradeable BTC/ETH markets (1 page(s), 36 BTC/ETH seen)
07:34:00 INFO     __main__  Universe refreshed: 36 markets
07:34:06 INFO     __main__  HEARTBEAT eval=2067 signals=0 fills=0 arbs=0 arb-fills=0 no-spot=0 no-book=13495 warmup=0 markets=36 btcusdt[σ=0.051 iv=0.393 μ=-0.064] ethusdt[σ=0.087 iv=0.565 μ=-0.024] top-raw-gap=-1.000 ()
07:34:30 INFO     src.poly_universe  Universe: 36 tradeable BTC/ETH markets (1 page(s), 36 BTC/ETH seen)
07:34:30 INFO     __main__  Universe refreshed: 36 markets
07:34:36 INFO     __main__  HEARTBEAT eval=0 signals=0 fills=0 arbs=0 arb-fills=0 no-spot=0 no-book=17992 warmup=0 markets=36 btcusdt[σ=0.064 iv=0.393 μ=+0.162] ethusdt[σ=0.102 iv=0.565 μ=-0.041] top-raw-gap=-1.000 ()
07:35:00 INFO     src.poly_universe  Universe: 36 tradeable BTC/ETH markets (1 page(s), 36 BTC/ETH seen)
07:35:00 INFO     __main__  Universe refreshed: 36 markets
07:35:06 INFO     __main__  HEARTBEAT eval=0 signals=0 fills=0 arbs=0 arb-fills=0 no-spot=0 no-book=15044 warmup=0 markets=36 btcusdt[σ=0.092 iv=0.393 μ=+0.061] ethusdt[σ=0.097 iv=0.565 μ=-0.139] top-raw-gap=-1.000 ()
07:35:30 INFO     src.poly_universe  Universe: 36 tradeable BTC/ETH markets (1 page(s), 36 BTC/ETH seen)
07:35:30 INFO     __main__  Universe refreshed: 36 markets
07:35:36 INFO     __main__  HEARTBEAT eval=0 signals=0 fills=0 arbs=0 arb-fills=0 no-spot=0 no-book=18448 warmup=0 markets=36 btcusdt[σ=0.074 iv=0.393 μ=+0.065] ethusdt[σ=0.096 iv=0.565 μ=+0.055] top-raw-gap=-1.000 ()
07:36:00 INFO     src.poly_universe  Universe: 36 tradeable BTC/ETH markets (1 page(s), 36 BTC/ETH seen)
07:36:00 INFO     __main__  Universe refreshed: 36 markets
07:36:06 INFO     __main__  HEARTBEAT eval=0 signals=0 fills=0 arbs=0 arb-fills=0 no-spot=0 no-book=12580 warmup=0 markets=36 btcusdt[σ=0.052 iv=0.394 μ=-0.060] ethusdt[σ=0.108 iv=0.565 μ=+0.007] top-raw-gap=-1.000 ()
07:36:30 INFO     src.poly_universe  Universe: 36 tradeable BTC/ETH markets (1 page(s), 36 BTC/ETH seen)
07:36:30 INFO     __main__  Universe refreshed: 36 markets
07:36:36 INFO     __main__  HEARTBEAT eval=0 signals=0 fills=0 arbs=0 arb-fills=0 no-spot=0 no-book=15412 warmup=0 markets=36 btcusdt[σ=0.060 iv=0.394 μ=-0.015] ethusdt[σ=0.085 iv=0.565 μ=+0.199] top-raw-gap=-1.000 ()
07:37:01 INFO     src.poly_universe  Universe: 36 tradeable BTC/ETH markets (1 page(s), 36 BTC/ETH seen)
07:37:01 INFO     __main__  Universe refreshed: 36 markets
07:37:06 INFO     __main__  HEARTBEAT eval=0 signals=0 fills=0 arbs=0 arb-fills=0 no-spot=0 no-book=14168 warmup=0 markets=36 btcusdt[σ=0.050 iv=0.393 μ=-0.082] ethusdt[σ=0.074 iv=0.565 μ=+0.066] top-raw-gap=-1.000 ()
07:37:31 INFO     src.poly_universe  Universe: 36 tradeable BTC/ETH markets (1 page(s), 36 BTC/ETH seen)
07:37:31 INFO     __main__  Universe refreshed: 36 markets
07:37:36 INFO     __main__  HEARTBEAT eval=0 signals=0 fills=0 arbs=0 arb-fills=0 no-spot=0 no-book=16168 warmup=0 markets=36 btcusdt[σ=0.050 iv=0.393 μ=-0.063] ethusdt[σ=0.085 iv=0.565 μ=-0.033] top-raw-gap=-1.000 ()
07:38:01 INFO     src.poly_universe  Universe: 36 tradeable BTC/ETH markets (1 page(s), 36 BTC/ETH seen)
07:38:01 INFO     __main__  Universe refreshed: 36 markets
07:38:07 INFO     __main__  HEARTBEAT eval=0 signals=0 fills=0 arbs=0 arb-fills=0 no-spot=0 no-book=18492 warmup=0 markets=36 btcusdt[σ=0.055 iv=0.393 μ=-0.106] ethusdt[σ=0.080 iv=0.566 μ=-0.171] top-raw-gap=-1.000 ()
07:38:31 INFO     src.poly_universe  Universe: 36 tradeable BTC/ETH markets (1 page(s), 36 BTC/ETH seen)
07:38:31 INFO     __main__  Universe refreshed: 36 markets
07:38:37 INFO     __main__  HEARTBEAT eval=0 signals=0 fills=0 arbs=0 arb-fills=0 no-spot=0 no-book=13128 warmup=0 markets=36 btcusdt[σ=0.066 iv=0.393 μ=+0.168] ethusdt[σ=0.072 iv=0.566 μ=-0.013] top-raw-gap=-1.000 ()
07:39:01 INFO     src.poly_universe  Universe: 36 tradeable BTC/ETH markets (1 page(s), 36 BTC/ETH seen)
07:39:01 INFO     __main__  Universe refreshed: 36 markets
07:39:07 INFO     __main__  HEARTBEAT eval=0 signals=0 fills=0 arbs=0 arb-fills=0 no-spot=0 no-book=16496 warmup=0 markets=36 btcusdt[σ=0.070 iv=0.393 μ=-0.194] ethusdt[σ=0.075 iv=0.566 μ=-0.048] top-raw-gap=-1.000 ()
07:39:31 INFO     src.poly_universe  Universe: 36 tradeable BTC/ETH markets (1 page(s), 36 BTC/ETH seen)
07:39:31 INFO     __main__  Universe refreshed: 36 markets
07:39:37 INFO     __main__  HEARTBEAT eval=0 signals=0 fills=0 arbs=0 arb-fills=0 no-spot=0 no-book=13512 warmup=0 markets=36 btcusdt[σ=0.066 iv=0.393 μ=+0.102] ethusdt[σ=0.061 iv=0.566 μ=+0.200] top-raw-gap=-1.000 ()
07:40:01 INFO     src.poly_universe  Universe: 36 tradeable BTC/ETH markets (1 page(s), 36 BTC/ETH seen)
07:40:01 INFO     __main__  Universe refreshed: 36 markets
07:40:07 INFO     __main__  HEARTBEAT eval=0 signals=0 fills=0 arbs=0 arb-fills=0 no-spot=0 no-book=21424 warmup=0 markets=36 btcusdt[σ=0.437 iv=0.393 μ=+0.040] ethusdt[σ=0.071 iv=0.566 μ=-0.058] top-raw-gap=-1.000 ()
07:40:32 INFO     src.poly_universe  Universe: 36 tradeable BTC/ETH markets (1 page(s), 36 BTC/ETH seen)
07:40:32 INFO     __main__  Universe refreshed: 36 markets
07:40:37 INFO     __main__  HEARTBEAT eval=0 signals=0 fills=0 arbs=0 arb-fills=0 no-spot=0 no-book=17008 warmup=0 markets=36 btcusdt[σ=0.265 iv=0.393 μ=+0.051] ethusdt[σ=0.072 iv=0.566 μ=+0.088] top-raw-gap=-1.000 ()
07:41:02 INFO     src.poly_universe  Universe: 36 tradeable BTC/ETH markets (1 page(s), 36 BTC/ETH seen)
07:41:02 INFO     __main__  Universe refreshed: 36 markets
07:41:07 INFO     __main__  HEARTBEAT eval=0 signals=0 fills=0 arbs=0 arb-fills=0 no-spot=0 no-book=11740 warmup=0 markets=36 btcusdt[σ=0.162 iv=0.393 μ=+0.116] ethusdt[σ=0.050 iv=0.566 μ=+0.140] top-raw-gap=-1.000 ()
07:41:32 INFO     src.poly_universe  Universe: 36 tradeable BTC/ETH markets (1 page(s), 36 BTC/ETH seen)
07:41:32 INFO     __main__  Universe refreshed: 36 markets
07:41:37 INFO     __main__  HEARTBEAT eval=0 signals=0 fills=0 arbs=0 arb-fills=0 no-spot=0 no-book=15948 warmup=0 markets=36 btcusdt[σ=0.113 iv=0.393 μ=+0.179] ethusdt[σ=0.058 iv=0.566 μ=+0.031] top-raw-gap=-1.000 ()
07:42:02 INFO     src.poly_universe  Universe: 36 tradeable BTC/ETH markets (1 page(s), 36 BTC/ETH seen)
07:42:02 INFO     __main__  Universe refreshed: 36 markets
07:42:07 INFO     __main__  HEARTBEAT eval=0 signals=0 fills=0 arbs=0 arb-fills=0 no-spot=0 no-book=20284 warmup=0 markets=36 btcusdt[σ=0.094 iv=0.394 μ=+0.094] ethusdt[σ=0.071 iv=0.567 μ=-0.114] top-raw-gap=-1.000 ()
07:42:32 INFO     src.poly_universe  Universe: 47 tradeable BTC/ETH markets (1 page(s), 47 BTC/ETH seen)
07:42:32 INFO     __main__  Universe refreshed: 47 markets
07:42:37 INFO     __main__  HEARTBEAT eval=53 signals=0 fills=0 arbs=0 arb-fills=0 no-spot=0 no-book=20047 warmup=0 markets=47 btcusdt[σ=0.080 iv=0.394 μ=-0.189] ethusdt[σ=0.067 iv=0.567 μ=-0.105] top-raw-gap=-1.000 ()
07:43:02 INFO     src.poly_universe  Universe: 59 tradeable BTC/ETH markets (1 page(s), 59 BTC/ETH seen)
07:43:02 INFO     __main__  Universe refreshed: 59 markets
07:43:07 INFO     __main__  HEARTBEAT eval=0 signals=0 fills=0 arbs=0 arb-fills=0 no-spot=0 no-book=19335 warmup=0 markets=59 btcusdt[σ=0.059 iv=0.394 μ=-0.143] ethusdt[σ=0.050 iv=0.567 μ=+0.010] top-raw-gap=-1.000 ()
07:43:33 INFO     src.poly_universe  Universe: 65 tradeable BTC/ETH markets (1 page(s), 65 BTC/ETH seen)
07:43:33 INFO     __main__  Universe refreshed: 65 markets
07:43:37 INFO     __main__  HEARTBEAT eval=0 signals=0 fills=0 arbs=0 arb-fills=0 no-spot=0 no-book=23414 warmup=0 markets=65 btcusdt[σ=0.089 iv=0.394 μ=+0.141] ethusdt[σ=0.050 iv=0.567 μ=+0.016] top-raw-gap=-1.000 ()
07:44:03 INFO     src.poly_universe  Universe: 69 tradeable BTC/ETH markets (1 page(s), 69 BTC/ETH seen)
07:44:03 INFO     __main__  Universe refreshed: 69 markets
07:44:07 INFO     __main__  HEARTBEAT eval=0 signals=0 fills=0 arbs=0 arb-fills=0 no-spot=0 no-book=24933 warmup=0 markets=69 btcusdt[σ=0.071 iv=0.394 μ=+0.121] ethusdt[σ=0.050 iv=0.568 μ=+0.126] top-raw-gap=-1.000 ()
07:44:33 INFO     src.poly_universe  Universe: 72 tradeable BTC/ETH markets (1 page(s), 72 BTC/ETH seen)
07:44:33 INFO     __main__  Universe refreshed: 72 markets
07:44:37 INFO     __main__  HEARTBEAT eval=0 signals=0 fills=0 arbs=0 arb-fills=0 no-spot=62 no-book=23387 warmup=0 markets=72 btcusdt[σ=0.050 iv=0.394 μ=-0.016] ethusdt[σ=0.050 iv=0.568 μ=+0.175] top-raw-gap=-1.000 ()
07:45:03 INFO     src.poly_universe  Universe: 72 tradeable BTC/ETH markets (1 page(s), 72 BTC/ETH seen)
07:45:03 INFO     __main__  Universe refreshed: 72 markets
07:45:08 INFO     __main__  HEARTBEAT eval=0 signals=0 fills=0 arbs=0 arb-fills=0 no-spot=0 no-book=30360 warmup=0 markets=72 btcusdt[σ=0.050 iv=0.394 μ=-0.126] ethusdt[σ=0.056 iv=0.568 μ=-0.186] top-raw-gap=-1.000 ()
07:45:33 INFO     src.poly_universe  Universe: 72 tradeable BTC/ETH markets (1 page(s), 72 BTC/ETH seen)
07:45:33 INFO     __main__  Universe refreshed: 72 markets
07:45:38 INFO     __main__  HEARTBEAT eval=0 signals=0 fills=0 arbs=0 arb-fills=0 no-spot=0 no-book=26688 warmup=0 markets=72 btcusdt[σ=0.050 iv=0.394 μ=-0.073] ethusdt[σ=0.057 iv=0.568 μ=-0.120] top-raw-gap=-1.000 ()
07:46:03 INFO     src.poly_universe  Universe: 72 tradeable BTC/ETH markets (1 page(s), 72 BTC/ETH seen)
07:46:03 INFO     __main__  Universe refreshed: 72 markets
07:46:08 INFO     __main__  HEARTBEAT eval=0 signals=0 fills=0 arbs=0 arb-fills=0 no-spot=0 no-book=26176 warmup=0 markets=72 btcusdt[σ=0.051 iv=0.394 μ=-0.114] ethusdt[σ=0.060 iv=0.568 μ=+0.138] top-raw-gap=-1.000 ()
07:46:34 INFO     src.poly_universe  Universe: 72 tradeable BTC/ETH markets (1 page(s), 72 BTC/ETH seen)
07:46:34 INFO     __main__  Universe refreshed: 72 markets
07:46:38 INFO     __main__  HEARTBEAT eval=0 signals=0 fills=0 arbs=0 arb-fills=0 no-spot=0 no-book=27872 warmup=0 markets=72 btcusdt[σ=0.054 iv=0.394 μ=-0.199] ethusdt[σ=0.064 iv=0.568 μ=-0.175] top-raw-gap=-1.000 ()
07:47:04 INFO     src.poly_universe  Universe: 72 tradeable BTC/ETH markets (1 page(s), 72 BTC/ETH seen)
07:47:04 INFO     __main__  Universe refreshed: 72 markets
07:47:08 INFO     __main__  HEARTBEAT eval=0 signals=0 fills=0 arbs=0 arb-fills=0 no-spot=0 no-book=38320 warmup=0 markets=72 btcusdt[σ=0.050 iv=0.394 μ=+0.136] ethusdt[σ=0.069 iv=0.568 μ=-0.011] top-raw-gap=-1.000 ()
07:47:34 INFO     src.poly_universe  Universe: 72 tradeable BTC/ETH markets (1 page(s), 72 BTC/ETH seen)
07:47:34 INFO     __main__  Universe refreshed: 72 markets
07:47:38 INFO     __main__  HEARTBEAT eval=0 signals=0 fills=0 arbs=0 arb-fills=0 no-spot=32 no-book=23002 warmup=24 markets=72 btcusdt[σ=0.050 iv=0.394 μ=-0.088] ethusdt[σ=0.063 iv=0.568 μ=+0.055] top-raw-gap=-1.000 ()
07:48:04 INFO     src.poly_universe  Universe: 72 tradeable BTC/ETH markets (1 page(s), 72 BTC/ETH seen)
07:48:04 INFO     __main__  Universe refreshed: 72 markets
07:48:08 INFO     __main__  HEARTBEAT eval=0 signals=0 fills=0 arbs=0 arb-fills=0 no-spot=0 no-book=40720 warmup=0 markets=72 btcusdt[σ=0.050 iv=0.394 μ=+0.003] ethusdt[σ=0.050 iv=0.569 μ=+0.189] top-raw-gap=-1.000 ()
07:48:34 INFO     src.poly_universe  Universe: 72 tradeable BTC/ETH markets (1 page(s), 72 BTC/ETH seen)
07:48:34 INFO     __main__  Universe refreshed: 72 markets
07:48:38 INFO     __main__  HEARTBEAT eval=0 signals=0 fills=0 arbs=0 arb-fills=0 no-spot=0 no-book=26816 warmup=0 markets=72 btcusdt[σ=0.050 iv=0.394 μ=+0.146] ethusdt[σ=0.050 iv=0.569 μ=-0.141] top-raw-gap=-1.000 ()
07:49:04 INFO     src.poly_universe  Universe: 72 tradeable BTC/ETH markets (1 page(s), 72 BTC/ETH seen)
07:49:04 INFO     __main__  Universe refreshed: 72 markets
07:49:08 INFO     __main__  HEARTBEAT eval=0 signals=0 fills=0 arbs=0 arb-fills=0 no-spot=0 no-book=19616 warmup=0 markets=72 btcusdt[σ=0.050 iv=0.394 μ=-0.162] ethusdt[σ=0.050 iv=0.569 μ=-0.183] top-raw-gap=-1.000 ()
07:49:34 INFO     src.poly_universe  Universe: 72 tradeable BTC/ETH markets (1 page(s), 72 BTC/ETH seen)
07:49:34 INFO     __main__  Universe refreshed: 72 markets
07:49:38 INFO     __main__  HEARTBEAT eval=0 signals=0 fills=0 arbs=0 arb-fills=0 no-spot=0 no-book=25360 warmup=0 markets=72 btcusdt[σ=0.050 iv=0.394 μ=-0.165] ethusdt[σ=0.050 iv=0.569 μ=+0.096] top-raw-gap=-1.000 ()
07:50:05 INFO     src.poly_universe  Universe: 72 tradeable BTC/ETH markets (1 page(s), 72 BTC/ETH seen)
07:50:05 INFO     __main__  Universe refreshed: 72 markets
07:50:08 INFO     __main__  HEARTBEAT eval=0 signals=0 fills=0 arbs=0 arb-fills=0 no-spot=0 no-book=40728 warmup=0 markets=72 btcusdt[σ=0.568 iv=0.394 μ=+0.025] ethusdt[σ=0.066 iv=0.570 μ=+0.115] top-raw-gap=-1.000 ()
07:50:35 INFO     src.poly_universe  Universe: 72 tradeable BTC/ETH markets (1 page(s), 72 BTC/ETH seen)
07:50:35 INFO     __main__  Universe refreshed: 72 markets
07:50:38 INFO     __main__  HEARTBEAT eval=0 signals=0 fills=0 arbs=0 arb-fills=0 no-spot=0 no-book=33512 warmup=0 markets=72 btcusdt[σ=0.342 iv=0.394 μ=-0.193] ethusdt[σ=0.063 iv=0.570 μ=-0.194] top-raw-gap=-1.000 ()
07:51:05 INFO     src.poly_universe  Universe: 72 tradeable BTC/ETH markets (1 page(s), 72 BTC/ETH seen)
07:51:05 INFO     __main__  Universe refreshed: 72 markets
07:51:08 INFO     __main__  HEARTBEAT eval=0 signals=0 fills=0 arbs=0 arb-fills=0 no-spot=0 no-book=34296 warmup=0 markets=72 btcusdt[σ=0.218 iv=0.393 μ=+0.162] ethusdt[σ=0.050 iv=0.570 μ=+0.035] top-raw-gap=-1.000 ()
07:51:35 INFO     src.poly_universe  Universe: 72 tradeable BTC/ETH markets (1 page(s), 72 BTC/ETH seen)
07:51:35 INFO     __main__  Universe refreshed: 72 markets
07:51:38 INFO     __main__  HEARTBEAT eval=0 signals=0 fills=0 arbs=0 arb-fills=0 no-spot=0 no-book=29712 warmup=0 markets=72 btcusdt[σ=0.140 iv=0.393 μ=-0.165] ethusdt[σ=0.063 iv=0.570 μ=+0.096] top-raw-gap=-1.000 ()
07:52:05 INFO     src.poly_universe  Universe: 72 tradeable BTC/ETH markets (1 page(s), 72 BTC/ETH seen)
07:52:05 INFO     __main__  Universe refreshed: 72 markets
07:52:08 INFO     __main__  HEARTBEAT eval=0 signals=0 fills=0 arbs=0 arb-fills=0 no-spot=0 no-book=22328 warmup=0 markets=72 btcusdt[σ=0.084 iv=0.393 μ=-0.023] ethusdt[σ=0.053 iv=0.570 μ=-0.146] top-raw-gap=-1.000 ()
07:52:35 INFO     src.poly_universe  Universe: 72 tradeable BTC/ETH markets (1 page(s), 72 BTC/ETH seen)
07:52:35 INFO     __main__  Universe refreshed: 72 markets
07:52:38 INFO     __main__  HEARTBEAT eval=0 signals=0 fills=0 arbs=0 arb-fills=0 no-spot=0 no-book=23408 warmup=0 markets=72 btcusdt[σ=0.057 iv=0.393 μ=+0.175] ethusdt[σ=0.053 iv=0.570 μ=-0.121] top-raw-gap=-1.000 ()
07:53:05 INFO     src.poly_universe  Universe: 72 tradeable BTC/ETH markets (1 page(s), 72 BTC/ETH seen)
07:53:05 INFO     __main__  Universe refreshed: 72 markets
07:53:09 INFO     __main__  HEARTBEAT eval=0 signals=0 fills=0 arbs=0 arb-fills=0 no-spot=0 no-book=23224 warmup=0 markets=72 btcusdt[σ=0.050 iv=0.393 μ=-0.097] ethusdt[σ=0.050 iv=0.571 μ=-0.137] top-raw-gap=-1.000 ()
07:53:36 INFO     src.poly_universe  Universe: 72 tradeable BTC/ETH markets (1 page(s), 72 BTC/ETH seen)
07:53:36 INFO     __main__  Universe refreshed: 72 markets
07:53:39 INFO     __main__  HEARTBEAT eval=0 signals=0 fills=0 arbs=0 arb-fills=0 no-spot=0 no-book=24976 warmup=0 markets=72 btcusdt[σ=0.050 iv=0.393 μ=-0.134] ethusdt[σ=0.050 iv=0.571 μ=-0.188] top-raw-gap=-1.000 ()
07:54:06 INFO     src.poly_universe  Universe: 72 tradeable BTC/ETH markets (1 page(s), 72 BTC/ETH seen)
07:54:06 INFO     __main__  Universe refreshed: 72 markets
07:54:09 INFO     __main__  HEARTBEAT eval=0 signals=0 fills=0 arbs=0 arb-fills=0 no-spot=32 no-book=17472 warmup=0 markets=72 btcusdt[σ=0.050 iv=0.392 μ=+0.181] ethusdt[σ=0.050 iv=0.571 μ=+0.049] top-raw-gap=-1.000 ()
07:54:36 INFO     src.poly_universe  Universe: 72 tradeable BTC/ETH markets (1 page(s), 72 BTC/ETH seen)
07:54:36 INFO     __main__  Universe refreshed: 72 markets
07:54:39 INFO     __main__  HEARTBEAT eval=0 signals=0 fills=0 arbs=0 arb-fills=0 no-spot=32 no-book=42040 warmup=0 markets=72 btcusdt[σ=0.050 iv=0.392 μ=+0.188] ethusdt[σ=0.050 iv=0.571 μ=+0.136] top-raw-gap=-1.000 ()
07:54:46 WARNING  src.poly_ws  Polymarket WS closed (no close frame received or sent), reconnecting in 1.0s
07:54:47 INFO     src.poly_ws  Polymarket WS connected: wss://ws-subscriptions-clob.polymarket.com/ws/market
07:55:06 INFO     src.poly_universe  Universe: 72 tradeable BTC/ETH markets (1 page(s), 72 BTC/ETH seen)
07:55:06 INFO     __main__  Universe refreshed: 72 markets
07:55:09 INFO     __main__  HEARTBEAT eval=0 signals=0 fills=0 arbs=0 arb-fills=0 no-spot=64 no-book=43473 warmup=2438 markets=72 btcusdt[σ=0.050 iv=0.392 μ=-0.163] ethusdt[σ=0.050 iv=0.571 μ=-0.117] top-raw-gap=-1.000 ()
07:55:36 INFO     src.poly_universe  Universe: 72 tradeable BTC/ETH markets (1 page(s), 72 BTC/ETH seen)
07:55:36 INFO     __main__  Universe refreshed: 72 markets
07:55:39 INFO     __main__  HEARTBEAT eval=0 signals=0 fills=0 arbs=0 arb-fills=0 no-spot=32 no-book=16840 warmup=0 markets=72 btcusdt[σ=0.050 iv=0.392 μ=+0.165] ethusdt[σ=0.050 iv=0.571 μ=+0.128] top-raw-gap=-1.000 ()
07:56:06 INFO     src.poly_universe  Universe: 72 tradeable BTC/ETH markets (1 page(s), 72 BTC/ETH seen)
07:56:06 INFO     __main__  Universe refreshed: 72 markets
07:56:09 INFO     __main__  HEARTBEAT eval=0 signals=0 fills=0 arbs=0 arb-fills=0 no-spot=40 no-book=39840 warmup=0 markets=72 btcusdt[σ=0.050 iv=0.392 μ=+0.127] ethusdt[σ=0.050 iv=0.571 μ=-0.001] top-raw-gap=-1.000 ()
07:56:36 INFO     src.poly_universe  Universe: 72 tradeable BTC/ETH markets (1 page(s), 72 BTC/ETH seen)
07:56:36 INFO     __main__  Universe refreshed: 72 markets
07:56:39 INFO     __main__  HEARTBEAT eval=0 signals=0 fills=0 arbs=0 arb-fills=0 no-spot=0 no-book=25825 warmup=0 markets=72 btcusdt[σ=0.050 iv=0.392 μ=-0.047] ethusdt[σ=0.050 iv=0.571 μ=+0.161] top-raw-gap=-1.000 ()
07:57:07 INFO     src.poly_universe  Universe: 72 tradeable BTC/ETH markets (1 page(s), 72 BTC/ETH seen)
07:57:07 INFO     __main__  Universe refreshed: 72 markets
07:57:09 INFO     __main__  HEARTBEAT eval=0 signals=0 fills=0 arbs=0 arb-fills=0 no-spot=0 no-book=21920 warmup=0 markets=72 btcusdt[σ=0.050 iv=0.392 μ=+0.161] ethusdt[σ=0.050 iv=0.571 μ=+0.046] top-raw-gap=-1.000 ()
07:57:37 INFO     src.poly_universe  Universe: 72 tradeable BTC/ETH markets (1 page(s), 72 BTC/ETH seen)
07:57:37 INFO     __main__  Universe refreshed: 72 markets
07:57:39 INFO     __main__  HEARTBEAT eval=0 signals=0 fills=0 arbs=0 arb-fills=0 no-spot=0 no-book=45680 warmup=0 markets=72 btcusdt[σ=0.050 iv=0.392 μ=+0.025] ethusdt[σ=0.050 iv=0.571 μ=-0.103] top-raw-gap=-1.000 ()
07:58:07 INFO     src.poly_universe  Universe: 72 tradeable BTC/ETH markets (1 page(s), 72 BTC/ETH seen)
07:58:07 INFO     __main__  Universe refreshed: 72 markets
07:58:09 INFO     __main__  HEARTBEAT eval=0 signals=0 fills=0 arbs=0 arb-fills=0 no-spot=0 no-book=19928 warmup=0 markets=72 btcusdt[σ=0.050 iv=0.392 μ=+0.118] ethusdt[σ=0.052 iv=0.571 μ=+0.180] top-raw-gap=-1.000 ()
07:58:37 INFO     src.poly_universe  Universe: 72 tradeable BTC/ETH markets (1 page(s), 72 BTC/ETH seen)
07:58:37 INFO     __main__  Universe refreshed: 72 markets
07:58:39 INFO     __main__  HEARTBEAT eval=0 signals=0 fills=0 arbs=0 arb-fills=0 no-spot=0 no-book=34264 warmup=0 markets=72 btcusdt[σ=0.050 iv=0.392 μ=+0.153] ethusdt[σ=0.050 iv=0.571 μ=+0.040] top-raw-gap=-1.000 ()
07:59:07 INFO     src.poly_universe  Universe: 36 tradeable BTC/ETH markets (1 page(s), 72 BTC/ETH seen)
07:59:07 INFO     __main__  Universe refreshed: 36 markets
07:59:10 INFO     __main__  HEARTBEAT eval=0 signals=0 fills=0 arbs=0 arb-fills=0 no-spot=0 no-book=48848 warmup=0 markets=36 btcusdt[σ=0.050 iv=0.391 μ=+0.165] ethusdt[σ=0.050 iv=0.571 μ=-0.189] top-raw-gap=-1.000 ()
07:59:37 INFO     src.poly_universe  Universe: 36 tradeable BTC/ETH markets (1 page(s), 72 BTC/ETH seen)
07:59:37 INFO     __main__  Universe refreshed: 36 markets
07:59:40 INFO     __main__  HEARTBEAT eval=0 signals=0 fills=0 arbs=0 arb-fills=0 no-spot=0 no-book=13607 warmup=57 markets=36 btcusdt[σ=0.050 iv=0.391 μ=+0.122] ethusdt[σ=0.050 iv=0.571 μ=-0.041] top-raw-gap=-1.000 ()
08:00:07 INFO     src.poly_universe  Universe: 36 tradeable BTC/ETH markets (1 page(s), 72 BTC/ETH seen)
08:00:07 INFO     __main__  Universe refreshed: 36 markets
08:00:10 INFO     __main__  HEARTBEAT eval=0 signals=0 fills=0 arbs=0 arb-fills=0 no-spot=0 no-book=21536 warmup=0 markets=36 btcusdt[σ=0.062 iv=0.392 μ=+0.136] ethusdt[σ=0.053 iv=0.571 μ=+0.062] top-raw-gap=-1.000 ()
08:00:38 INFO     src.poly_universe  Universe: 36 tradeable BTC/ETH markets (1 page(s), 72 BTC/ETH seen)
08:00:38 INFO     __main__  Universe refreshed: 36 markets
08:00:40 INFO     __main__  HEARTBEAT eval=0 signals=0 fills=0 arbs=0 arb-fills=0 no-spot=0 no-book=19220 warmup=0 markets=36 btcusdt[σ=0.066 iv=0.392 μ=-0.097] ethusdt[σ=0.056 iv=0.571 μ=+0.047] top-raw-gap=-1.000 ()
08:01:08 INFO     src.poly_universe  Universe: 36 tradeable BTC/ETH markets (1 page(s), 72 BTC/ETH seen)
08:01:08 INFO     __main__  Universe refreshed: 36 markets
08:01:10 INFO     __main__  HEARTBEAT eval=0 signals=0 fills=0 arbs=0 arb-fills=0 no-spot=0 no-book=13288 warmup=0 markets=36 btcusdt[σ=0.050 iv=0.391 μ=-0.182] ethusdt[σ=0.050 iv=0.571 μ=-0.061] top-raw-gap=-1.000 ()
08:01:38 INFO     src.poly_universe  Universe: 36 tradeable BTC/ETH markets (1 page(s), 72 BTC/ETH seen)
08:01:38 INFO     __main__  Universe refreshed: 36 markets
08:01:40 INFO     __main__  HEARTBEAT eval=0 signals=0 fills=0 arbs=0 arb-fills=0 no-spot=0 no-book=13376 warmup=0 markets=36 btcusdt[σ=0.052 iv=0.391 μ=-0.173] ethusdt[σ=0.050 iv=0.571 μ=-0.114] top-raw-gap=-1.000 ()
08:02:08 INFO     src.poly_universe  Universe: 36 tradeable BTC/ETH markets (1 page(s), 72 BTC/ETH seen)
08:02:08 INFO     __main__  Universe refreshed: 36 markets
08:02:10 INFO     __main__  HEARTBEAT eval=0 signals=0 fills=0 arbs=0 arb-fills=0 no-spot=0 no-book=10004 warmup=0 markets=36 btcusdt[σ=0.050 iv=0.391 μ=+0.013] ethusdt[σ=0.050 iv=0.571 μ=-0.055] top-raw-gap=-1.000 ()
08:02:38 INFO     src.poly_universe  Universe: 36 tradeable BTC/ETH markets (1 page(s), 72 BTC/ETH seen)
08:02:38 INFO     __main__  Universe refreshed: 36 markets
08:02:40 INFO     __main__  HEARTBEAT eval=0 signals=0 fills=0 arbs=0 arb-fills=0 no-spot=0 no-book=11956 warmup=0 markets=36 btcusdt[σ=0.050 iv=0.391 μ=-0.155] ethusdt[σ=0.050 iv=0.571 μ=-0.146] top-raw-gap=-1.000 ()
08:03:08 INFO     src.poly_universe  Universe: 36 tradeable BTC/ETH markets (1 page(s), 72 BTC/ETH seen)
08:03:08 INFO     __main__  Universe refreshed: 36 markets
08:03:10 INFO     __main__  HEARTBEAT eval=0 signals=0 fills=0 arbs=0 arb-fills=0 no-spot=0 no-book=15046 warmup=7 markets=36 btcusdt[σ=0.076 iv=0.390 μ=-0.019] ethusdt[σ=0.056 iv=0.571 μ=+0.168] top-raw-gap=-1.000 ()
08:03:39 INFO     src.poly_universe  Universe: 36 tradeable BTC/ETH markets (1 page(s), 72 BTC/ETH seen)
08:03:39 INFO     __main__  Universe refreshed: 36 markets
08:03:40 INFO     __main__  HEARTBEAT eval=0 signals=0 fills=0 arbs=0 arb-fills=0 no-spot=0 no-book=13156 warmup=0 markets=36 btcusdt[σ=0.051 iv=0.390 μ=-0.084] ethusdt[σ=0.055 iv=0.571 μ=-0.101] top-raw-gap=-1.000 ()
08:04:09 INFO     src.poly_universe  Universe: 36 tradeable BTC/ETH markets (1 page(s), 72 BTC/ETH seen)
08:04:09 INFO     __main__  Universe refreshed: 36 markets
08:04:10 INFO     __main__  HEARTBEAT eval=0 signals=0 fills=0 arbs=0 arb-fills=0 no-spot=16 no-book=15728 warmup=0 markets=36 btcusdt[σ=0.068 iv=0.391 μ=-0.106] ethusdt[σ=0.054 iv=0.572 μ=-0.177] top-raw-gap=-1.000 ()
08:04:39 INFO     src.poly_universe  Universe: 36 tradeable BTC/ETH markets (1 page(s), 72 BTC/ETH seen)
08:04:39 INFO     __main__  Universe refreshed: 36 markets
08:04:40 INFO     __main__  HEARTBEAT eval=0 signals=0 fills=0 arbs=0 arb-fills=0 no-spot=0 no-book=13808 warmup=0 markets=36 btcusdt[σ=0.050 iv=0.391 μ=-0.117] ethusdt[σ=0.050 iv=0.572 μ=-0.196] top-raw-gap=-1.000 ()
08:04:47 WARNING  src.poly_ws  Polymarket WS closed (no close frame received or sent), reconnecting in 1.0s
08:04:49 INFO     src.poly_ws  Polymarket WS connected: wss://ws-subscriptions-clob.polymarket.com/ws/market
08:05:09 INFO     src.poly_universe  Universe: 36 tradeable BTC/ETH markets (1 page(s), 72 BTC/ETH seen)
08:05:09 INFO     __main__  Universe refreshed: 36 markets
08:05:11 INFO     __main__  HEARTBEAT eval=736 signals=0 fills=0 arbs=0 arb-fills=0 no-spot=0 no-book=13096 warmup=456 markets=36 btcusdt[σ=0.054 iv=0.392 μ=+0.078] ethusdt[σ=0.062 iv=0.572 μ=+0.066] top-raw-gap=-1.000 ()
08:05:39 INFO     src.poly_universe  Universe: 36 tradeable BTC/ETH markets (1 page(s), 72 BTC/ETH seen)
08:05:39 INFO     __main__  Universe refreshed: 36 markets
08:05:41 INFO     __main__  HEARTBEAT eval=0 signals=0 fills=0 arbs=0 arb-fills=0 no-spot=16 no-book=9640 warmup=0 markets=36 btcusdt[σ=0.061 iv=0.392 μ=+0.143] ethusdt[σ=0.061 iv=0.572 μ=-0.032] top-raw-gap=-1.000 ()
08:06:09 INFO     src.poly_universe  Universe: 36 tradeable BTC/ETH markets (1 page(s), 72 BTC/ETH seen)
08:06:09 INFO     __main__  Universe refreshed: 36 markets
08:06:11 INFO     __main__  HEARTBEAT eval=0 signals=0 fills=0 arbs=0 arb-fills=0 no-spot=0 no-book=16124 warmup=0 markets=36 btcusdt[σ=0.050 iv=0.392 μ=-0.083] ethusdt[σ=0.050 iv=0.572 μ=-0.027] top-raw-gap=-1.000 ()
08:06:40 INFO     src.poly_universe  Universe: 36 tradeable BTC/ETH markets (1 page(s), 72 BTC/ETH seen)
08:06:40 INFO     __main__  Universe refreshed: 36 markets
08:06:41 INFO     __main__  HEARTBEAT eval=0 signals=0 fills=0 arbs=0 arb-fills=0 no-spot=0 no-book=17476 warmup=0 markets=36 btcusdt[σ=0.073 iv=0.392 μ=-0.120] ethusdt[σ=0.069 iv=0.572 μ=-0.138] top-raw-gap=-1.000 ()
08:07:10 INFO     src.poly_universe  Universe: 36 tradeable BTC/ETH markets (1 page(s), 72 BTC/ETH seen)
08:07:10 INFO     __main__  Universe refreshed: 36 markets
08:07:11 INFO     __main__  HEARTBEAT eval=0 signals=0 fills=0 arbs=0 arb-fills=0 no-spot=0 no-book=16732 warmup=0 markets=36 btcusdt[σ=0.066 iv=0.392 μ=-0.183] ethusdt[σ=0.080 iv=0.573 μ=-0.125] top-raw-gap=-1.000 ()
08:07:40 INFO     src.poly_universe  Universe: 36 tradeable BTC/ETH markets (1 page(s), 72 BTC/ETH seen)
08:07:40 INFO     __main__  Universe refreshed: 36 markets
08:07:41 INFO     __main__  HEARTBEAT eval=0 signals=0 fills=0 arbs=0 arb-fills=0 no-spot=0 no-book=21344 warmup=0 markets=36 btcusdt[σ=0.061 iv=0.392 μ=+0.012] ethusdt[σ=0.086 iv=0.573 μ=-0.099] top-raw-gap=-1.000 ()
08:08:10 INFO     src.poly_universe  Universe: 36 tradeable BTC/ETH markets (1 page(s), 72 BTC/ETH seen)
08:08:10 INFO     __main__  Universe refreshed: 36 markets
08:08:11 INFO     __main__  HEARTBEAT eval=0 signals=0 fills=0 arbs=0 arb-fills=0 no-spot=0 no-book=17292 warmup=0 markets=36 btcusdt[σ=0.086 iv=0.393 μ=-0.166] ethusdt[σ=0.078 iv=0.573 μ=-0.139] top-raw-gap=-1.000 ()
08:08:40 INFO     src.poly_universe  Universe: 36 tradeable BTC/ETH markets (1 page(s), 72 BTC/ETH seen)
08:08:40 INFO     __main__  Universe refreshed: 36 markets
08:08:41 INFO     __main__  HEARTBEAT eval=0 signals=0 fills=0 arbs=0 arb-fills=0 no-spot=0 no-book=17500 warmup=0 markets=36 btcusdt[σ=0.083 iv=0.393 μ=+0.178] ethusdt[σ=0.076 iv=0.573 μ=-0.148] top-raw-gap=-1.000 ()
08:09:10 INFO     src.poly_universe  Universe: 36 tradeable BTC/ETH markets (1 page(s), 72 BTC/ETH seen)
08:09:10 INFO     __main__  Universe refreshed: 36 markets
08:09:11 INFO     __main__  HEARTBEAT eval=0 signals=0 fills=0 arbs=0 arb-fills=0 no-spot=0 no-book=16788 warmup=0 markets=36 btcusdt[σ=0.132 iv=0.394 μ=+0.154] ethusdt[σ=0.077 iv=0.574 μ=+0.136] top-raw-gap=-1.000 ()
08:09:41 INFO     src.poly_universe  Universe: 36 tradeable BTC/ETH markets (1 page(s), 72 BTC/ETH seen)
08:09:41 INFO     __main__  Universe refreshed: 36 markets
08:09:41 INFO     __main__  HEARTBEAT eval=0 signals=0 fills=0 arbs=0 arb-fills=0 no-spot=0 no-book=17664 warmup=0 markets=36 btcusdt[σ=0.110 iv=0.394 μ=+0.066] ethusdt[σ=0.092 iv=0.574 μ=+0.180] top-raw-gap=-1.000 ()
08:10:11 INFO     src.poly_universe  Universe: 36 tradeable BTC/ETH markets (1 page(s), 72 BTC/ETH seen)
08:10:11 INFO     __main__  Universe refreshed: 36 markets
08:10:11 INFO     __main__  HEARTBEAT eval=0 signals=0 fills=0 arbs=0 arb-fills=0 no-spot=0 no-book=26368 warmup=0 markets=36 btcusdt[σ=0.115 iv=0.393 μ=+0.032] ethusdt[σ=0.131 iv=0.576 μ=-0.006] top-raw-gap=-1.000 ()
08:10:41 INFO     src.poly_universe  Universe: 36 tradeable BTC/ETH markets (1 page(s), 72 BTC/ETH seen)
08:10:41 INFO     __main__  Universe refreshed: 36 markets
08:10:41 INFO     __main__  HEARTBEAT eval=0 signals=0 fills=0 arbs=0 arb-fills=0 no-spot=0 no-book=20092 warmup=0 markets=36 btcusdt[σ=0.097 iv=0.393 μ=-0.094] ethusdt[σ=0.101 iv=0.576 μ=+0.035] top-raw-gap=-1.000 ()
08:11:11 INFO     src.poly_universe  Universe: 36 tradeable BTC/ETH markets (1 page(s), 72 BTC/ETH seen)
08:11:11 INFO     __main__  Universe refreshed: 36 markets
08:11:11 INFO     __main__  HEARTBEAT eval=0 signals=0 fills=0 arbs=0 arb-fills=0 no-spot=0 no-book=15476 warmup=0 markets=36 btcusdt[σ=0.095 iv=0.394 μ=-0.141] ethusdt[σ=0.086 iv=0.575 μ=-0.165] top-raw-gap=-1.000 ()
08:11:41 INFO     src.poly_universe  Universe: 36 tradeable BTC/ETH markets (1 page(s), 72 BTC/ETH seen)
08:11:41 INFO     __main__  Universe refreshed: 36 markets
08:11:41 INFO     __main__  HEARTBEAT eval=0 signals=0 fills=0 arbs=0 arb-fills=0 no-spot=0 no-book=20324 warmup=0 markets=36 btcusdt[σ=0.064 iv=0.394 μ=+0.109] ethusdt[σ=0.056 iv=0.575 μ=+0.141] top-raw-gap=-1.000 ()
08:12:11 INFO     src.poly_universe  Universe: 36 tradeable BTC/ETH markets (1 page(s), 72 BTC/ETH seen)
08:12:11 INFO     __main__  Universe refreshed: 36 markets
08:12:11 INFO     __main__  HEARTBEAT eval=0 signals=0 fills=0 arbs=0 arb-fills=0 no-spot=0 no-book=10576 warmup=0 markets=36 btcusdt[σ=0.059 iv=0.394 μ=-0.152] ethusdt[σ=0.051 iv=0.575 μ=-0.195] top-raw-gap=-1.000 ()
08:12:42 INFO     __main__  HEARTBEAT eval=0 signals=0 fills=0 arbs=0 arb-fills=0 no-spot=0 no-book=13296 warmup=0 markets=36 btcusdt[σ=0.050 iv=0.394 μ=+0.155] ethusdt[σ=0.050 iv=0.575 μ=+0.125] top-raw-gap=-1.000 ()
08:12:42 INFO     src.poly_universe  Universe: 36 tradeable BTC/ETH markets (1 page(s), 72 BTC/ETH seen)
08:12:42 INFO     __main__  Universe refreshed: 36 markets
08:13:12 INFO     __main__  HEARTBEAT eval=0 signals=0 fills=0 arbs=0 arb-fills=0 no-spot=0 no-book=12028 warmup=0 markets=36 btcusdt[σ=0.050 iv=0.394 μ=-0.177] ethusdt[σ=0.050 iv=0.576 μ=-0.036] top-raw-gap=-1.000 ()
08:13:12 INFO     src.poly_universe  Universe: 36 tradeable BTC/ETH markets (1 page(s), 57 BTC/ETH seen)
08:13:12 INFO     __main__  Universe refreshed: 36 markets
08:13:42 INFO     __main__  HEARTBEAT eval=0 signals=0 fills=0 arbs=0 arb-fills=0 no-spot=16 no-book=12604 warmup=0 markets=36 btcusdt[σ=0.050 iv=0.394 μ=+0.192] ethusdt[σ=0.053 iv=0.576 μ=+0.121] top-raw-gap=-1.000 ()
08:13:42 INFO     src.poly_universe  Universe: 36 tradeable BTC/ETH markets (1 page(s), 36 BTC/ETH seen)
08:13:42 INFO     __main__  Universe refreshed: 36 markets
08:14:12 INFO     __main__  HEARTBEAT eval=0 signals=0 fills=0 arbs=0 arb-fills=0 no-spot=0 no-book=10296 warmup=0 markets=36 btcusdt[σ=0.050 iv=0.393 μ=+0.188] ethusdt[σ=0.050 iv=0.579 μ=-0.035] top-raw-gap=-1.000 ()
08:14:12 INFO     src.poly_universe  Universe: 36 tradeable BTC/ETH markets (1 page(s), 36 BTC/ETH seen)
08:14:12 INFO     __main__  Universe refreshed: 36 markets
08:14:42 INFO     __main__  HEARTBEAT eval=0 signals=0 fills=0 arbs=0 arb-fills=0 no-spot=16 no-book=12752 warmup=0 markets=36 btcusdt[σ=0.050 iv=0.393 μ=-0.175] ethusdt[σ=0.050 iv=0.579 μ=-0.159] top-raw-gap=-1.000 ()
08:14:42 INFO     src.poly_universe  Universe: 36 tradeable BTC/ETH markets (1 page(s), 36 BTC/ETH seen)
08:14:42 INFO     __main__  Universe refreshed: 36 markets
08:14:54 WARNING  src.poly_ws  Polymarket WS closed (no close frame received or sent), reconnecting in 1.0s
08:14:55 INFO     src.poly_ws  Polymarket WS connected: wss://ws-subscriptions-clob.polymarket.com/ws/market
08:15:12 INFO     __main__  HEARTBEAT eval=0 signals=0 fills=0 arbs=0 arb-fills=0 no-spot=0 no-book=10597 warmup=895 markets=36 btcusdt[σ=0.050 iv=0.393 μ=-0.193] ethusdt[σ=0.050 iv=0.580 μ=+0.091] top-raw-gap=-1.000 ()
08:15:12 INFO     src.poly_universe  Universe: 36 tradeable BTC/ETH markets (1 page(s), 36 BTC/ETH seen)
08:15:12 INFO     __main__  Universe refreshed: 36 markets
08:15:42 INFO     __main__  HEARTBEAT eval=0 signals=0 fills=0 arbs=0 arb-fills=0 no-spot=16 no-book=8936 warmup=0 markets=36 btcusdt[σ=0.050 iv=0.393 μ=-0.135] ethusdt[σ=0.050 iv=0.580 μ=-0.141] top-raw-gap=-1.000 ()
08:15:43 INFO     src.poly_universe  Universe: 36 tradeable BTC/ETH markets (1 page(s), 36 BTC/ETH seen)
08:15:43 INFO     __main__  Universe refreshed: 36 markets
08:16:12 INFO     __main__  HEARTBEAT eval=0 signals=0 fills=0 arbs=0 arb-fills=0 no-spot=0 no-book=14712 warmup=0 markets=36 btcusdt[σ=0.050 iv=0.393 μ=+0.156] ethusdt[σ=0.050 iv=0.580 μ=+0.120] top-raw-gap=-1.000 ()
08:16:13 INFO     src.poly_universe  Universe: 36 tradeable BTC/ETH markets (1 page(s), 36 BTC/ETH seen)
08:16:13 INFO     __main__  Universe refreshed: 36 markets
08:16:42 INFO     __main__  HEARTBEAT eval=0 signals=0 fills=0 arbs=0 arb-fills=0 no-spot=0 no-book=14864 warmup=0 markets=36 btcusdt[σ=0.050 iv=0.393 μ=-0.116] ethusdt[σ=0.065 iv=0.580 μ=+0.055] top-raw-gap=-1.000 ()
08:16:43 INFO     src.poly_universe  Universe: 36 tradeable BTC/ETH markets (1 page(s), 36 BTC/ETH seen)
08:16:43 INFO     __main__  Universe refreshed: 36 markets
08:17:12 INFO     __main__  HEARTBEAT eval=0 signals=0 fills=0 arbs=0 arb-fills=0 no-spot=0 no-book=14256 warmup=0 markets=36 btcusdt[σ=0.057 iv=0.392 μ=+0.008] ethusdt[σ=0.077 iv=0.582 μ=+0.085] top-raw-gap=-1.000 ()
08:17:13 INFO     src.poly_universe  Universe: 36 tradeable BTC/ETH markets (1 page(s), 36 BTC/ETH seen)
08:17:13 INFO     __main__  Universe refreshed: 36 markets
08:17:40 INFO     __main__  HEARTBEAT eval=0 signals=0 fills=0 arbs=0 arb-fills=0 no-spot=0 no-book=15948 warmup=0 markets=36 btcusdt[σ=0.058 iv=0.392 μ=+0.011] ethusdt[σ=0.063 iv=0.582 μ=+0.102] top-raw-gap=-1.000 ()
08:17:41 INFO     src.poly_universe  Universe: 36 tradeable BTC/ETH markets (1 page(s), 36 BTC/ETH seen)
08:17:41 INFO     __main__  Universe refreshed: 36 markets
08:18:10 INFO     __main__  HEARTBEAT eval=0 signals=0 fills=0 arbs=0 arb-fills=0 no-spot=0 no-book=19996 warmup=0 markets=36 btcusdt[σ=0.099 iv=0.392 μ=-0.148] ethusdt[σ=0.084 iv=0.585 μ=-0.052] top-raw-gap=-1.000 ()
08:18:11 INFO     src.poly_universe  Universe: 36 tradeable BTC/ETH markets (1 page(s), 36 BTC/ETH seen)
08:18:11 INFO     __main__  Universe refreshed: 36 markets
08:18:40 INFO     __main__  HEARTBEAT eval=0 signals=0 fills=0 arbs=0 arb-fills=0 no-spot=0 no-book=17272 warmup=0 markets=36 btcusdt[σ=0.076 iv=0.392 μ=-0.001] ethusdt[σ=0.064 iv=0.585 μ=-0.055] top-raw-gap=-1.000 ()
08:18:42 INFO     src.poly_universe  Universe: 36 tradeable BTC/ETH markets (1 page(s), 36 BTC/ETH seen)
08:18:42 INFO     __main__  Universe refreshed: 36 markets
08:19:10 INFO     __main__  HEARTBEAT eval=96 signals=0 fills=0 arbs=0 arb-fills=0 no-spot=0 no-book=17612 warmup=0 markets=36 btcusdt[σ=0.050 iv=0.393 μ=-0.170] ethusdt[σ=0.063 iv=0.585 μ=-0.152] top-raw-gap=-1.000 ()
08:19:12 INFO     src.poly_universe  Universe: 36 tradeable BTC/ETH markets (1 page(s), 36 BTC/ETH seen)
08:19:12 INFO     __main__  Universe refreshed: 36 markets
08:19:40 INFO     __main__  HEARTBEAT eval=0 signals=0 fills=0 arbs=0 arb-fills=0 no-spot=0 no-book=14080 warmup=0 markets=36 btcusdt[σ=0.052 iv=0.393 μ=+0.141] ethusdt[σ=0.051 iv=0.585 μ=+0.165] top-raw-gap=-1.000 ()
08:19:42 INFO     src.poly_universe  Universe: 36 tradeable BTC/ETH markets (1 page(s), 36 BTC/ETH seen)
08:19:42 INFO     __main__  Universe refreshed: 36 markets
08:20:10 INFO     __main__  HEARTBEAT eval=0 signals=0 fills=0 arbs=0 arb-fills=0 no-spot=0 no-book=15592 warmup=0 markets=36 btcusdt[σ=0.050 iv=0.394 μ=+0.151] ethusdt[σ=0.050 iv=0.585 μ=+0.182] top-raw-gap=-1.000 ()
08:20:12 INFO     src.poly_universe  Universe: 36 tradeable BTC/ETH markets (1 page(s), 36 BTC/ETH seen)
08:20:12 INFO     __main__  Universe refreshed: 36 markets
08:20:40 INFO     __main__  HEARTBEAT eval=0 signals=0 fills=0 arbs=0 arb-fills=0 no-spot=0 no-book=13244 warmup=0 markets=36 btcusdt[σ=0.050 iv=0.394 μ=-0.150] ethusdt[σ=0.050 iv=0.585 μ=-0.152] top-raw-gap=-1.000 ()
08:20:42 INFO     src.poly_universe  Universe: 36 tradeable BTC/ETH markets (1 page(s), 36 BTC/ETH seen)
08:20:42 INFO     __main__  Universe refreshed: 36 markets
08:21:10 INFO     __main__  HEARTBEAT eval=0 signals=0 fills=0 arbs=0 arb-fills=0 no-spot=0 no-book=11112 warmup=0 markets=36 btcusdt[σ=0.050 iv=0.394 μ=-0.131] ethusdt[σ=0.050 iv=0.586 μ=+0.047] top-raw-gap=-1.000 ()
08:21:12 INFO     src.poly_universe  Universe: 36 tradeable BTC/ETH markets (1 page(s), 36 BTC/ETH seen)
08:21:12 INFO     __main__  Universe refreshed: 36 markets
08:21:40 INFO     __main__  HEARTBEAT eval=0 signals=0 fills=0 arbs=0 arb-fills=0 no-spot=0 no-book=10996 warmup=0 markets=36 btcusdt[σ=0.050 iv=0.394 μ=-0.001] ethusdt[σ=0.050 iv=0.586 μ=-0.147] top-raw-gap=-1.000 ()
08:21:43 INFO     src.poly_universe  Universe: 36 tradeable BTC/ETH markets (1 page(s), 36 BTC/ETH seen)
08:21:43 INFO     __main__  Universe refreshed: 36 markets
08:22:10 INFO     __main__  HEARTBEAT eval=0 signals=0 fills=0 arbs=0 arb-fills=0 no-spot=0 no-book=11676 warmup=0 markets=36 btcusdt[σ=0.050 iv=0.395 μ=-0.160] ethusdt[σ=0.058 iv=0.586 μ=-0.193] top-raw-gap=-1.000 ()
08:22:13 INFO     src.poly_universe  Universe: 36 tradeable BTC/ETH markets (1 page(s), 36 BTC/ETH seen)
08:22:13 INFO     __main__  Universe refreshed: 36 markets
08:22:13 INFO     src.execute  [PAPER] TAKER SELL 1.5 shares @ 0.8741 (fee=0.0116 edge=0.0108 src=model)
08:22:40 INFO     __main__  HEARTBEAT eval=74 signals=1 fills=1 arbs=0 arb-fills=0 no-spot=0 no-book=11915 warmup=0 markets=36 btcusdt[σ=0.050 iv=0.395 μ=-0.157] ethusdt[σ=0.051 iv=0.586 μ=-0.148] top-raw-gap=-1.000 ()
08:22:43 INFO     src.poly_universe  Universe: 36 tradeable BTC/ETH markets (1 page(s), 36 BTC/ETH seen)
08:22:43 INFO     __main__  Universe refreshed: 36 markets
08:23:10 INFO     __main__  HEARTBEAT eval=0 signals=0 fills=0 arbs=0 arb-fills=0 no-spot=16 no-book=11852 warmup=0 markets=36 btcusdt[σ=0.050 iv=0.396 μ=+0.081] ethusdt[σ=0.050 iv=0.586 μ=+0.127] top-raw-gap=-1.000 ()
08:23:13 INFO     src.poly_universe  Universe: 36 tradeable BTC/ETH markets (1 page(s), 36 BTC/ETH seen)
08:23:13 INFO     __main__  Universe refreshed: 36 markets
08:23:41 INFO     __main__  HEARTBEAT eval=0 signals=0 fills=0 arbs=0 arb-fills=0 no-spot=0 no-book=12628 warmup=0 markets=36 btcusdt[σ=0.050 iv=0.396 μ=+0.058] ethusdt[σ=0.056 iv=0.586 μ=-0.072] top-raw-gap=-1.000 ()
08:23:43 INFO     src.poly_universe  Universe: 36 tradeable BTC/ETH markets (1 page(s), 36 BTC/ETH seen)
08:23:43 INFO     __main__  Universe refreshed: 36 markets
08:24:11 INFO     __main__  HEARTBEAT eval=0 signals=0 fills=0 arbs=0 arb-fills=0 no-spot=0 no-book=14792 warmup=0 markets=36 btcusdt[σ=0.059 iv=0.397 μ=-0.159] ethusdt[σ=0.063 iv=0.586 μ=-0.162] top-raw-gap=-1.000 ()
08:24:14 INFO     src.poly_universe  Universe: 36 tradeable BTC/ETH markets (1 page(s), 36 BTC/ETH seen)
08:24:14 INFO     __main__  Universe refreshed: 36 markets
08:24:41 INFO     __main__  HEARTBEAT eval=0 signals=0 fills=0 arbs=0 arb-fills=0 no-spot=0 no-book=16804 warmup=0 markets=36 btcusdt[σ=0.135 iv=0.397 μ=+0.147] ethusdt[σ=0.155 iv=0.586 μ=+0.170] top-raw-gap=-1.000 ()
08:24:44 INFO     src.poly_universe  Universe: 36 tradeable BTC/ETH markets (1 page(s), 36 BTC/ETH seen)
08:24:44 INFO     __main__  Universe refreshed: 36 markets
08:24:53 WARNING  src.poly_ws  Polymarket WS closed (no close frame received or sent), reconnecting in 1.0s
08:24:55 INFO     src.poly_ws  Polymarket WS connected: wss://ws-subscriptions-clob.polymarket.com/ws/market
08:25:11 INFO     __main__  HEARTBEAT eval=2554 signals=0 fills=0 arbs=0 arb-fills=0 no-spot=0 no-book=14550 warmup=0 markets=36 btcusdt[σ=0.103 iv=0.398 μ=-0.131] ethusdt[σ=0.128 iv=0.586 μ=-0.066] top-raw-gap=-1.000 ()
08:25:14 INFO     src.poly_universe  Universe: 36 tradeable BTC/ETH markets (1 page(s), 36 BTC/ETH seen)
08:25:14 INFO     __main__  Universe refreshed: 36 markets
08:25:41 INFO     __main__  HEARTBEAT eval=0 signals=0 fills=0 arbs=0 arb-fills=0 no-spot=0 no-book=13712 warmup=0 markets=36 btcusdt[σ=0.082 iv=0.398 μ=+0.079] ethusdt[σ=0.101 iv=0.586 μ=-0.039] top-raw-gap=-1.000 ()
08:25:44 INFO     src.poly_universe  Universe: 36 tradeable BTC/ETH markets (1 page(s), 36 BTC/ETH seen)
08:25:44 INFO     __main__  Universe refreshed: 36 markets
08:26:12 INFO     __main__  HEARTBEAT eval=0 signals=0 fills=0 arbs=0 arb-fills=0 no-spot=0 no-book=13136 warmup=0 markets=36 btcusdt[σ=0.058 iv=0.398 μ=-0.186] ethusdt[σ=0.110 iv=0.586 μ=-0.197] top-raw-gap=-1.000 ()
08:26:14 INFO     src.poly_universe  Universe: 36 tradeable BTC/ETH markets (1 page(s), 36 BTC/ETH seen)
08:26:14 INFO     __main__  Universe refreshed: 36 markets
08:26:42 INFO     __main__  HEARTBEAT eval=0 signals=0 fills=0 arbs=0 arb-fills=0 no-spot=0 no-book=12792 warmup=0 markets=36 btcusdt[σ=0.078 iv=0.398 μ=-0.194] ethusdt[σ=0.086 iv=0.586 μ=-0.198] top-raw-gap=-1.000 ()
08:26:44 INFO     src.poly_universe  Universe: 36 tradeable BTC/ETH markets (1 page(s), 36 BTC/ETH seen)
08:26:44 INFO     __main__  Universe refreshed: 36 markets
08:27:12 INFO     __main__  HEARTBEAT eval=0 signals=0 fills=0 arbs=0 arb-fills=0 no-spot=0 no-book=15232 warmup=0 markets=36 btcusdt[σ=0.050 iv=0.398 μ=+0.082] ethusdt[σ=0.055 iv=0.586 μ=+0.048] top-raw-gap=-1.000 ()
08:27:14 INFO     src.poly_universe  Universe: 36 tradeable BTC/ETH markets (1 page(s), 36 BTC/ETH seen)
08:27:14 INFO     __main__  Universe refreshed: 36 markets
08:27:42 INFO     __main__  HEARTBEAT eval=0 signals=0 fills=0 arbs=0 arb-fills=0 no-spot=0 no-book=14300 warmup=0 markets=36 btcusdt[σ=0.050 iv=0.398 μ=+0.106] ethusdt[σ=0.056 iv=0.586 μ=+0.017] top-raw-gap=-1.000 ()
08:27:45 INFO     src.poly_universe  Universe: 36 tradeable BTC/ETH markets (1 page(s), 36 BTC/ETH seen)
08:27:45 INFO     __main__  Universe refreshed: 36 markets
08:28:12 INFO     __main__  HEARTBEAT eval=0 signals=0 fills=0 arbs=0 arb-fills=0 no-spot=0 no-book=13056 warmup=0 markets=36 btcusdt[σ=0.050 iv=0.398 μ=-0.049] ethusdt[σ=0.050 iv=0.586 μ=-0.047] top-raw-gap=-1.000 ()
08:28:15 INFO     src.poly_universe  Universe: 36 tradeable BTC/ETH markets (1 page(s), 36 BTC/ETH seen)
08:28:15 INFO     __main__  Universe refreshed: 36 markets
08:28:42 INFO     __main__  HEARTBEAT eval=0 signals=0 fills=0 arbs=0 arb-fills=0 no-spot=0 no-book=12392 warmup=0 markets=36 btcusdt[σ=0.050 iv=0.398 μ=-0.129] ethusdt[σ=0.063 iv=0.586 μ=-0.115] top-raw-gap=-1.000 ()
08:28:45 INFO     src.poly_universe  Universe: 36 tradeable BTC/ETH markets (1 page(s), 36 BTC/ETH seen)
08:28:45 INFO     __main__  Universe refreshed: 36 markets
08:29:12 INFO     __main__  HEARTBEAT eval=0 signals=0 fills=0 arbs=0 arb-fills=0 no-spot=0 no-book=18856 warmup=0 markets=36 btcusdt[σ=0.061 iv=0.398 μ=+0.101] ethusdt[σ=0.085 iv=0.586 μ=-0.072] top-raw-gap=-1.000 ()
08:29:15 INFO     src.poly_universe  Universe: 36 tradeable BTC/ETH markets (1 page(s), 36 BTC/ETH seen)
08:29:15 INFO     __main__  Universe refreshed: 36 markets
08:29:42 INFO     __main__  HEARTBEAT eval=0 signals=0 fills=0 arbs=0 arb-fills=0 no-spot=0 no-book=12804 warmup=0 markets=36 btcusdt[σ=0.050 iv=0.398 μ=+0.087] ethusdt[σ=0.073 iv=0.586 μ=-0.013] top-raw-gap=-1.000 ()
08:29:45 INFO     src.poly_universe  Universe: 36 tradeable BTC/ETH markets (1 page(s), 36 BTC/ETH seen)
08:29:45 INFO     __main__  Universe refreshed: 36 markets
08:30:12 INFO     __main__  HEARTBEAT eval=0 signals=0 fills=0 arbs=0 arb-fills=0 no-spot=0 no-book=23412 warmup=0 markets=36 btcusdt[σ=0.072 iv=0.398 μ=+0.147] ethusdt[σ=0.071 iv=0.586 μ=+0.044] top-raw-gap=-1.000 ()
08:30:15 INFO     src.poly_universe  Universe: 36 tradeable BTC/ETH markets (1 page(s), 36 BTC/ETH seen)
08:30:15 INFO     __main__  Universe refreshed: 36 markets
08:30:42 INFO     __main__  HEARTBEAT eval=0 signals=0 fills=0 arbs=0 arb-fills=0 no-spot=0 no-book=17756 warmup=0 markets=36 btcusdt[σ=0.081 iv=0.398 μ=+0.081] ethusdt[σ=0.081 iv=0.586 μ=-0.159] top-raw-gap=-1.000 ()
08:30:46 INFO     src.poly_universe  Universe: 36 tradeable BTC/ETH markets (1 page(s), 36 BTC/ETH seen)
08:30:46 INFO     __main__  Universe refreshed: 36 markets
08:31:13 INFO     __main__  HEARTBEAT eval=0 signals=0 fills=0 arbs=0 arb-fills=0 no-spot=0 no-book=20084 warmup=0 markets=36 btcusdt[σ=0.077 iv=0.398 μ=+0.039] ethusdt[σ=0.093 iv=0.587 μ=-0.068] top-raw-gap=-1.000 ()
08:31:16 INFO     src.poly_universe  Universe: 36 tradeable BTC/ETH markets (1 page(s), 36 BTC/ETH seen)
08:31:16 INFO     __main__  Universe refreshed: 36 markets
08:31:43 INFO     __main__  HEARTBEAT eval=0 signals=0 fills=0 arbs=0 arb-fills=0 no-spot=0 no-book=19852 warmup=0 markets=36 btcusdt[σ=0.116 iv=0.398 μ=+0.159] ethusdt[σ=0.128 iv=0.587 μ=+0.095] top-raw-gap=-1.000 ()
08:31:46 INFO     src.poly_universe  Universe: 36 tradeable BTC/ETH markets (1 page(s), 36 BTC/ETH seen)
08:31:46 INFO     __main__  Universe refreshed: 36 markets
08:32:13 INFO     __main__  HEARTBEAT eval=0 signals=0 fills=0 arbs=0 arb-fills=0 no-spot=0 no-book=15564 warmup=0 markets=36 btcusdt[σ=0.087 iv=0.398 μ=+0.029] ethusdt[σ=0.086 iv=0.591 μ=-0.119] top-raw-gap=-1.000 ()
08:32:16 INFO     src.poly_universe  Universe: 36 tradeable BTC/ETH markets (1 page(s), 36 BTC/ETH seen)
08:32:16 INFO     __main__  Universe refreshed: 36 markets
08:32:43 INFO     __main__  HEARTBEAT eval=0 signals=0 fills=0 arbs=0 arb-fills=0 no-spot=0 no-book=17156 warmup=0 markets=36 btcusdt[σ=0.081 iv=0.398 μ=+0.129] ethusdt[σ=0.090 iv=0.591 μ=-0.062] top-raw-gap=-1.000 ()
08:32:46 INFO     src.poly_universe  Universe: 36 tradeable BTC/ETH markets (1 page(s), 36 BTC/ETH seen)
08:32:46 INFO     __main__  Universe refreshed: 36 markets
08:33:13 INFO     __main__  HEARTBEAT eval=0 signals=0 fills=0 arbs=0 arb-fills=0 no-spot=0 no-book=16092 warmup=0 markets=36 btcusdt[σ=0.081 iv=0.397 μ=+0.077] ethusdt[σ=0.072 iv=0.591 μ=+0.128] top-raw-gap=-1.000 ()
08:33:16 INFO     src.poly_universe  Universe: 36 tradeable BTC/ETH markets (1 page(s), 36 BTC/ETH seen)
08:33:16 INFO     __main__  Universe refreshed: 36 markets
08:33:43 INFO     __main__  HEARTBEAT eval=0 signals=0 fills=0 arbs=0 arb-fills=0 no-spot=0 no-book=18221 warmup=0 markets=36 btcusdt[σ=0.092 iv=0.397 μ=-0.105] ethusdt[σ=0.078 iv=0.591 μ=-0.044] top-raw-gap=-1.000 ()
08:33:46 INFO     src.poly_universe  Universe: 36 tradeable BTC/ETH markets (1 page(s), 36 BTC/ETH seen)
08:33:46 INFO     __main__  Universe refreshed: 36 markets
08:34:13 INFO     __main__  HEARTBEAT eval=0 signals=0 fills=0 arbs=0 arb-fills=0 no-spot=0 no-book=16292 warmup=0 markets=36 btcusdt[σ=0.072 iv=0.397 μ=-0.008] ethusdt[σ=0.056 iv=0.592 μ=+0.070] top-raw-gap=-1.000 ()
08:34:17 INFO     src.poly_universe  Universe: 36 tradeable BTC/ETH markets (1 page(s), 36 BTC/ETH seen)
08:34:17 INFO     __main__  Universe refreshed: 36 markets
08:34:43 INFO     __main__  HEARTBEAT eval=0 signals=0 fills=0 arbs=0 arb-fills=0 no-spot=0 no-book=11796 warmup=0 markets=36 btcusdt[σ=0.058 iv=0.397 μ=-0.187] ethusdt[σ=0.050 iv=0.592 μ=-0.196] top-raw-gap=-1.000 ()
08:34:47 INFO     src.poly_universe  Universe: 36 tradeable BTC/ETH markets (1 page(s), 36 BTC/ETH seen)
08:34:47 INFO     __main__  Universe refreshed: 36 markets
08:34:55 WARNING  src.poly_ws  Polymarket WS closed (no close frame received or sent), reconnecting in 1.0s
08:34:57 INFO     src.poly_ws  Polymarket WS connected: wss://ws-subscriptions-clob.polymarket.com/ws/market
08:34:58 INFO     src.execute  [PAPER] TAKER SELL 1.48 shares @ 0.8667 (fee=0.0120 edge=0.0120 src=model)
08:35:13 INFO     __main__  HEARTBEAT eval=738 signals=1 fills=1 arbs=0 arb-fills=0 no-spot=0 no-book=13281 warmup=1365 markets=36 btcusdt[σ=0.054 iv=0.397 μ=-0.183] ethusdt[σ=0.056 iv=0.599 μ=-0.089] top-raw-gap=-1.000 ()
08:35:17 INFO     src.poly_universe  Universe: 36 tradeable BTC/ETH markets (1 page(s), 36 BTC/ETH seen)
08:35:17 INFO     __main__  Universe refreshed: 36 markets
08:35:43 INFO     __main__  HEARTBEAT eval=0 signals=0 fills=0 arbs=0 arb-fills=0 no-spot=0 no-book=14724 warmup=0 markets=36 btcusdt[σ=0.050 iv=0.397 μ=-0.195] ethusdt[σ=0.063 iv=0.599 μ=-0.011] top-raw-gap=-1.000 ()
08:35:47 INFO     src.poly_universe  Universe: 36 tradeable BTC/ETH markets (1 page(s), 36 BTC/ETH seen)
08:35:47 INFO     __main__  Universe refreshed: 36 markets
08:36:13 INFO     __main__  HEARTBEAT eval=168 signals=0 fills=0 arbs=0 arb-fills=0 no-spot=0 no-book=19537 warmup=0 markets=36 btcusdt[σ=0.079 iv=0.443 μ=-0.113] ethusdt[σ=0.100 iv=0.604 μ=-0.062] top-raw-gap=-1.000 ()
08:36:17 INFO     src.poly_universe  Universe: 36 tradeable BTC/ETH markets (1 page(s), 36 BTC/ETH seen)
08:36:17 INFO     __main__  Universe refreshed: 36 markets
08:36:43 INFO     __main__  HEARTBEAT eval=0 signals=0 fills=0 arbs=0 arb-fills=0 no-spot=0 no-book=15792 warmup=0 markets=36 btcusdt[σ=0.059 iv=0.443 μ=-0.093] ethusdt[σ=0.072 iv=0.604 μ=-0.080] top-raw-gap=-1.000 ()
08:36:47 INFO     src.poly_universe  Universe: 36 tradeable BTC/ETH markets (1 page(s), 36 BTC/ETH seen)
08:36:47 INFO     __main__  Universe refreshed: 36 markets
08:37:13 INFO     __main__  HEARTBEAT eval=0 signals=0 fills=0 arbs=0 arb-fills=0 no-spot=16 no-book=15660 warmup=0 markets=36 btcusdt[σ=0.055 iv=0.443 μ=+0.064] ethusdt[σ=0.050 iv=0.608 μ=-0.033] top-raw-gap=-1.000 ()
08:37:17 INFO     src.poly_universe  Universe: 36 tradeable BTC/ETH markets (1 page(s), 36 BTC/ETH seen)
08:37:17 INFO     __main__  Universe refreshed: 36 markets
08:37:43 INFO     __main__  HEARTBEAT eval=0 signals=0 fills=0 arbs=0 arb-fills=0 no-spot=0 no-book=14360 warmup=0 markets=36 btcusdt[σ=0.050 iv=0.443 μ=+0.128] ethusdt[σ=0.063 iv=0.608 μ=+0.179] top-raw-gap=-1.000 ()
08:37:48 INFO     src.poly_universe  Universe: 36 tradeable BTC/ETH markets (1 page(s), 36 BTC/ETH seen)
08:37:48 INFO     __main__  Universe refreshed: 36 markets
08:38:13 INFO     __main__  HEARTBEAT eval=0 signals=0 fills=0 arbs=0 arb-fills=0 no-spot=0 no-book=14584 warmup=0 markets=36 btcusdt[σ=0.051 iv=0.443 μ=-0.028] ethusdt[σ=0.060 iv=0.609 μ=+0.086] top-raw-gap=-1.000 ()
08:38:18 INFO     src.poly_universe  Universe: 36 tradeable BTC/ETH markets (1 page(s), 36 BTC/ETH seen)
08:38:18 INFO     __main__  Universe refreshed: 36 markets
08:38:44 INFO     __main__  HEARTBEAT eval=0 signals=0 fills=0 arbs=0 arb-fills=0 no-spot=0 no-book=18100 warmup=0 markets=36 btcusdt[σ=0.074 iv=0.443 μ=+0.080] ethusdt[σ=0.077 iv=0.609 μ=-0.017] top-raw-gap=-1.000 ()
08:38:48 INFO     src.poly_universe  Universe: 36 tradeable BTC/ETH markets (1 page(s), 36 BTC/ETH seen)
08:38:48 INFO     __main__  Universe refreshed: 36 markets
08:39:14 INFO     __main__  HEARTBEAT eval=0 signals=0 fills=0 arbs=0 arb-fills=0 no-spot=0 no-book=12952 warmup=0 markets=36 btcusdt[σ=0.070 iv=0.443 μ=-0.134] ethusdt[σ=0.073 iv=0.610 μ=-0.125] top-raw-gap=-1.000 ()
08:39:18 INFO     src.poly_universe  Universe: 36 tradeable BTC/ETH markets (1 page(s), 36 BTC/ETH seen)
08:39:18 INFO     __main__  Universe refreshed: 36 markets
08:39:44 INFO     __main__  HEARTBEAT eval=0 signals=0 fills=0 arbs=0 arb-fills=0 no-spot=0 no-book=11640 warmup=0 markets=36 btcusdt[σ=0.050 iv=0.443 μ=+0.018] ethusdt[σ=0.070 iv=0.610 μ=+0.128] top-raw-gap=-1.000 ()
08:39:48 INFO     src.poly_universe  Universe: 36 tradeable BTC/ETH markets (1 page(s), 36 BTC/ETH seen)
08:39:48 INFO     __main__  Universe refreshed: 36 markets
08:40:14 INFO     __main__  HEARTBEAT eval=0 signals=0 fills=0 arbs=0 arb-fills=0 no-spot=0 no-book=10060 warmup=0 markets=36 btcusdt[σ=0.050 iv=0.443 μ=-0.143] ethusdt[σ=0.050 iv=0.610 μ=-0.181] top-raw-gap=-1.000 ()
08:40:18 INFO     src.poly_universe  Universe: 36 tradeable BTC/ETH markets (1 page(s), 36 BTC/ETH seen)
08:40:18 INFO     __main__  Universe refreshed: 36 markets
08:40:44 INFO     __main__  HEARTBEAT eval=0 signals=0 fills=0 arbs=0 arb-fills=0 no-spot=0 no-book=16368 warmup=0 markets=36 btcusdt[σ=0.071 iv=0.443 μ=-0.017] ethusdt[σ=0.058 iv=0.610 μ=-0.070] top-raw-gap=-1.000 ()
08:40:48 INFO     src.poly_universe  Universe: 36 tradeable BTC/ETH markets (1 page(s), 36 BTC/ETH seen)
08:40:48 INFO     __main__  Universe refreshed: 36 markets
08:41:14 INFO     __main__  HEARTBEAT eval=0 signals=0 fills=0 arbs=0 arb-fills=0 no-spot=0 no-book=11936 warmup=0 markets=36 btcusdt[σ=0.050 iv=0.443 μ=-0.105] ethusdt[σ=0.054 iv=0.611 μ=+0.081] top-raw-gap=-1.000 ()
08:41:19 INFO     src.poly_universe  Universe: 36 tradeable BTC/ETH markets (1 page(s), 36 BTC/ETH seen)
08:41:19 INFO     __main__  Universe refreshed: 36 markets
08:41:44 INFO     __main__  HEARTBEAT eval=0 signals=0 fills=0 arbs=0 arb-fills=0 no-spot=0 no-book=8888 warmup=0 markets=36 btcusdt[σ=0.054 iv=0.443 μ=-0.154] ethusdt[σ=0.058 iv=0.611 μ=-0.021] top-raw-gap=-1.000 ()
08:41:49 INFO     src.poly_universe  Universe: 36 tradeable BTC/ETH markets (1 page(s), 36 BTC/ETH seen)
08:41:49 INFO     __main__  Universe refreshed: 36 markets
08:42:14 INFO     __main__  HEARTBEAT eval=0 signals=0 fills=0 arbs=0 arb-fills=0 no-spot=0 no-book=11220 warmup=0 markets=36 btcusdt[σ=0.050 iv=0.443 μ=-0.026] ethusdt[σ=0.059 iv=0.611 μ=+0.024] top-raw-gap=-1.000 ()
08:42:19 INFO     src.poly_universe  Universe: 44 tradeable BTC/ETH markets (1 page(s), 44 BTC/ETH seen)
08:42:19 INFO     __main__  Universe refreshed: 44 markets
08:42:44 INFO     __main__  HEARTBEAT eval=0 signals=0 fills=0 arbs=0 arb-fills=0 no-spot=0 no-book=13220 warmup=0 markets=44 btcusdt[σ=0.055 iv=0.443 μ=-0.177] ethusdt[σ=0.053 iv=0.611 μ=-0.200] top-raw-gap=-1.000 ()
08:42:49 INFO     src.poly_universe  Universe: 63 tradeable BTC/ETH markets (1 page(s), 63 BTC/ETH seen)
08:42:49 INFO     __main__  Universe refreshed: 63 markets
08:43:14 INFO     __main__  HEARTBEAT eval=0 signals=0 fills=0 arbs=0 arb-fills=0 no-spot=0 no-book=16656 warmup=0 markets=63 btcusdt[σ=0.050 iv=0.443 μ=+0.174] ethusdt[σ=0.050 iv=0.612 μ=-0.109] top-raw-gap=-1.000 ()
08:43:19 INFO     src.poly_universe  Universe: 72 tradeable BTC/ETH markets (1 page(s), 72 BTC/ETH seen)
08:43:19 INFO     __main__  Universe refreshed: 72 markets
08:43:44 INFO     __main__  HEARTBEAT eval=0 signals=0 fills=0 arbs=0 arb-fills=0 no-spot=0 no-book=19523 warmup=0 markets=72 btcusdt[σ=0.050 iv=0.443 μ=-0.054] ethusdt[σ=0.050 iv=0.612 μ=-0.049] top-raw-gap=-1.000 ()
08:43:49 INFO     src.poly_universe  Universe: 72 tradeable BTC/ETH markets (1 page(s), 72 BTC/ETH seen)
08:43:49 INFO     __main__  Universe refreshed: 72 markets
08:44:15 INFO     __main__  HEARTBEAT eval=0 signals=0 fills=0 arbs=0 arb-fills=0 no-spot=0 no-book=19304 warmup=0 markets=72 btcusdt[σ=0.050 iv=0.442 μ=-0.064] ethusdt[σ=0.050 iv=0.612 μ=-0.153] top-raw-gap=-1.000 ()
08:44:19 INFO     src.poly_universe  Universe: 72 tradeable BTC/ETH markets (1 page(s), 72 BTC/ETH seen)
08:44:19 INFO     __main__  Universe refreshed: 72 markets
08:44:45 INFO     __main__  HEARTBEAT eval=0 signals=0 fills=0 arbs=0 arb-fills=0 no-spot=32 no-book=23056 warmup=0 markets=72 btcusdt[σ=0.117 iv=0.442 μ=-0.194] ethusdt[σ=0.050 iv=0.612 μ=-0.196] top-raw-gap=-1.000 ()
08:44:50 INFO     src.poly_universe  Universe: 72 tradeable BTC/ETH markets (1 page(s), 72 BTC/ETH seen)
08:44:50 INFO     __main__  Universe refreshed: 72 markets
08:45:15 INFO     __main__  HEARTBEAT eval=0 signals=0 fills=0 arbs=0 arb-fills=0 no-spot=0 no-book=32224 warmup=0 markets=72 btcusdt[σ=0.097 iv=0.442 μ=+0.128] ethusdt[σ=0.068 iv=0.613 μ=+0.034] top-raw-gap=-1.000 ()
08:45:20 INFO     src.poly_universe  Universe: 72 tradeable BTC/ETH markets (1 page(s), 72 BTC/ETH seen)
08:45:20 INFO     __main__  Universe refreshed: 72 markets
08:45:45 INFO     __main__  HEARTBEAT eval=0 signals=0 fills=0 arbs=0 arb-fills=0 no-spot=0 no-book=32536 warmup=0 markets=72 btcusdt[σ=0.063 iv=0.442 μ=-0.154] ethusdt[σ=0.079 iv=0.613 μ=+0.118] top-raw-gap=-1.000 ()
08:45:50 INFO     src.poly_universe  Universe: 72 tradeable BTC/ETH markets (1 page(s), 72 BTC/ETH seen)
08:45:50 INFO     __main__  Universe refreshed: 72 markets
08:46:15 INFO     __main__  HEARTBEAT eval=0 signals=0 fills=0 arbs=0 arb-fills=0 no-spot=0 no-book=26344 warmup=0 markets=72 btcusdt[σ=0.050 iv=0.441 μ=+0.130] ethusdt[σ=0.060 iv=0.614 μ=-0.039] top-raw-gap=-1.000 ()
08:46:20 INFO     src.poly_universe  Universe: 72 tradeable BTC/ETH markets (1 page(s), 72 BTC/ETH seen)
08:46:20 INFO     __main__  Universe refreshed: 72 markets
08:46:45 INFO     __main__  HEARTBEAT eval=0 signals=0 fills=0 arbs=0 arb-fills=0 no-spot=0 no-book=26032 warmup=0 markets=72 btcusdt[σ=0.050 iv=0.441 μ=-0.116] ethusdt[σ=0.064 iv=0.614 μ=-0.128] top-raw-gap=-1.000 ()
08:46:50 INFO     src.poly_universe  Universe: 72 tradeable BTC/ETH markets (1 page(s), 72 BTC/ETH seen)
08:46:50 INFO     __main__  Universe refreshed: 72 markets
08:47:15 INFO     __main__  HEARTBEAT eval=0 signals=0 fills=0 arbs=0 arb-fills=0 no-spot=0 no-book=18272 warmup=0 markets=72 btcusdt[σ=0.050 iv=0.441 μ=+0.109] ethusdt[σ=0.050 iv=0.615 μ=+0.119] top-raw-gap=-1.000 ()
08:47:20 INFO     src.poly_universe  Universe: 72 tradeable BTC/ETH markets (1 page(s), 72 BTC/ETH seen)
08:47:20 INFO     __main__  Universe refreshed: 72 markets
08:47:45 INFO     __main__  HEARTBEAT eval=0 signals=0 fills=0 arbs=0 arb-fills=0 no-spot=0 no-book=31664 warmup=0 markets=72 btcusdt[σ=0.050 iv=0.441 μ=+0.126] ethusdt[σ=0.052 iv=0.615 μ=+0.114] top-raw-gap=-1.000 ()
08:47:50 INFO     src.poly_universe  Universe: 72 tradeable BTC/ETH markets (1 page(s), 72 BTC/ETH seen)
08:47:50 INFO     __main__  Universe refreshed: 72 markets
08:48:15 INFO     __main__  HEARTBEAT eval=0 signals=0 fills=0 arbs=0 arb-fills=0 no-spot=0 no-book=24984 warmup=0 markets=72 btcusdt[σ=0.071 iv=0.441 μ=-0.016] ethusdt[σ=0.070 iv=0.616 μ=-0.050] top-raw-gap=-1.000 ()
08:48:21 INFO     src.poly_universe  Universe: 72 tradeable BTC/ETH markets (1 page(s), 72 BTC/ETH seen)
08:48:21 INFO     __main__  Universe refreshed: 72 markets
08:48:45 INFO     __main__  HEARTBEAT eval=0 signals=0 fills=0 arbs=0 arb-fills=0 no-spot=0 no-book=25360 warmup=0 markets=72 btcusdt[σ=0.051 iv=0.441 μ=+0.025] ethusdt[σ=0.067 iv=0.616 μ=-0.060] top-raw-gap=-1.000 ()
08:48:51 INFO     src.poly_universe  Universe: 72 tradeable BTC/ETH markets (1 page(s), 72 BTC/ETH seen)
08:48:51 INFO     __main__  Universe refreshed: 72 markets
08:49:15 INFO     __main__  HEARTBEAT eval=0 signals=0 fills=0 arbs=0 arb-fills=0 no-spot=0 no-book=33104 warmup=0 markets=72 btcusdt[σ=0.057 iv=0.441 μ=+0.057] ethusdt[σ=0.065 iv=0.617 μ=+0.004] top-raw-gap=-1.000 ()
08:49:21 INFO     src.poly_universe  Universe: 72 tradeable BTC/ETH markets (1 page(s), 72 BTC/ETH seen)
08:49:21 INFO     __main__  Universe refreshed: 72 markets
08:49:46 INFO     __main__  HEARTBEAT eval=0 signals=0 fills=0 arbs=0 arb-fills=0 no-spot=0 no-book=23656 warmup=0 markets=72 btcusdt[σ=0.050 iv=0.441 μ=-0.150] ethusdt[σ=0.052 iv=0.617 μ=-0.143] top-raw-gap=-1.000 ()
08:49:51 INFO     src.poly_universe  Universe: 72 tradeable BTC/ETH markets (1 page(s), 72 BTC/ETH seen)
08:49:51 INFO     __main__  Universe refreshed: 72 markets
08:50:16 INFO     __main__  HEARTBEAT eval=0 signals=0 fills=0 arbs=0 arb-fills=0 no-spot=0 no-book=27432 warmup=0 markets=72 btcusdt[σ=0.050 iv=0.441 μ=-0.113] ethusdt[σ=0.058 iv=0.618 μ=+0.009] top-raw-gap=-1.000 ()
08:50:21 INFO     src.poly_universe  Universe: 72 tradeable BTC/ETH markets (1 page(s), 72 BTC/ETH seen)
08:50:21 INFO     __main__  Universe refreshed: 72 markets
08:50:46 INFO     __main__  HEARTBEAT eval=0 signals=0 fills=0 arbs=0 arb-fills=0 no-spot=0 no-book=25832 warmup=0 markets=72 btcusdt[σ=0.050 iv=0.441 μ=+0.107] ethusdt[σ=0.050 iv=0.618 μ=+0.080] top-raw-gap=-1.000 ()
08:50:51 INFO     src.poly_universe  Universe: 72 tradeable BTC/ETH markets (1 page(s), 72 BTC/ETH seen)
08:50:51 INFO     __main__  Universe refreshed: 72 markets
08:51:16 INFO     __main__  HEARTBEAT eval=0 signals=0 fills=0 arbs=0 arb-fills=0 no-spot=0 no-book=22520 warmup=0 markets=72 btcusdt[σ=0.050 iv=0.441 μ=-0.122] ethusdt[σ=0.064 iv=0.620 μ=+0.124] top-raw-gap=-1.000 ()
08:51:21 INFO     src.poly_universe  Universe: 72 tradeable BTC/ETH markets (1 page(s), 72 BTC/ETH seen)
08:51:21 INFO     __main__  Universe refreshed: 72 markets
08:51:46 INFO     __main__  HEARTBEAT eval=0 signals=0 fills=0 arbs=0 arb-fills=0 no-spot=0 no-book=27464 warmup=0 markets=72 btcusdt[σ=0.050 iv=0.441 μ=-0.184] ethusdt[σ=0.078 iv=0.620 μ=-0.096] top-raw-gap=-1.000 ()
08:51:52 INFO     src.poly_universe  Universe: 72 tradeable BTC/ETH markets (1 page(s), 72 BTC/ETH seen)
08:51:52 INFO     __main__  Universe refreshed: 72 markets
08:52:16 INFO     __main__  HEARTBEAT eval=0 signals=0 fills=0 arbs=0 arb-fills=0 no-spot=0 no-book=31720 warmup=0 markets=72 btcusdt[σ=0.050 iv=0.442 μ=-0.178] ethusdt[σ=0.064 iv=0.620 μ=-0.020] top-raw-gap=-1.000 ()
08:52:22 INFO     src.poly_universe  Universe: 72 tradeable BTC/ETH markets (1 page(s), 72 BTC/ETH seen)
08:52:22 INFO     __main__  Universe refreshed: 72 markets
08:52:46 INFO     __main__  HEARTBEAT eval=0 signals=0 fills=0 arbs=0 arb-fills=0 no-spot=0 no-book=22136 warmup=0 markets=72 btcusdt[σ=0.050 iv=0.442 μ=+0.151] ethusdt[σ=0.051 iv=0.620 μ=+0.106] top-raw-gap=-1.000 ()
08:52:52 INFO     src.poly_universe  Universe: 72 tradeable BTC/ETH markets (1 page(s), 72 BTC/ETH seen)
08:52:52 INFO     __main__  Universe refreshed: 72 markets
08:53:16 INFO     __main__  HEARTBEAT eval=0 signals=0 fills=0 arbs=0 arb-fills=0 no-spot=0 no-book=26752 warmup=0 markets=72 btcusdt[σ=0.050 iv=0.443 μ=-0.058] ethusdt[σ=0.050 iv=0.620 μ=-0.045] top-raw-gap=-1.000 ()
08:53:22 WARNING  src.poly_ws  Polymarket WS closed (no close frame received or sent), reconnecting in 1.0s
08:53:22 INFO     src.poly_universe  Universe: 72 tradeable BTC/ETH markets (1 page(s), 72 BTC/ETH seen)
08:53:22 INFO     __main__  Universe refreshed: 72 markets
08:53:23 INFO     src.poly_ws  Polymarket WS connected: wss://ws-subscriptions-clob.polymarket.com/ws/market
08:53:46 INFO     __main__  HEARTBEAT eval=0 signals=0 fills=0 arbs=0 arb-fills=0 no-spot=0 no-book=24134 warmup=2053 markets=72 btcusdt[σ=0.050 iv=0.443 μ=+0.003] ethusdt[σ=0.050 iv=0.620 μ=-0.015] top-raw-gap=-1.000 ()
08:53:52 INFO     src.poly_universe  Universe: 72 tradeable BTC/ETH markets (1 page(s), 72 BTC/ETH seen)
08:53:52 INFO     __main__  Universe refreshed: 72 markets
08:54:16 INFO     __main__  HEARTBEAT eval=0 signals=0 fills=0 arbs=0 arb-fills=0 no-spot=0 no-book=19400 warmup=0 markets=72 btcusdt[σ=0.050 iv=0.444 μ=-0.046] ethusdt[σ=0.050 iv=0.620 μ=+0.173] top-raw-gap=-1.000 ()
08:54:22 INFO     src.poly_universe  Universe: 72 tradeable BTC/ETH markets (1 page(s), 72 BTC/ETH seen)
08:54:22 INFO     __main__  Universe refreshed: 72 markets
08:54:47 INFO     __main__  HEARTBEAT eval=0 signals=0 fills=0 arbs=0 arb-fills=0 no-spot=0 no-book=32104 warmup=0 markets=72 btcusdt[σ=0.063 iv=0.444 μ=+0.027] ethusdt[σ=0.064 iv=0.620 μ=+0.091] top-raw-gap=-1.000 ()
08:54:52 INFO     src.poly_universe  Universe: 72 tradeable BTC/ETH markets (1 page(s), 72 BTC/ETH seen)
08:54:52 INFO     __main__  Universe refreshed: 72 markets
08:55:17 INFO     __main__  HEARTBEAT eval=0 signals=0 fills=0 arbs=0 arb-fills=0 no-spot=0 no-book=29728 warmup=0 markets=72 btcusdt[σ=0.050 iv=0.446 μ=-0.097] ethusdt[σ=0.053 iv=0.620 μ=+0.008] top-raw-gap=-1.000 ()
08:55:23 INFO     src.poly_universe  Universe: 72 tradeable BTC/ETH markets (1 page(s), 72 BTC/ETH seen)
08:55:23 INFO     __main__  Universe refreshed: 72 markets
08:55:47 INFO     __main__  HEARTBEAT eval=0 signals=0 fills=0 arbs=0 arb-fills=0 no-spot=0 no-book=25920 warmup=0 markets=72 btcusdt[σ=0.050 iv=0.446 μ=-0.030] ethusdt[σ=0.052 iv=0.620 μ=+0.014] top-raw-gap=-1.000 ()
08:55:53 INFO     src.poly_universe  Universe: 72 tradeable BTC/ETH markets (1 page(s), 72 BTC/ETH seen)
08:55:53 INFO     __main__  Universe refreshed: 72 markets
08:56:17 INFO     __main__  HEARTBEAT eval=0 signals=0 fills=0 arbs=0 arb-fills=0 no-spot=0 no-book=20664 warmup=0 markets=72 btcusdt[σ=0.050 iv=0.447 μ=+0.087] ethusdt[σ=0.050 iv=0.620 μ=-0.134] top-raw-gap=-1.000 ()
08:56:23 INFO     src.poly_universe  Universe: 72 tradeable BTC/ETH markets (1 page(s), 72 BTC/ETH seen)
08:56:23 INFO     __main__  Universe refreshed: 72 markets
08:56:47 INFO     __main__  HEARTBEAT eval=0 signals=0 fills=0 arbs=0 arb-fills=0 no-spot=0 no-book=26328 warmup=0 markets=72 btcusdt[σ=0.050 iv=0.447 μ=-0.098] ethusdt[σ=0.050 iv=0.620 μ=+0.069] top-raw-gap=-1.000 ()
08:56:53 INFO     src.poly_universe  Universe: 72 tradeable BTC/ETH markets (1 page(s), 72 BTC/ETH seen)
08:56:53 INFO     __main__  Universe refreshed: 72 markets
08:57:17 INFO     __main__  HEARTBEAT eval=0 signals=0 fills=0 arbs=0 arb-fills=0 no-spot=0 no-book=26032 warmup=0 markets=72 btcusdt[σ=0.050 iv=0.448 μ=+0.041] ethusdt[σ=0.050 iv=0.620 μ=+0.095] top-raw-gap=-1.000 ()
08:57:23 INFO     src.poly_universe  Universe: 72 tradeable BTC/ETH markets (1 page(s), 72 BTC/ETH seen)
08:57:23 INFO     __main__  Universe refreshed: 72 markets
08:57:47 INFO     __main__  HEARTBEAT eval=0 signals=0 fills=0 arbs=0 arb-fills=0 no-spot=0 no-book=28656 warmup=0 markets=72 btcusdt[σ=0.050 iv=0.448 μ=+0.112] ethusdt[σ=0.050 iv=0.620 μ=+0.003] top-raw-gap=-1.000 ()
08:57:53 INFO     src.poly_universe  Universe: 72 tradeable BTC/ETH markets (1 page(s), 72 BTC/ETH seen)
08:57:53 INFO     __main__  Universe refreshed: 72 markets
08:58:17 INFO     __main__  HEARTBEAT eval=0 signals=0 fills=0 arbs=0 arb-fills=0 no-spot=0 no-book=30904 warmup=0 markets=72 btcusdt[σ=0.050 iv=0.448 μ=+0.116] ethusdt[σ=0.050 iv=0.619 μ=+0.088] top-raw-gap=-1.000 ()
08:58:24 INFO     src.poly_universe  Universe: 72 tradeable BTC/ETH markets (1 page(s), 72 BTC/ETH seen)
08:58:24 INFO     __main__  Universe refreshed: 72 markets
08:58:47 INFO     __main__  HEARTBEAT eval=0 signals=0 fills=0 arbs=0 arb-fills=0 no-spot=0 no-book=28696 warmup=0 markets=72 btcusdt[σ=0.050 iv=0.448 μ=-0.024] ethusdt[σ=0.050 iv=0.619 μ=-0.191] top-raw-gap=-1.000 ()
08:58:54 INFO     src.poly_universe  Universe: 72 tradeable BTC/ETH markets (1 page(s), 72 BTC/ETH seen)
08:58:54 INFO     __main__  Universe refreshed: 72 markets
08:59:17 INFO     __main__  HEARTBEAT eval=0 signals=0 fills=0 arbs=0 arb-fills=0 no-spot=0 no-book=23717 warmup=52 markets=72 btcusdt[σ=0.050 iv=0.449 μ=+0.029] ethusdt[σ=0.050 iv=0.619 μ=-0.085] top-raw-gap=-1.000 ()
08:59:24 INFO     src.poly_universe  Universe: 36 tradeable BTC/ETH markets (1 page(s), 72 BTC/ETH seen)
08:59:24 INFO     __main__  Universe refreshed: 36 markets
08:59:47 INFO     __main__  HEARTBEAT eval=0 signals=0 fills=0 arbs=0 arb-fills=0 no-spot=0 no-book=11104 warmup=0 markets=36 btcusdt[σ=0.050 iv=0.449 μ=+0.082] ethusdt[σ=0.050 iv=0.619 μ=+0.117] top-raw-gap=-1.000 ()
08:59:54 INFO     src.poly_universe  Universe: 36 tradeable BTC/ETH markets (1 page(s), 72 BTC/ETH seen)
08:59:54 INFO     __main__  Universe refreshed: 36 markets
09:00:17 INFO     __main__  HEARTBEAT eval=127 signals=0 fills=0 arbs=0 arb-fills=0 no-spot=0 no-book=19058 warmup=0 markets=36 btcusdt[σ=0.186 iv=0.450 μ=-0.066] ethusdt[σ=0.088 iv=0.620 μ=-0.171] top-raw-gap=0.091 (Bitcoin above 63,800 on June 22, 4AM ET?)
09:00:24 INFO     src.poly_universe  Universe: 36 tradeable BTC/ETH markets (1 page(s), 72 BTC/ETH seen)
09:00:24 INFO     __main__  Universe refreshed: 36 markets
09:00:47 INFO     __main__  HEARTBEAT eval=0 signals=0 fills=0 arbs=0 arb-fills=0 no-spot=0 no-book=20900 warmup=0 markets=36 btcusdt[σ=0.126 iv=0.450 μ=+0.010] ethusdt[σ=0.076 iv=0.620 μ=+0.091] top-raw-gap=-1.000 ()
09:00:54 INFO     src.poly_universe  Universe: 36 tradeable BTC/ETH markets (1 page(s), 72 BTC/ETH seen)
09:00:54 INFO     __main__  Universe refreshed: 36 markets
09:01:17 INFO     __main__  HEARTBEAT eval=0 signals=0 fills=0 arbs=0 arb-fills=0 no-spot=0 no-book=17184 warmup=0 markets=36 btcusdt[σ=0.088 iv=0.450 μ=+0.080] ethusdt[σ=0.062 iv=0.620 μ=+0.056] top-raw-gap=-1.000 ()
09:01:24 INFO     src.poly_universe  Universe: 36 tradeable BTC/ETH markets (1 page(s), 72 BTC/ETH seen)
09:01:24 INFO     __main__  Universe refreshed: 36 markets
09:01:48 INFO     __main__  HEARTBEAT eval=0 signals=0 fills=0 arbs=0 arb-fills=0 no-spot=0 no-book=16268 warmup=0 markets=36 btcusdt[σ=0.053 iv=0.450 μ=+0.064] ethusdt[σ=0.050 iv=0.620 μ=-0.072] top-raw-gap=-1.000 ()
09:01:55 INFO     src.poly_universe  Universe: 36 tradeable BTC/ETH markets (1 page(s), 72 BTC/ETH seen)
09:01:55 INFO     __main__  Universe refreshed: 36 markets
09:02:18 INFO     __main__  HEARTBEAT eval=0 signals=0 fills=0 arbs=0 arb-fills=0 no-spot=0 no-book=17748 warmup=0 markets=36 btcusdt[σ=0.081 iv=0.450 μ=-0.063] ethusdt[σ=0.060 iv=0.620 μ=+0.033] top-raw-gap=-1.000 ()
09:02:25 INFO     src.poly_universe  Universe: 36 tradeable BTC/ETH markets (1 page(s), 72 BTC/ETH seen)
09:02:25 INFO     __main__  Universe refreshed: 36 markets
09:02:48 INFO     __main__  HEARTBEAT eval=0 signals=0 fills=0 arbs=0 arb-fills=0 no-spot=0 no-book=17392 warmup=0 markets=36 btcusdt[σ=0.058 iv=0.450 μ=+0.041] ethusdt[σ=0.050 iv=0.620 μ=+0.104] top-raw-gap=-1.000 ()
09:02:55 INFO     src.poly_universe  Universe: 36 tradeable BTC/ETH markets (1 page(s), 72 BTC/ETH seen)
09:02:55 INFO     __main__  Universe refreshed: 36 markets
09:03:18 INFO     __main__  HEARTBEAT eval=0 signals=0 fills=0 arbs=0 arb-fills=0 no-spot=0 no-book=11929 warmup=0 markets=36 btcusdt[σ=0.052 iv=0.450 μ=+0.137] ethusdt[σ=0.050 iv=0.620 μ=+0.128] top-raw-gap=-1.000 ()
09:03:23 WARNING  src.poly_ws  Polymarket WS closed (no close frame received or sent), reconnecting in 1.0s
09:03:25 INFO     src.poly_ws  Polymarket WS connected: wss://ws-subscriptions-clob.polymarket.com/ws/market
09:03:25 INFO     src.poly_universe  Universe: 36 tradeable BTC/ETH markets (1 page(s), 72 BTC/ETH seen)
09:03:25 INFO     __main__  Universe refreshed: 36 markets
09:03:48 INFO     __main__  HEARTBEAT eval=1809 signals=0 fills=0 arbs=0 arb-fills=0 no-spot=0 no-book=16188 warmup=0 markets=36 btcusdt[σ=0.074 iv=0.450 μ=+0.065] ethusdt[σ=0.068 iv=0.620 μ=+0.057] top-raw-gap=-1.000 ()
09:03:55 INFO     src.poly_universe  Universe: 36 tradeable BTC/ETH markets (1 page(s), 72 BTC/ETH seen)
09:03:55 INFO     __main__  Universe refreshed: 36 markets
09:04:18 INFO     __main__  HEARTBEAT eval=0 signals=0 fills=0 arbs=0 arb-fills=0 no-spot=0 no-book=24052 warmup=0 markets=36 btcusdt[σ=0.102 iv=0.449 μ=+0.114] ethusdt[σ=0.130 iv=0.620 μ=+0.079] top-raw-gap=-1.000 ()
09:04:25 INFO     src.poly_universe  Universe: 36 tradeable BTC/ETH markets (1 page(s), 72 BTC/ETH seen)
09:04:25 INFO     __main__  Universe refreshed: 36 markets
09:04:48 INFO     __main__  HEARTBEAT eval=0 signals=0 fills=0 arbs=0 arb-fills=0 no-spot=0 no-book=27208 warmup=0 markets=36 btcusdt[σ=0.114 iv=0.449 μ=+0.092] ethusdt[σ=0.176 iv=0.620 μ=+0.051] top-raw-gap=-1.000 ()
09:04:55 INFO     src.poly_universe  Universe: 36 tradeable BTC/ETH markets (1 page(s), 72 BTC/ETH seen)
09:04:55 INFO     __main__  Universe refreshed: 36 markets
09:05:18 INFO     __main__  HEARTBEAT eval=0 signals=0 fills=0 arbs=0 arb-fills=0 no-spot=0 no-book=24564 warmup=0 markets=36 btcusdt[σ=0.097 iv=0.402 μ=-0.045] ethusdt[σ=0.156 iv=0.619 μ=-0.068] top-raw-gap=-1.000 ()
09:05:26 INFO     src.poly_universe  Universe: 36 tradeable BTC/ETH markets (1 page(s), 72 BTC/ETH seen)
09:05:26 INFO     __main__  Universe refreshed: 36 markets
09:05:48 INFO     __main__  HEARTBEAT eval=0 signals=0 fills=0 arbs=0 arb-fills=0 no-spot=0 no-book=17592 warmup=0 markets=36 btcusdt[σ=0.060 iv=0.402 μ=-0.179] ethusdt[σ=0.104 iv=0.619 μ=+0.129] top-raw-gap=-1.000 ()
09:05:56 INFO     src.poly_universe  Universe: 36 tradeable BTC/ETH markets (1 page(s), 72 BTC/ETH seen)
09:05:56 INFO     __main__  Universe refreshed: 36 markets
09:06:18 INFO     __main__  HEARTBEAT eval=0 signals=0 fills=0 arbs=0 arb-fills=0 no-spot=0 no-book=23564 warmup=0 markets=36 btcusdt[σ=0.075 iv=0.403 μ=-0.035] ethusdt[σ=0.096 iv=0.618 μ=+0.044] top-raw-gap=-1.000 ()
09:06:26 INFO     src.poly_universe  Universe: 36 tradeable BTC/ETH markets (1 page(s), 72 BTC/ETH seen)
09:06:26 INFO     __main__  Universe refreshed: 36 markets
09:06:48 INFO     __main__  HEARTBEAT eval=10 signals=0 fills=0 arbs=0 arb-fills=0 no-spot=0 no-book=16038 warmup=0 markets=36 btcusdt[σ=0.055 iv=0.403 μ=-0.074] ethusdt[σ=0.083 iv=0.618 μ=-0.153] top-raw-gap=0.120 (Bitcoin above 62,400 on June 22, 4AM ET?)
09:06:56 INFO     src.poly_universe  Universe: 36 tradeable BTC/ETH markets (1 page(s), 72 BTC/ETH seen)
09:06:56 INFO     __main__  Universe refreshed: 36 markets
09:07:18 INFO     __main__  HEARTBEAT eval=452 signals=0 fills=0 arbs=0 arb-fills=0 no-spot=0 no-book=18347 warmup=0 markets=36 btcusdt[σ=0.077 iv=0.403 μ=-0.174] ethusdt[σ=0.079 iv=0.617 μ=-0.046] top-raw-gap=0.060 (Bitcoin above 63,800 on June 22, 4AM ET?)
09:07:26 INFO     src.poly_universe  Universe: 36 tradeable BTC/ETH markets (1 page(s), 72 BTC/ETH seen)
09:07:26 INFO     __main__  Universe refreshed: 36 markets
09:07:48 INFO     __main__  HEARTBEAT eval=99 signals=0 fills=0 arbs=0 arb-fills=0 no-spot=0 no-book=15989 warmup=0 markets=36 btcusdt[σ=0.075 iv=0.403 μ=-0.024] ethusdt[σ=0.067 iv=0.617 μ=+0.063] top-raw-gap=-1.000 ()
09:07:56 INFO     src.poly_universe  Universe: 36 tradeable BTC/ETH markets (1 page(s), 72 BTC/ETH seen)
09:07:56 INFO     __main__  Universe refreshed: 36 markets
09:08:18 INFO     __main__  HEARTBEAT eval=0 signals=0 fills=0 arbs=0 arb-fills=0 no-spot=0 no-book=17144 warmup=0 markets=36 btcusdt[σ=0.057 iv=0.403 μ=+0.048] ethusdt[σ=0.063 iv=0.617 μ=-0.010] top-raw-gap=-1.000 ()
09:08:26 INFO     src.poly_universe  Universe: 36 tradeable BTC/ETH markets (1 page(s), 72 BTC/ETH seen)
09:08:26 INFO     __main__  Universe refreshed: 36 markets
09:08:48 INFO     __main__  HEARTBEAT eval=52 signals=0 fills=0 arbs=0 arb-fills=0 no-spot=0 no-book=17037 warmup=0 markets=36 btcusdt[σ=0.070 iv=0.403 μ=+0.072] ethusdt[σ=0.077 iv=0.617 μ=+0.167] top-raw-gap=-1.000 ()
09:08:57 INFO     src.poly_universe  Universe: 36 tradeable BTC/ETH markets (1 page(s), 72 BTC/ETH seen)
09:08:57 INFO     __main__  Universe refreshed: 36 markets
09:09:18 INFO     __main__  HEARTBEAT eval=0 signals=0 fills=0 arbs=0 arb-fills=0 no-spot=0 no-book=21756 warmup=0 markets=36 btcusdt[σ=0.090 iv=0.403 μ=-0.011] ethusdt[σ=0.101 iv=0.616 μ=+0.150] top-raw-gap=-1.000 ()
09:09:27 INFO     src.poly_universe  Universe: 36 tradeable BTC/ETH markets (1 page(s), 72 BTC/ETH seen)
09:09:27 INFO     __main__  Universe refreshed: 36 markets
09:09:48 INFO     __main__  HEARTBEAT eval=0 signals=0 fills=0 arbs=0 arb-fills=0 no-spot=0 no-book=16128 warmup=0 markets=36 btcusdt[σ=0.076 iv=0.403 μ=-0.033] ethusdt[σ=0.081 iv=0.616 μ=+0.045] top-raw-gap=-1.000 ()
09:09:57 INFO     src.poly_universe  Universe: 36 tradeable BTC/ETH markets (1 page(s), 72 BTC/ETH seen)
09:09:57 INFO     __main__  Universe refreshed: 36 markets
09:10:18 INFO     __main__  HEARTBEAT eval=0 signals=0 fills=0 arbs=0 arb-fills=0 no-spot=0 no-book=13152 warmup=0 markets=36 btcusdt[σ=0.062 iv=0.402 μ=+0.039] ethusdt[σ=0.059 iv=0.615 μ=+0.137] top-raw-gap=-1.000 ()
09:10:27 INFO     src.poly_universe  Universe: 36 tradeable BTC/ETH markets (1 page(s), 72 BTC/ETH seen)
09:10:27 INFO     __main__  Universe refreshed: 36 markets
09:10:48 INFO     __main__  HEARTBEAT eval=0 signals=0 fills=0 arbs=0 arb-fills=0 no-spot=0 no-book=21320 warmup=0 markets=36 btcusdt[σ=0.073 iv=0.402 μ=+0.179] ethusdt[σ=0.091 iv=0.615 μ=+0.147] top-raw-gap=-1.000 ()
09:10:57 INFO     src.poly_universe  Universe: 36 tradeable BTC/ETH markets (1 page(s), 72 BTC/ETH seen)
09:10:57 INFO     __main__  Universe refreshed: 36 markets
09:11:18 INFO     __main__  HEARTBEAT eval=0 signals=0 fills=0 arbs=0 arb-fills=0 no-spot=0 no-book=32244 warmup=0 markets=36 btcusdt[σ=0.109 iv=0.402 μ=+0.042] ethusdt[σ=0.143 iv=0.614 μ=-0.137] top-raw-gap=-1.000 ()
09:11:27 INFO     src.poly_universe  Universe: 36 tradeable BTC/ETH markets (1 page(s), 72 BTC/ETH seen)
09:11:27 INFO     __main__  Universe refreshed: 36 markets
09:11:49 INFO     __main__  HEARTBEAT eval=118 signals=0 fills=0 arbs=0 arb-fills=0 no-spot=0 no-book=24383 warmup=0 markets=36 btcusdt[σ=0.079 iv=0.402 μ=-0.117] ethusdt[σ=0.116 iv=0.614 μ=-0.149] top-raw-gap=-1.000 ()
09:11:57 INFO     src.poly_universe  Universe: 36 tradeable BTC/ETH markets (1 page(s), 72 BTC/ETH seen)
09:11:57 INFO     __main__  Universe refreshed: 36 markets
09:12:19 INFO     __main__  HEARTBEAT eval=0 signals=0 fills=0 arbs=0 arb-fills=0 no-spot=0 no-book=23916 warmup=0 markets=36 btcusdt[σ=0.082 iv=0.402 μ=-0.054] ethusdt[σ=0.099 iv=0.614 μ=+0.075] top-raw-gap=-1.000 ()
09:12:28 INFO     src.poly_universe  Universe: 36 tradeable BTC/ETH markets (1 page(s), 72 BTC/ETH seen)
09:12:28 INFO     __main__  Universe refreshed: 36 markets
09:12:49 INFO     __main__  HEARTBEAT eval=0 signals=0 fills=0 arbs=0 arb-fills=0 no-spot=0 no-book=19168 warmup=0 markets=36 btcusdt[σ=0.069 iv=0.402 μ=+0.148] ethusdt[σ=0.088 iv=0.614 μ=+0.135] top-raw-gap=-1.000 ()
09:12:58 INFO     src.poly_universe  Universe: 36 tradeable BTC/ETH markets (1 page(s), 60 BTC/ETH seen)
09:12:58 INFO     __main__  Universe refreshed: 36 markets
09:13:19 INFO     __main__  HEARTBEAT eval=128 signals=0 fills=0 arbs=0 arb-fills=0 no-spot=0 no-book=25976 warmup=0 markets=36 btcusdt[σ=0.069 iv=0.401 μ=+0.132] ethusdt[σ=0.088 iv=0.613 μ=+0.094] top-raw-gap=-1.000 ()
09:13:25 WARNING  src.poly_ws  Polymarket WS closed (no close frame received or sent), reconnecting in 1.0s
09:13:27 INFO     src.poly_ws  Polymarket WS connected: wss://ws-subscriptions-clob.polymarket.com/ws/market
09:13:28 INFO     src.poly_universe  Universe: 36 tradeable BTC/ETH markets (1 page(s), 36 BTC/ETH seen)
09:13:28 INFO     __main__  Universe refreshed: 36 markets
09:13:49 INFO     __main__  HEARTBEAT eval=3385 signals=0 fills=0 arbs=0 arb-fills=0 no-spot=0 no-book=23913 warmup=0 markets=36 btcusdt[σ=0.089 iv=0.401 μ=-0.025] ethusdt[σ=0.185 iv=0.613 μ=+0.088] top-raw-gap=-1.000 ()
09:13:58 INFO     src.poly_universe  Universe: 36 tradeable BTC/ETH markets (1 page(s), 36 BTC/ETH seen)
09:13:58 INFO     __main__  Universe refreshed: 36 markets
09:14:19 INFO     __main__  HEARTBEAT eval=0 signals=0 fills=0 arbs=0 arb-fills=0 no-spot=0 no-book=18636 warmup=0 markets=36 btcusdt[σ=0.067 iv=0.401 μ=-0.029] ethusdt[σ=0.117 iv=0.611 μ=-0.053] top-raw-gap=-1.000 ()
09:14:28 INFO     src.poly_universe  Universe: 36 tradeable BTC/ETH markets (1 page(s), 36 BTC/ETH seen)
09:14:28 INFO     __main__  Universe refreshed: 36 markets
09:14:49 INFO     __main__  HEARTBEAT eval=0 signals=0 fills=0 arbs=0 arb-fills=0 no-spot=0 no-book=16988 warmup=0 markets=36 btcusdt[σ=0.050 iv=0.401 μ=-0.074] ethusdt[σ=0.088 iv=0.611 μ=+0.042] top-raw-gap=-1.000 ()
09:14:58 INFO     src.poly_universe  Universe: 36 tradeable BTC/ETH markets (1 page(s), 36 BTC/ETH seen)
09:14:58 INFO     __main__  Universe refreshed: 36 markets
09:15:19 INFO     __main__  HEARTBEAT eval=0 signals=0 fills=0 arbs=0 arb-fills=0 no-spot=0 no-book=23056 warmup=0 markets=36 btcusdt[σ=0.093 iv=0.400 μ=+0.094] ethusdt[σ=0.115 iv=0.611 μ=+0.114] top-raw-gap=-1.000 ()
09:15:29 INFO     src.poly_universe  Universe: 36 tradeable BTC/ETH markets (1 page(s), 36 BTC/ETH seen)
09:15:29 INFO     __main__  Universe refreshed: 36 markets
09:15:49 INFO     __main__  HEARTBEAT eval=0 signals=0 fills=0 arbs=0 arb-fills=0 no-spot=0 no-book=21680 warmup=0 markets=36 btcusdt[σ=0.063 iv=0.400 μ=-0.017] ethusdt[σ=0.106 iv=0.611 μ=-0.008] top-raw-gap=-1.000 ()
09:15:59 INFO     src.poly_universe  Universe: 36 tradeable BTC/ETH markets (1 page(s), 36 BTC/ETH seen)
09:15:59 INFO     __main__  Universe refreshed: 36 markets
09:16:19 INFO     __main__  HEARTBEAT eval=0 signals=0 fills=0 arbs=0 arb-fills=0 no-spot=0 no-book=26612 warmup=0 markets=36 btcusdt[σ=0.056 iv=0.400 μ=-0.045] ethusdt[σ=0.087 iv=0.608 μ=-0.009] top-raw-gap=-1.000 ()
09:16:29 INFO     src.poly_universe  Universe: 36 tradeable BTC/ETH markets (1 page(s), 36 BTC/ETH seen)
09:16:29 INFO     __main__  Universe refreshed: 36 markets
09:16:49 INFO     __main__  HEARTBEAT eval=0 signals=0 fills=0 arbs=0 arb-fills=0 no-spot=0 no-book=16484 warmup=0 markets=36 btcusdt[σ=0.055 iv=0.400 μ=-0.132] ethusdt[σ=0.075 iv=0.608 μ=+0.037] top-raw-gap=-1.000 ()
09:16:59 INFO     src.poly_universe  Universe: 36 tradeable BTC/ETH markets (1 page(s), 36 BTC/ETH seen)
09:16:59 INFO     __main__  Universe refreshed: 36 markets
09:17:19 INFO     __main__  HEARTBEAT eval=0 signals=0 fills=0 arbs=0 arb-fills=0 no-spot=0 no-book=25648 warmup=0 markets=36 btcusdt[σ=0.078 iv=0.400 μ=-0.120] ethusdt[σ=0.152 iv=0.607 μ=-0.106] top-raw-gap=-1.000 ()
09:17:29 INFO     src.poly_universe  Universe: 36 tradeable BTC/ETH markets (1 page(s), 36 BTC/ETH seen)
09:17:29 INFO     __main__  Universe refreshed: 36 markets
09:17:49 INFO     __main__  HEARTBEAT eval=0 signals=0 fills=0 arbs=0 arb-fills=0 no-spot=0 no-book=17956 warmup=0 markets=36 btcusdt[σ=0.067 iv=0.400 μ=-0.096] ethusdt[σ=0.111 iv=0.607 μ=-0.045] top-raw-gap=-1.000 ()
09:17:57 INFO     src.poly_universe  Universe: 36 tradeable BTC/ETH markets (1 page(s), 36 BTC/ETH seen)
09:17:57 INFO     __main__  Universe refreshed: 36 markets
09:18:17 INFO     __main__  HEARTBEAT eval=48 signals=0 fills=0 arbs=0 arb-fills=0 no-spot=0 no-book=18580 warmup=0 markets=36 btcusdt[σ=0.096 iv=0.399 μ=+0.121] ethusdt[σ=0.109 iv=0.607 μ=+0.107] top-raw-gap=-1.000 ()
09:18:28 INFO     src.poly_universe  Universe: 36 tradeable BTC/ETH markets (1 page(s), 36 BTC/ETH seen)
09:18:28 INFO     __main__  Universe refreshed: 36 markets
09:18:47 INFO     __main__  HEARTBEAT eval=0 signals=0 fills=0 arbs=0 arb-fills=0 no-spot=0 no-book=18940 warmup=0 markets=36 btcusdt[σ=0.077 iv=0.399 μ=+0.035] ethusdt[σ=0.089 iv=0.607 μ=+0.144] top-raw-gap=-1.000 ()
09:18:58 INFO     src.poly_universe  Universe: 36 tradeable BTC/ETH markets (1 page(s), 36 BTC/ETH seen)
09:18:58 INFO     __main__  Universe refreshed: 36 markets
09:19:17 INFO     __main__  HEARTBEAT eval=0 signals=0 fills=0 arbs=0 arb-fills=0 no-spot=0 no-book=22592 warmup=0 markets=36 btcusdt[σ=0.070 iv=0.399 μ=-0.004] ethusdt[σ=0.091 iv=0.607 μ=-0.139] top-raw-gap=-1.000 ()
09:19:28 INFO     src.poly_universe  Universe: 36 tradeable BTC/ETH markets (1 page(s), 36 BTC/ETH seen)
09:19:28 INFO     __main__  Universe refreshed: 36 markets
09:19:47 INFO     __main__  HEARTBEAT eval=0 signals=0 fills=0 arbs=0 arb-fills=0 no-spot=0 no-book=14000 warmup=0 markets=36 btcusdt[σ=0.050 iv=0.399 μ=+0.151] ethusdt[σ=0.060 iv=0.607 μ=+0.010] top-raw-gap=-1.000 ()
09:19:58 INFO     src.poly_universe  Universe: 36 tradeable BTC/ETH markets (1 page(s), 36 BTC/ETH seen)
09:19:58 INFO     __main__  Universe refreshed: 36 markets
09:20:17 INFO     __main__  HEARTBEAT eval=0 signals=0 fills=0 arbs=0 arb-fills=0 no-spot=0 no-book=16924 warmup=0 markets=36 btcusdt[σ=0.059 iv=0.399 μ=+0.091] ethusdt[σ=0.061 iv=0.606 μ=+0.031] top-raw-gap=-1.000 ()
09:20:28 INFO     src.poly_universe  Universe: 36 tradeable BTC/ETH markets (1 page(s), 36 BTC/ETH seen)
09:20:28 INFO     __main__  Universe refreshed: 36 markets
09:20:47 INFO     __main__  HEARTBEAT eval=0 signals=0 fills=0 arbs=0 arb-fills=0 no-spot=0 no-book=20548 warmup=0 markets=36 btcusdt[σ=0.059 iv=0.399 μ=+0.046] ethusdt[σ=0.074 iv=0.606 μ=-0.178] top-raw-gap=-1.000 ()
09:20:58 INFO     src.poly_universe  Universe: 36 tradeable BTC/ETH markets (1 page(s), 36 BTC/ETH seen)
09:20:58 INFO     __main__  Universe refreshed: 36 markets
09:21:18 INFO     __main__  HEARTBEAT eval=0 signals=0 fills=0 arbs=0 arb-fills=0 no-spot=0 no-book=14200 warmup=0 markets=36 btcusdt[σ=0.050 iv=0.399 μ=-0.089] ethusdt[σ=0.053 iv=0.606 μ=-0.195] top-raw-gap=-1.000 ()
09:21:28 INFO     src.poly_universe  Universe: 36 tradeable BTC/ETH markets (1 page(s), 36 BTC/ETH seen)
09:21:28 INFO     __main__  Universe refreshed: 36 markets
09:21:48 INFO     __main__  HEARTBEAT eval=0 signals=0 fills=0 arbs=0 arb-fills=0 no-spot=0 no-book=12616 warmup=0 markets=36 btcusdt[σ=0.050 iv=0.399 μ=+0.138] ethusdt[σ=0.053 iv=0.606 μ=+0.145] top-raw-gap=-1.000 ()
09:21:59 INFO     src.poly_universe  Universe: 36 tradeable BTC/ETH markets (1 page(s), 36 BTC/ETH seen)
09:21:59 INFO     __main__  Universe refreshed: 36 markets
09:22:18 INFO     __main__  HEARTBEAT eval=0 signals=0 fills=0 arbs=0 arb-fills=0 no-spot=0 no-book=23964 warmup=0 markets=36 btcusdt[σ=0.059 iv=0.399 μ=+0.073] ethusdt[σ=0.071 iv=0.606 μ=-0.067] top-raw-gap=-1.000 ()
09:22:29 INFO     src.poly_universe  Universe: 36 tradeable BTC/ETH markets (1 page(s), 36 BTC/ETH seen)
09:22:29 INFO     __main__  Universe refreshed: 36 markets
09:22:48 INFO     __main__  HEARTBEAT eval=0 signals=0 fills=0 arbs=0 arb-fills=0 no-spot=0 no-book=17828 warmup=0 markets=36 btcusdt[σ=0.058 iv=0.399 μ=-0.144] ethusdt[σ=0.074 iv=0.606 μ=-0.184] top-raw-gap=-1.000 ()
09:22:59 INFO     src.poly_universe  Universe: 36 tradeable BTC/ETH markets (1 page(s), 36 BTC/ETH seen)
09:22:59 INFO     __main__  Universe refreshed: 36 markets
09:23:18 INFO     __main__  HEARTBEAT eval=0 signals=0 fills=0 arbs=0 arb-fills=0 no-spot=0 no-book=19184 warmup=0 markets=36 btcusdt[σ=0.068 iv=0.399 μ=+0.077] ethusdt[σ=0.085 iv=0.606 μ=+0.106] top-raw-gap=-1.000 ()
09:23:26 WARNING  src.poly_ws  Polymarket WS closed (no close frame received or sent), reconnecting in 1.0s
09:23:27 INFO     src.poly_ws  Polymarket WS connected: wss://ws-subscriptions-clob.polymarket.com/ws/market
09:23:29 INFO     src.poly_universe  Universe: 36 tradeable BTC/ETH markets (1 page(s), 36 BTC/ETH seen)
09:23:29 INFO     __main__  Universe refreshed: 36 markets
09:23:48 INFO     __main__  HEARTBEAT eval=1107 signals=0 fills=0 arbs=0 arb-fills=0 no-spot=0 no-book=11249 warmup=0 markets=36 btcusdt[σ=0.050 iv=0.399 μ=-0.137] ethusdt[σ=0.070 iv=0.606 μ=+0.151] top-raw-gap=-1.000 ()
09:23:59 INFO     src.poly_universe  Universe: 36 tradeable BTC/ETH markets (1 page(s), 36 BTC/ETH seen)
09:23:59 INFO     __main__  Universe refreshed: 36 markets
09:24:18 INFO     __main__  HEARTBEAT eval=0 signals=0 fills=0 arbs=0 arb-fills=0 no-spot=0 no-book=15180 warmup=0 markets=36 btcusdt[σ=0.050 iv=0.398 μ=-0.120] ethusdt[σ=0.067 iv=0.606 μ=+0.038] top-raw-gap=-1.000 ()
09:24:29 INFO     src.poly_universe  Universe: 36 tradeable BTC/ETH markets (1 page(s), 36 BTC/ETH seen)
09:24:29 INFO     __main__  Universe refreshed: 36 markets
09:24:48 INFO     __main__  HEARTBEAT eval=0 signals=0 fills=0 arbs=0 arb-fills=0 no-spot=0 no-book=14216 warmup=0 markets=36 btcusdt[σ=0.050 iv=0.398 μ=-0.063] ethusdt[σ=0.050 iv=0.606 μ=-0.001] top-raw-gap=-1.000 ()
09:24:59 INFO     src.poly_universe  Universe: 36 tradeable BTC/ETH markets (1 page(s), 36 BTC/ETH seen)
09:24:59 INFO     __main__  Universe refreshed: 36 markets
09:25:18 INFO     __main__  HEARTBEAT eval=0 signals=0 fills=0 arbs=0 arb-fills=0 no-spot=0 no-book=14036 warmup=0 markets=36 btcusdt[σ=0.050 iv=0.398 μ=+0.159] ethusdt[σ=0.080 iv=0.606 μ=+0.155] top-raw-gap=-1.000 ()
09:25:30 INFO     src.poly_universe  Universe: 36 tradeable BTC/ETH markets (1 page(s), 36 BTC/ETH seen)
09:25:30 INFO     __main__  Universe refreshed: 36 markets
09:25:49 INFO     __main__  HEARTBEAT eval=0 signals=0 fills=0 arbs=0 arb-fills=0 no-spot=0 no-book=16192 warmup=0 markets=36 btcusdt[σ=0.050 iv=0.398 μ=+0.108] ethusdt[σ=0.113 iv=0.606 μ=+0.031] top-raw-gap=-1.000 ()
09:26:00 INFO     src.poly_universe  Universe: 36 tradeable BTC/ETH markets (1 page(s), 36 BTC/ETH seen)
09:26:00 INFO     __main__  Universe refreshed: 36 markets
09:26:19 INFO     __main__  HEARTBEAT eval=0 signals=0 fills=0 arbs=0 arb-fills=0 no-spot=16 no-book=29088 warmup=0 markets=36 btcusdt[σ=0.080 iv=0.397 μ=-0.026] ethusdt[σ=0.189 iv=0.606 μ=+0.094] top-raw-gap=-1.000 ()
09:26:30 INFO     src.poly_universe  Universe: 36 tradeable BTC/ETH markets (1 page(s), 36 BTC/ETH seen)
09:26:30 INFO     __main__  Universe refreshed: 36 markets
09:26:49 INFO     __main__  HEARTBEAT eval=0 signals=0 fills=0 arbs=0 arb-fills=0 no-spot=0 no-book=20312 warmup=0 markets=36 btcusdt[σ=0.065 iv=0.397 μ=+0.103] ethusdt[σ=0.183 iv=0.606 μ=+0.075] top-raw-gap=-1.000 ()
09:27:00 INFO     src.poly_universe  Universe: 36 tradeable BTC/ETH markets (1 page(s), 36 BTC/ETH seen)
09:27:00 INFO     __main__  Universe refreshed: 36 markets
09:27:19 INFO     __main__  HEARTBEAT eval=0 signals=0 fills=0 arbs=0 arb-fills=0 no-spot=0 no-book=23468 warmup=0 markets=36 btcusdt[σ=0.066 iv=0.397 μ=-0.049] ethusdt[σ=0.128 iv=0.603 μ=-0.101] top-raw-gap=-1.000 ()
09:27:31 INFO     src.poly_universe  Universe: 36 tradeable BTC/ETH markets (1 page(s), 36 BTC/ETH seen)
09:27:31 INFO     __main__  Universe refreshed: 36 markets
09:27:49 INFO     __main__  HEARTBEAT eval=0 signals=0 fills=0 arbs=0 arb-fills=0 no-spot=0 no-book=15928 warmup=0 markets=36 btcusdt[σ=0.050 iv=0.397 μ=-0.051] ethusdt[σ=0.099 iv=0.603 μ=+0.183] top-raw-gap=-1.000 ()
09:28:01 INFO     src.poly_universe  Universe: 36 tradeable BTC/ETH markets (1 page(s), 36 BTC/ETH seen)
09:28:01 INFO     __main__  Universe refreshed: 36 markets
09:28:19 INFO     __main__  HEARTBEAT eval=0 signals=0 fills=0 arbs=0 arb-fills=0 no-spot=0 no-book=20788 warmup=0 markets=36 btcusdt[σ=0.063 iv=0.397 μ=-0.169] ethusdt[σ=0.084 iv=0.600 μ=-0.007] top-raw-gap=-1.000 ()
09:28:31 INFO     src.poly_universe  Universe: 36 tradeable BTC/ETH markets (1 page(s), 36 BTC/ETH seen)
09:28:31 INFO     __main__  Universe refreshed: 36 markets
09:28:49 INFO     __main__  HEARTBEAT eval=0 signals=0 fills=0 arbs=0 arb-fills=0 no-spot=0 no-book=11868 warmup=0 markets=36 btcusdt[σ=0.050 iv=0.397 μ=-0.034] ethusdt[σ=0.075 iv=0.600 μ=+0.045] top-raw-gap=-1.000 ()
09:29:01 INFO     src.poly_universe  Universe: 36 tradeable BTC/ETH markets (1 page(s), 36 BTC/ETH seen)
09:29:01 INFO     __main__  Universe refreshed: 36 markets
09:29:19 INFO     __main__  HEARTBEAT eval=0 signals=0 fills=0 arbs=0 arb-fills=0 no-spot=0 no-book=16328 warmup=0 markets=36 btcusdt[σ=0.052 iv=0.397 μ=+0.157] ethusdt[σ=0.074 iv=0.600 μ=+0.133] top-raw-gap=-1.000 ()
09:29:31 INFO     src.poly_universe  Universe: 36 tradeable BTC/ETH markets (1 page(s), 36 BTC/ETH seen)
09:29:31 INFO     __main__  Universe refreshed: 36 markets
09:29:49 INFO     __main__  HEARTBEAT eval=0 signals=0 fills=0 arbs=0 arb-fills=0 no-spot=0 no-book=13636 warmup=0 markets=36 btcusdt[σ=0.050 iv=0.397 μ=-0.112] ethusdt[σ=0.070 iv=0.600 μ=+0.118] top-raw-gap=-1.000 ()
09:30:01 INFO     src.poly_universe  Universe: 36 tradeable BTC/ETH markets (1 page(s), 36 BTC/ETH seen)
09:30:01 INFO     __main__  Universe refreshed: 36 markets
09:30:19 INFO     __main__  HEARTBEAT eval=0 signals=0 fills=0 arbs=0 arb-fills=0 no-spot=0 no-book=15456 warmup=0 markets=36 btcusdt[σ=0.050 iv=0.397 μ=+0.124] ethusdt[σ=0.061 iv=0.591 μ=+0.013] top-raw-gap=-1.000 ()
09:30:32 INFO     src.poly_universe  Universe: 36 tradeable BTC/ETH markets (1 page(s), 36 BTC/ETH seen)
09:30:32 INFO     __main__  Universe refreshed: 36 markets
09:30:49 INFO     __main__  HEARTBEAT eval=0 signals=0 fills=0 arbs=0 arb-fills=0 no-spot=0 no-book=20868 warmup=0 markets=36 btcusdt[σ=0.064 iv=0.397 μ=-0.120] ethusdt[σ=0.063 iv=0.591 μ=+0.018] top-raw-gap=-1.000 ()
09:31:02 INFO     src.poly_universe  Universe: 36 tradeable BTC/ETH markets (1 page(s), 36 BTC/ETH seen)
09:31:02 INFO     __main__  Universe refreshed: 36 markets
09:31:19 INFO     __main__  HEARTBEAT eval=0 signals=0 fills=0 arbs=0 arb-fills=0 no-spot=0 no-book=21528 warmup=0 markets=36 btcusdt[σ=0.061 iv=0.396 μ=+0.099] ethusdt[σ=0.072 iv=0.589 μ=+0.114] top-raw-gap=-1.000 ()
09:31:32 INFO     src.poly_universe  Universe: 36 tradeable BTC/ETH markets (1 page(s), 36 BTC/ETH seen)
09:31:32 INFO     __main__  Universe refreshed: 36 markets
09:31:49 INFO     __main__  HEARTBEAT eval=0 signals=0 fills=0 arbs=0 arb-fills=0 no-spot=0 no-book=26624 warmup=0 markets=36 btcusdt[σ=0.254 iv=0.396 μ=+0.144] ethusdt[σ=0.194 iv=0.589 μ=+0.030] top-raw-gap=-1.000 ()
09:32:02 INFO     src.poly_universe  Universe: 36 tradeable BTC/ETH markets (1 page(s), 36 BTC/ETH seen)
09:32:02 INFO     __main__  Universe refreshed: 36 markets
09:32:19 INFO     __main__  HEARTBEAT eval=0 signals=0 fills=0 arbs=0 arb-fills=0 no-spot=0 no-book=29044 warmup=0 markets=36 btcusdt[σ=0.170 iv=0.396 μ=-0.127] ethusdt[σ=0.141 iv=0.588 μ=-0.119] top-raw-gap=-1.000 ()
09:32:33 INFO     src.poly_universe  Universe: 36 tradeable BTC/ETH markets (1 page(s), 36 BTC/ETH seen)
09:32:33 INFO     __main__  Universe refreshed: 36 markets
09:32:49 INFO     __main__  HEARTBEAT eval=0 signals=0 fills=0 arbs=0 arb-fills=0 no-spot=0 no-book=16028 warmup=0 markets=36 btcusdt[σ=0.103 iv=0.396 μ=-0.142] ethusdt[σ=0.109 iv=0.588 μ=+0.002] top-raw-gap=-1.000 ()
09:33:07 INFO     src.poly_universe  Universe: 36 tradeable BTC/ETH markets (1 page(s), 36 BTC/ETH seen)
09:33:07 INFO     __main__  Universe refreshed: 36 markets
09:33:24 INFO     __main__  HEARTBEAT eval=0 signals=0 fills=0 arbs=0 arb-fills=0 no-spot=0 no-book=24280 warmup=0 markets=36 btcusdt[σ=0.091 iv=0.396 μ=-0.179] ethusdt[σ=0.091 iv=0.587 μ=+0.003] top-raw-gap=-1.000 ()
09:33:31 WARNING  src.poly_ws  Polymarket WS closed (no close frame received or sent), reconnecting in 1.0s
09:33:33 INFO     src.poly_ws  Polymarket WS connected: wss://ws-subscriptions-clob.polymarket.com/ws/market
09:33:37 INFO     src.poly_universe  Universe: 36 tradeable BTC/ETH markets (1 page(s), 36 BTC/ETH seen)
09:33:37 INFO     __main__  Universe refreshed: 36 markets
09:33:54 INFO     __main__  HEARTBEAT eval=1614 signals=0 fills=0 arbs=0 arb-fills=0 no-spot=0 no-book=13942 warmup=0 markets=36 btcusdt[σ=0.064 iv=0.396 μ=-0.069] ethusdt[σ=0.065 iv=0.587 μ=-0.062] top-raw-gap=-1.000 ()
09:34:07 INFO     src.poly_universe  Universe: 36 tradeable BTC/ETH markets (1 page(s), 36 BTC/ETH seen)
09:34:07 INFO     __main__  Universe refreshed: 36 markets
09:34:24 INFO     __main__  HEARTBEAT eval=0 signals=0 fills=0 arbs=0 arb-fills=0 no-spot=0 no-book=20164 warmup=0 markets=36 btcusdt[σ=0.053 iv=0.396 μ=-0.177] ethusdt[σ=0.068 iv=0.587 μ=-0.150] top-raw-gap=-1.000 ()
09:34:37 INFO     src.poly_universe  Universe: 36 tradeable BTC/ETH markets (1 page(s), 36 BTC/ETH seen)
09:34:37 INFO     __main__  Universe refreshed: 36 markets
09:34:54 INFO     __main__  HEARTBEAT eval=0 signals=0 fills=0 arbs=0 arb-fills=0 no-spot=0 no-book=19052 warmup=0 markets=36 btcusdt[σ=0.051 iv=0.396 μ=-0.004] ethusdt[σ=0.078 iv=0.587 μ=+0.100] top-raw-gap=-1.000 ()
09:35:07 INFO     src.poly_universe  Universe: 36 tradeable BTC/ETH markets (1 page(s), 36 BTC/ETH seen)
09:35:07 INFO     __main__  Universe refreshed: 36 markets
09:35:24 INFO     __main__  HEARTBEAT eval=0 signals=0 fills=0 arbs=0 arb-fills=0 no-spot=0 no-book=17468 warmup=0 markets=36 btcusdt[σ=0.050 iv=0.396 μ=-0.014] ethusdt[σ=0.063 iv=0.586 μ=+0.089] top-raw-gap=-1.000 ()
09:35:37 INFO     src.poly_universe  Universe: 36 tradeable BTC/ETH markets (1 page(s), 36 BTC/ETH seen)
09:35:37 INFO     __main__  Universe refreshed: 36 markets
09:35:54 INFO     __main__  HEARTBEAT eval=0 signals=0 fills=0 arbs=0 arb-fills=0 no-spot=0 no-book=17580 warmup=0 markets=36 btcusdt[σ=0.050 iv=0.396 μ=+0.114] ethusdt[σ=0.058 iv=0.586 μ=+0.178] top-raw-gap=-1.000 ()
09:36:08 INFO     src.poly_universe  Universe: 36 tradeable BTC/ETH markets (1 page(s), 36 BTC/ETH seen)
09:36:08 INFO     __main__  Universe refreshed: 36 markets
09:36:24 INFO     __main__  HEARTBEAT eval=0 signals=0 fills=0 arbs=0 arb-fills=0 no-spot=0 no-book=11676 warmup=0 markets=36 btcusdt[σ=0.050 iv=0.396 μ=-0.076] ethusdt[σ=0.050 iv=0.585 μ=+0.170] top-raw-gap=-1.000 ()
09:36:38 INFO     src.poly_universe  Universe: 36 tradeable BTC/ETH markets (1 page(s), 36 BTC/ETH seen)
09:36:38 INFO     __main__  Universe refreshed: 36 markets
09:36:54 INFO     __main__  HEARTBEAT eval=0 signals=0 fills=0 arbs=0 arb-fills=0 no-spot=0 no-book=16808 warmup=0 markets=36 btcusdt[σ=0.056 iv=0.396 μ=+0.023] ethusdt[σ=0.065 iv=0.585 μ=+0.076] top-raw-gap=-1.000 ()
09:37:08 INFO     src.poly_universe  Universe: 36 tradeable BTC/ETH markets (1 page(s), 36 BTC/ETH seen)
09:37:08 INFO     __main__  Universe refreshed: 36 markets
09:37:24 INFO     __main__  HEARTBEAT eval=0 signals=0 fills=0 arbs=0 arb-fills=0 no-spot=0 no-book=20408 warmup=0 markets=36 btcusdt[σ=0.069 iv=0.396 μ=-0.006] ethusdt[σ=0.081 iv=0.584 μ=+0.024] top-raw-gap=-1.000 ()
09:37:38 INFO     src.poly_universe  Universe: 36 tradeable BTC/ETH markets (1 page(s), 36 BTC/ETH seen)
09:37:38 INFO     __main__  Universe refreshed: 36 markets
09:37:54 INFO     __main__  HEARTBEAT eval=0 signals=0 fills=0 arbs=0 arb-fills=0 no-spot=0 no-book=17644 warmup=0 markets=36 btcusdt[σ=0.059 iv=0.396 μ=+0.056] ethusdt[σ=0.087 iv=0.584 μ=+0.067] top-raw-gap=-1.000 ()
09:38:08 INFO     src.poly_universe  Universe: 36 tradeable BTC/ETH markets (1 page(s), 36 BTC/ETH seen)
09:38:08 INFO     __main__  Universe refreshed: 36 markets
09:38:24 INFO     __main__  HEARTBEAT eval=0 signals=0 fills=0 arbs=0 arb-fills=0 no-spot=0 no-book=21052 warmup=0 markets=36 btcusdt[σ=0.067 iv=0.396 μ=+0.125] ethusdt[σ=0.075 iv=0.584 μ=+0.020] top-raw-gap=-1.000 ()
09:38:38 INFO     src.poly_universe  Universe: 36 tradeable BTC/ETH markets (1 page(s), 36 BTC/ETH seen)
09:38:38 INFO     __main__  Universe refreshed: 36 markets
09:38:54 INFO     __main__  HEARTBEAT eval=0 signals=0 fills=0 arbs=0 arb-fills=0 no-spot=0 no-book=16836 warmup=0 markets=36 btcusdt[σ=0.055 iv=0.396 μ=-0.038] ethusdt[σ=0.073 iv=0.584 μ=+0.009] top-raw-gap=-1.000 ()
09:39:09 INFO     src.poly_universe  Universe: 36 tradeable BTC/ETH markets (1 page(s), 36 BTC/ETH seen)
09:39:09 INFO     __main__  Universe refreshed: 36 markets
09:39:24 INFO     __main__  HEARTBEAT eval=0 signals=0 fills=0 arbs=0 arb-fills=0 no-spot=0 no-book=15996 warmup=0 markets=36 btcusdt[σ=0.050 iv=0.397 μ=-0.081] ethusdt[σ=0.058 iv=0.583 μ=-0.096] top-raw-gap=-1.000 ()
09:39:39 INFO     src.poly_universe  Universe: 36 tradeable BTC/ETH markets (1 page(s), 36 BTC/ETH seen)
09:39:39 INFO     __main__  Universe refreshed: 36 markets
09:39:54 INFO     __main__  HEARTBEAT eval=0 signals=0 fills=0 arbs=0 arb-fills=0 no-spot=0 no-book=16520 warmup=0 markets=36 btcusdt[σ=0.058 iv=0.397 μ=+0.023] ethusdt[σ=0.065 iv=0.583 μ=-0.025] top-raw-gap=-1.000 ()
09:40:09 INFO     src.poly_universe  Universe: 36 tradeable BTC/ETH markets (1 page(s), 36 BTC/ETH seen)
09:40:09 INFO     __main__  Universe refreshed: 36 markets
09:40:24 INFO     __main__  HEARTBEAT eval=0 signals=0 fills=0 arbs=0 arb-fills=0 no-spot=0 no-book=17652 warmup=0 markets=36 btcusdt[σ=0.050 iv=0.397 μ=-0.099] ethusdt[σ=0.089 iv=0.583 μ=-0.104] top-raw-gap=-1.000 ()
09:40:39 INFO     src.poly_universe  Universe: 36 tradeable BTC/ETH markets (1 page(s), 36 BTC/ETH seen)
09:40:39 INFO     __main__  Universe refreshed: 36 markets
09:40:54 INFO     __main__  HEARTBEAT eval=0 signals=0 fills=0 arbs=0 arb-fills=0 no-spot=0 no-book=18376 warmup=0 markets=36 btcusdt[σ=0.050 iv=0.397 μ=+0.119] ethusdt[σ=0.073 iv=0.583 μ=+0.055] top-raw-gap=-1.000 ()
09:41:09 INFO     src.poly_universe  Universe: 36 tradeable BTC/ETH markets (1 page(s), 36 BTC/ETH seen)
09:41:09 INFO     __main__  Universe refreshed: 36 markets
09:41:24 INFO     __main__  HEARTBEAT eval=0 signals=0 fills=0 arbs=0 arb-fills=0 no-spot=0 no-book=22212 warmup=0 markets=36 btcusdt[σ=0.050 iv=0.397 μ=+0.024] ethusdt[σ=0.083 iv=0.583 μ=+0.057] top-raw-gap=-1.000 ()
09:41:39 INFO     src.poly_universe  Universe: 36 tradeable BTC/ETH markets (1 page(s), 36 BTC/ETH seen)
09:41:39 INFO     __main__  Universe refreshed: 36 markets
09:41:54 INFO     __main__  HEARTBEAT eval=0 signals=0 fills=0 arbs=0 arb-fills=0 no-spot=0 no-book=18488 warmup=0 markets=36 btcusdt[σ=0.050 iv=0.397 μ=-0.151] ethusdt[σ=0.078 iv=0.583 μ=-0.045] top-raw-gap=-1.000 ()
09:42:09 INFO     src.poly_universe  Universe: 41 tradeable BTC/ETH markets (1 page(s), 41 BTC/ETH seen)
09:42:09 INFO     __main__  Universe refreshed: 41 markets
09:42:24 INFO     __main__  HEARTBEAT eval=0 signals=0 fills=0 arbs=0 arb-fills=0 no-spot=0 no-book=21712 warmup=0 markets=41 btcusdt[σ=0.074 iv=0.398 μ=-0.193] ethusdt[σ=0.085 iv=0.582 μ=-0.161] top-raw-gap=-1.000 ()
09:42:40 INFO     src.poly_universe  Universe: 54 tradeable BTC/ETH markets (1 page(s), 54 BTC/ETH seen)
09:42:40 INFO     __main__  Universe refreshed: 54 markets
09:42:55 INFO     __main__  HEARTBEAT eval=0 signals=0 fills=0 arbs=0 arb-fills=0 no-spot=0 no-book=27067 warmup=0 markets=54 btcusdt[σ=0.069 iv=0.398 μ=+0.004] ethusdt[σ=0.073 iv=0.582 μ=-0.025] top-raw-gap=-1.000 ()
09:43:10 INFO     src.poly_universe  Universe: 62 tradeable BTC/ETH markets (1 page(s), 62 BTC/ETH seen)
09:43:10 INFO     __main__  Universe refreshed: 62 markets
09:43:25 INFO     __main__  HEARTBEAT eval=0 signals=0 fills=0 arbs=0 arb-fills=0 no-spot=0 no-book=32177 warmup=0 markets=62 btcusdt[σ=0.063 iv=0.398 μ=+0.018] ethusdt[σ=0.066 iv=0.582 μ=-0.082] top-raw-gap=-1.000 ()
09:43:40 INFO     src.poly_universe  Universe: 70 tradeable BTC/ETH markets (1 page(s), 70 BTC/ETH seen)
09:43:40 INFO     __main__  Universe refreshed: 70 markets
09:43:55 INFO     __main__  HEARTBEAT eval=0 signals=0 fills=0 arbs=0 arb-fills=0 no-spot=0 no-book=32100 warmup=0 markets=70 btcusdt[σ=0.052 iv=0.398 μ=-0.167] ethusdt[σ=0.066 iv=0.582 μ=-0.079] top-raw-gap=-1.000 ()
09:44:10 INFO     src.poly_universe  Universe: 72 tradeable BTC/ETH markets (1 page(s), 72 BTC/ETH seen)
09:44:10 INFO     __main__  Universe refreshed: 72 markets
09:44:25 INFO     __main__  HEARTBEAT eval=0 signals=0 fills=0 arbs=0 arb-fills=0 no-spot=0 no-book=36018 warmup=0 markets=72 btcusdt[σ=0.050 iv=0.398 μ=-0.147] ethusdt[σ=0.057 iv=0.581 μ=-0.099] top-raw-gap=-1.000 ()
09:44:40 INFO     src.poly_universe  Universe: 72 tradeable BTC/ETH markets (1 page(s), 72 BTC/ETH seen)
09:44:40 INFO     __main__  Universe refreshed: 72 markets
09:44:55 INFO     __main__  HEARTBEAT eval=0 signals=0 fills=0 arbs=0 arb-fills=0 no-spot=0 no-book=30984 warmup=0 markets=72 btcusdt[σ=0.050 iv=0.398 μ=-0.129] ethusdt[σ=0.056 iv=0.581 μ=-0.139] top-raw-gap=-1.000 ()
09:45:10 INFO     src.poly_universe  Universe: 72 tradeable BTC/ETH markets (1 page(s), 72 BTC/ETH seen)
09:45:10 INFO     __main__  Universe refreshed: 72 markets
09:45:25 INFO     __main__  HEARTBEAT eval=0 signals=0 fills=0 arbs=0 arb-fills=0 no-spot=0 no-book=40072 warmup=0 markets=72 btcusdt[σ=0.050 iv=0.398 μ=-0.175] ethusdt[σ=0.057 iv=0.581 μ=+0.001] top-raw-gap=-1.000 ()
09:45:41 INFO     src.poly_universe  Universe: 72 tradeable BTC/ETH markets (1 page(s), 72 BTC/ETH seen)
09:45:41 INFO     __main__  Universe refreshed: 72 markets
09:45:55 INFO     __main__  HEARTBEAT eval=0 signals=0 fills=0 arbs=0 arb-fills=0 no-spot=0 no-book=35352 warmup=0 markets=72 btcusdt[σ=0.050 iv=0.398 μ=+0.096] ethusdt[σ=0.050 iv=0.581 μ=-0.183] top-raw-gap=-1.000 ()
09:46:11 INFO     src.poly_universe  Universe: 72 tradeable BTC/ETH markets (1 page(s), 72 BTC/ETH seen)
09:46:11 INFO     __main__  Universe refreshed: 72 markets
09:46:25 INFO     __main__  HEARTBEAT eval=0 signals=0 fills=0 arbs=0 arb-fills=0 no-spot=0 no-book=32160 warmup=0 markets=72 btcusdt[σ=0.050 iv=0.398 μ=+0.105] ethusdt[σ=0.076 iv=0.581 μ=-0.061] top-raw-gap=-1.000 ()
09:46:41 INFO     src.poly_universe  Universe: 72 tradeable BTC/ETH markets (1 page(s), 72 BTC/ETH seen)
09:46:41 INFO     __main__  Universe refreshed: 72 markets
09:46:55 INFO     __main__  HEARTBEAT eval=0 signals=0 fills=0 arbs=0 arb-fills=0 no-spot=0 no-book=25520 warmup=0 markets=72 btcusdt[σ=0.068 iv=0.398 μ=+0.091] ethusdt[σ=0.077 iv=0.581 μ=-0.003] top-raw-gap=-1.000 ()
09:47:11 INFO     src.poly_universe  Universe: 72 tradeable BTC/ETH markets (1 page(s), 72 BTC/ETH seen)
09:47:11 INFO     __main__  Universe refreshed: 72 markets
09:47:25 INFO     __main__  HEARTBEAT eval=0 signals=0 fills=0 arbs=0 arb-fills=0 no-spot=0 no-book=30592 warmup=0 markets=72 btcusdt[σ=0.050 iv=0.398 μ=-0.128] ethusdt[σ=0.062 iv=0.580 μ=+0.067] top-raw-gap=-1.000 ()
09:47:41 INFO     src.poly_universe  Universe: 72 tradeable BTC/ETH markets (1 page(s), 72 BTC/ETH seen)
09:47:41 INFO     __main__  Universe refreshed: 72 markets
09:47:55 INFO     __main__  HEARTBEAT eval=0 signals=0 fills=0 arbs=0 arb-fills=0 no-spot=0 no-book=28696 warmup=0 markets=72 btcusdt[σ=0.050 iv=0.398 μ=+0.011] ethusdt[σ=0.050 iv=0.580 μ=+0.042] top-raw-gap=-1.000 ()
09:48:11 INFO     src.poly_universe  Universe: 72 tradeable BTC/ETH markets (1 page(s), 72 BTC/ETH seen)
09:48:11 INFO     __main__  Universe refreshed: 72 markets
09:48:25 INFO     __main__  HEARTBEAT eval=0 signals=0 fills=0 arbs=0 arb-fills=0 no-spot=0 no-book=27192 warmup=0 markets=72 btcusdt[σ=0.050 iv=0.398 μ=-0.182] ethusdt[σ=0.050 iv=0.580 μ=-0.124] top-raw-gap=-1.000 ()
09:48:41 INFO     src.poly_universe  Universe: 72 tradeable BTC/ETH markets (1 page(s), 72 BTC/ETH seen)
09:48:41 INFO     __main__  Universe refreshed: 72 markets
09:48:55 INFO     __main__  HEARTBEAT eval=0 signals=0 fills=0 arbs=0 arb-fills=0 no-spot=0 no-book=28904 warmup=0 markets=72 btcusdt[σ=0.050 iv=0.398 μ=+0.020] ethusdt[σ=0.201 iv=0.580 μ=+0.119] top-raw-gap=-1.000 ()
09:49:12 INFO     src.poly_universe  Universe: 72 tradeable BTC/ETH markets (1 page(s), 72 BTC/ETH seen)
09:49:12 INFO     __main__  Universe refreshed: 72 markets
09:49:25 INFO     __main__  HEARTBEAT eval=0 signals=0 fills=0 arbs=0 arb-fills=0 no-spot=0 no-book=24552 warmup=0 markets=72 btcusdt[σ=0.050 iv=0.398 μ=-0.173] ethusdt[σ=0.119 iv=0.580 μ=-0.150] top-raw-gap=-1.000 ()
09:49:42 INFO     src.poly_universe  Universe: 72 tradeable BTC/ETH markets (1 page(s), 72 BTC/ETH seen)
09:49:42 INFO     __main__  Universe refreshed: 72 markets
09:49:55 INFO     __main__  HEARTBEAT eval=0 signals=0 fills=0 arbs=0 arb-fills=0 no-spot=0 no-book=28528 warmup=0 markets=72 btcusdt[σ=0.050 iv=0.398 μ=-0.148] ethusdt[σ=0.078 iv=0.580 μ=-0.129] top-raw-gap=-1.000 ()
09:50:12 INFO     src.poly_universe  Universe: 72 tradeable BTC/ETH markets (1 page(s), 72 BTC/ETH seen)
09:50:12 INFO     __main__  Universe refreshed: 72 markets
09:50:25 INFO     __main__  HEARTBEAT eval=0 signals=0 fills=0 arbs=0 arb-fills=0 no-spot=0 no-book=33864 warmup=0 markets=72 btcusdt[σ=0.050 iv=0.398 μ=-0.113] ethusdt[σ=0.063 iv=0.580 μ=-0.115] top-raw-gap=-1.000 ()
09:50:42 INFO     src.poly_universe  Universe: 72 tradeable BTC/ETH markets (1 page(s), 72 BTC/ETH seen)
09:50:42 INFO     __main__  Universe refreshed: 72 markets
09:50:56 INFO     __main__  HEARTBEAT eval=0 signals=0 fills=0 arbs=0 arb-fills=0 no-spot=0 no-book=28552 warmup=0 markets=72 btcusdt[σ=0.050 iv=0.398 μ=-0.183] ethusdt[σ=0.050 iv=0.580 μ=-0.182] top-raw-gap=-1.000 ()
09:51:12 INFO     src.poly_universe  Universe: 72 tradeable BTC/ETH markets (1 page(s), 72 BTC/ETH seen)
09:51:12 INFO     __main__  Universe refreshed: 72 markets
09:51:26 INFO     __main__  HEARTBEAT eval=0 signals=0 fills=0 arbs=0 arb-fills=0 no-spot=0 no-book=28456 warmup=0 markets=72 btcusdt[σ=0.050 iv=0.398 μ=-0.120] ethusdt[σ=0.050 iv=0.580 μ=+0.091] top-raw-gap=-1.000 ()
09:51:42 INFO     src.poly_universe  Universe: 72 tradeable BTC/ETH markets (1 page(s), 72 BTC/ETH seen)
09:51:42 INFO     __main__  Universe refreshed: 72 markets
09:51:56 INFO     __main__  HEARTBEAT eval=0 signals=0 fills=0 arbs=0 arb-fills=0 no-spot=0 no-book=25808 warmup=0 markets=72 btcusdt[σ=0.052 iv=0.398 μ=-0.075] ethusdt[σ=0.055 iv=0.580 μ=-0.103] top-raw-gap=-1.000 ()
09:52:12 INFO     src.poly_universe  Universe: 72 tradeable BTC/ETH markets (1 page(s), 72 BTC/ETH seen)
09:52:12 INFO     __main__  Universe refreshed: 72 markets
09:52:26 INFO     __main__  HEARTBEAT eval=0 signals=0 fills=0 arbs=0 arb-fills=0 no-spot=0 no-book=26976 warmup=0 markets=72 btcusdt[σ=0.079 iv=0.398 μ=+0.145] ethusdt[σ=0.083 iv=0.580 μ=+0.051] top-raw-gap=-1.000 ()
09:52:43 INFO     src.poly_universe  Universe: 72 tradeable BTC/ETH markets (1 page(s), 72 BTC/ETH seen)
09:52:43 INFO     __main__  Universe refreshed: 72 markets
09:52:56 INFO     __main__  HEARTBEAT eval=0 signals=0 fills=0 arbs=0 arb-fills=0 no-spot=0 no-book=32488 warmup=0 markets=72 btcusdt[σ=0.050 iv=0.398 μ=+0.028] ethusdt[σ=0.061 iv=0.580 μ=-0.152] top-raw-gap=-1.000 ()
09:53:13 INFO     src.poly_universe  Universe: 72 tradeable BTC/ETH markets (1 page(s), 72 BTC/ETH seen)
09:53:13 INFO     __main__  Universe refreshed: 72 markets
09:53:26 INFO     __main__  HEARTBEAT eval=0 signals=0 fills=0 arbs=0 arb-fills=0 no-spot=0 no-book=48456 warmup=0 markets=72 btcusdt[σ=0.099 iv=0.398 μ=-0.169] ethusdt[σ=0.104 iv=0.580 μ=-0.093] top-raw-gap=-1.000 ()
09:53:43 INFO     src.poly_universe  Universe: 72 tradeable BTC/ETH markets (1 page(s), 72 BTC/ETH seen)
09:53:43 INFO     __main__  Universe refreshed: 72 markets
09:53:56 INFO     __main__  HEARTBEAT eval=0 signals=0 fills=0 arbs=0 arb-fills=0 no-spot=0 no-book=39769 warmup=0 markets=72 btcusdt[σ=0.084 iv=0.398 μ=-0.192] ethusdt[σ=0.115 iv=0.580 μ=+0.068] top-raw-gap=-1.000 ()
09:54:11 WARNING  src.poly_ws  Polymarket WS closed (no close frame received or sent), reconnecting in 1.0s
09:54:12 INFO     src.poly_ws  Polymarket WS connected: wss://ws-subscriptions-clob.polymarket.com/ws/market
09:54:13 INFO     src.poly_universe  Universe: 72 tradeable BTC/ETH markets (1 page(s), 72 BTC/ETH seen)
09:54:13 INFO     __main__  Universe refreshed: 72 markets
09:54:26 INFO     __main__  HEARTBEAT eval=4697 signals=0 fills=0 arbs=0 arb-fills=0 no-spot=0 no-book=52837 warmup=0 markets=72 btcusdt[σ=0.073 iv=0.397 μ=-0.095] ethusdt[σ=0.108 iv=0.580 μ=-0.143] top-raw-gap=-1.000 ()
09:54:43 INFO     src.poly_universe  Universe: 72 tradeable BTC/ETH markets (1 page(s), 72 BTC/ETH seen)
09:54:43 INFO     __main__  Universe refreshed: 72 markets
09:54:56 INFO     __main__  HEARTBEAT eval=0 signals=0 fills=0 arbs=0 arb-fills=0 no-spot=0 no-book=54696 warmup=0 markets=72 btcusdt[σ=0.072 iv=0.397 μ=+0.141] ethusdt[σ=0.095 iv=0.580 μ=+0.084] top-raw-gap=-1.000 ()
09:55:13 INFO     src.poly_universe  Universe: 72 tradeable BTC/ETH markets (1 page(s), 72 BTC/ETH seen)
09:55:13 INFO     __main__  Universe refreshed: 72 markets
09:55:26 INFO     __main__  HEARTBEAT eval=98 signals=0 fills=0 arbs=0 arb-fills=0 no-spot=0 no-book=34951 warmup=0 markets=72 btcusdt[σ=0.056 iv=0.397 μ=+0.023] ethusdt[σ=0.062 iv=0.580 μ=-0.159] top-raw-gap=-1.000 ()
09:55:44 INFO     src.poly_universe  Universe: 72 tradeable BTC/ETH markets (1 page(s), 72 BTC/ETH seen)
09:55:44 INFO     __main__  Universe refreshed: 72 markets
09:55:56 INFO     __main__  HEARTBEAT eval=0 signals=0 fills=0 arbs=0 arb-fills=0 no-spot=0 no-book=21408 warmup=0 markets=72 btcusdt[σ=0.050 iv=0.397 μ=+0.020] ethusdt[σ=0.050 iv=0.580 μ=-0.165] top-raw-gap=-1.000 ()
09:56:14 INFO     src.poly_universe  Universe: 72 tradeable BTC/ETH markets (1 page(s), 72 BTC/ETH seen)
09:56:14 INFO     __main__  Universe refreshed: 72 markets
09:56:26 INFO     __main__  HEARTBEAT eval=0 signals=0 fills=0 arbs=0 arb-fills=0 no-spot=0 no-book=39088 warmup=0 markets=72 btcusdt[σ=0.050 iv=0.398 μ=+0.098] ethusdt[σ=0.050 iv=0.580 μ=+0.024] top-raw-gap=-1.000 ()
09:56:44 INFO     src.poly_universe  Universe: 72 tradeable BTC/ETH markets (1 page(s), 72 BTC/ETH seen)
09:56:44 INFO     __main__  Universe refreshed: 72 markets
09:56:56 INFO     __main__  HEARTBEAT eval=0 signals=0 fills=0 arbs=0 arb-fills=0 no-spot=0 no-book=30832 warmup=0 markets=72 btcusdt[σ=0.050 iv=0.398 μ=-0.118] ethusdt[σ=0.062 iv=0.580 μ=+0.035] top-raw-gap=-1.000 ()
09:57:14 INFO     src.poly_universe  Universe: 72 tradeable BTC/ETH markets (1 page(s), 72 BTC/ETH seen)
09:57:14 INFO     __main__  Universe refreshed: 72 markets
09:57:26 INFO     __main__  HEARTBEAT eval=0 signals=0 fills=0 arbs=0 arb-fills=0 no-spot=0 no-book=22816 warmup=0 markets=72 btcusdt[σ=0.050 iv=0.398 μ=+0.015] ethusdt[σ=0.057 iv=0.580 μ=+0.148] top-raw-gap=-1.000 ()
09:57:44 INFO     src.poly_universe  Universe: 72 tradeable BTC/ETH markets (1 page(s), 72 BTC/ETH seen)
09:57:44 INFO     __main__  Universe refreshed: 72 markets
09:57:56 INFO     __main__  HEARTBEAT eval=0 signals=0 fills=0 arbs=0 arb-fills=0 no-spot=0 no-book=23424 warmup=0 markets=72 btcusdt[σ=0.050 iv=0.398 μ=-0.046] ethusdt[σ=0.067 iv=0.580 μ=-0.173] top-raw-gap=-1.000 ()
09:58:14 INFO     src.poly_universe  Universe: 72 tradeable BTC/ETH markets (1 page(s), 72 BTC/ETH seen)
09:58:14 INFO     __main__  Universe refreshed: 72 markets
09:58:26 INFO     __main__  HEARTBEAT eval=0 signals=0 fills=0 arbs=0 arb-fills=0 no-spot=0 no-book=24008 warmup=0 markets=72 btcusdt[σ=0.050 iv=0.398 μ=-0.113] ethusdt[σ=0.055 iv=0.580 μ=+0.033] top-raw-gap=-1.000 ()
09:58:44 INFO     src.poly_universe  Universe: 72 tradeable BTC/ETH markets (1 page(s), 72 BTC/ETH seen)
09:58:44 INFO     __main__  Universe refreshed: 72 markets
09:58:57 INFO     __main__  HEARTBEAT eval=0 signals=0 fills=0 arbs=0 arb-fills=0 no-spot=0 no-book=30952 warmup=0 markets=72 btcusdt[σ=0.050 iv=0.398 μ=+0.125] ethusdt[σ=0.061 iv=0.580 μ=-0.089] top-raw-gap=-1.000 ()
09:59:15 INFO     src.poly_universe  Universe: 36 tradeable BTC/ETH markets (1 page(s), 72 BTC/ETH seen)
09:59:15 INFO     __main__  Universe refreshed: 36 markets
09:59:27 INFO     __main__  HEARTBEAT eval=0 signals=0 fills=0 arbs=0 arb-fills=0 no-spot=0 no-book=24160 warmup=0 markets=36 btcusdt[σ=0.050 iv=0.352 μ=-0.119] ethusdt[σ=0.062 iv=0.487 μ=-0.133] top-raw-gap=-1.000 ()
09:59:45 INFO     src.poly_universe  Universe: 36 tradeable BTC/ETH markets (1 page(s), 72 BTC/ETH seen)
09:59:45 INFO     __main__  Universe refreshed: 36 markets
09:59:57 INFO     __main__  HEARTBEAT eval=0 signals=0 fills=0 arbs=0 arb-fills=0 no-spot=0 no-book=11632 warmup=0 markets=36 btcusdt[σ=0.050 iv=0.352 μ=-0.007] ethusdt[σ=0.050 iv=0.487 μ=-0.192] top-raw-gap=-1.000 ()
10:00:15 INFO     src.poly_universe  Universe: 36 tradeable BTC/ETH markets (1 page(s), 72 BTC/ETH seen)
10:00:15 INFO     __main__  Universe refreshed: 36 markets
10:00:27 INFO     __main__  HEARTBEAT eval=0 signals=0 fills=0 arbs=0 arb-fills=0 no-spot=0 no-book=21680 warmup=0 markets=36 btcusdt[σ=0.077 iv=0.352 μ=+0.035] ethusdt[σ=0.098 iv=0.486 μ=-0.023] top-raw-gap=-1.000 ()
10:00:45 INFO     src.poly_universe  Universe: 36 tradeable BTC/ETH markets (1 page(s), 72 BTC/ETH seen)
10:00:45 INFO     __main__  Universe refreshed: 36 markets
10:00:57 INFO     __main__  HEARTBEAT eval=25 signals=0 fills=0 arbs=0 arb-fills=0 no-spot=0 no-book=21971 warmup=0 markets=36 btcusdt[σ=0.093 iv=0.352 μ=-0.127] ethusdt[σ=0.090 iv=0.486 μ=-0.070] top-raw-gap=0.344 (Ethereum above 1,730 on June 22, 5AM ET?)
10:01:15 INFO     src.poly_universe  Universe: 36 tradeable BTC/ETH markets (1 page(s), 72 BTC/ETH seen)
10:01:15 INFO     __main__  Universe refreshed: 36 markets
10:01:27 INFO     __main__  HEARTBEAT eval=25 signals=0 fills=0 arbs=0 arb-fills=0 no-spot=0 no-book=20427 warmup=0 markets=36 btcusdt[σ=0.085 iv=0.351 μ=-0.072] ethusdt[σ=0.106 iv=0.487 μ=+0.058] top-raw-gap=-1.000 ()
10:01:45 INFO     src.poly_universe  Universe: 36 tradeable BTC/ETH markets (1 page(s), 72 BTC/ETH seen)
10:01:45 INFO     __main__  Universe refreshed: 36 markets
10:01:57 INFO     __main__  HEARTBEAT eval=0 signals=0 fills=0 arbs=0 arb-fills=0 no-spot=0 no-book=15428 warmup=0 markets=36 btcusdt[σ=0.080 iv=0.351 μ=-0.118] ethusdt[σ=0.091 iv=0.487 μ=-0.103] top-raw-gap=-1.000 ()
10:02:15 INFO     src.poly_universe  Universe: 36 tradeable BTC/ETH markets (1 page(s), 72 BTC/ETH seen)
10:02:15 INFO     __main__  Universe refreshed: 36 markets
10:02:27 INFO     __main__  HEARTBEAT eval=0 signals=0 fills=0 arbs=0 arb-fills=0 no-spot=0 no-book=13680 warmup=0 markets=36 btcusdt[σ=0.064 iv=0.350 μ=+0.130] ethusdt[σ=0.102 iv=0.486 μ=-0.029] top-raw-gap=-1.000 ()
10:02:46 INFO     src.poly_universe  Universe: 36 tradeable BTC/ETH markets (1 page(s), 72 BTC/ETH seen)
10:02:46 INFO     __main__  Universe refreshed: 36 markets
10:02:57 INFO     __main__  HEARTBEAT eval=0 signals=0 fills=0 arbs=0 arb-fills=0 no-spot=0 no-book=20060 warmup=0 markets=36 btcusdt[σ=0.084 iv=0.350 μ=-0.173] ethusdt[σ=0.089 iv=0.486 μ=-0.198] top-raw-gap=-1.000 ()
10:03:16 INFO     src.poly_universe  Universe: 36 tradeable BTC/ETH markets (1 page(s), 72 BTC/ETH seen)
10:03:16 INFO     __main__  Universe refreshed: 36 markets
10:03:27 INFO     __main__  HEARTBEAT eval=0 signals=0 fills=0 arbs=0 arb-fills=0 no-spot=0 no-book=21548 warmup=0 markets=36 btcusdt[σ=0.069 iv=0.348 μ=-0.047] ethusdt[σ=0.104 iv=0.486 μ=-0.101] top-raw-gap=-1.000 ()
10:03:46 INFO     src.poly_universe  Universe: 36 tradeable BTC/ETH markets (1 page(s), 72 BTC/ETH seen)
10:03:46 INFO     __main__  Universe refreshed: 36 markets
10:03:58 INFO     __main__  HEARTBEAT eval=0 signals=0 fills=0 arbs=0 arb-fills=0 no-spot=0 no-book=17548 warmup=0 markets=36 btcusdt[σ=0.077 iv=0.348 μ=+0.035] ethusdt[σ=0.124 iv=0.486 μ=-0.175] top-raw-gap=-1.000 ()
10:04:13 WARNING  src.poly_ws  Polymarket WS closed (no close frame received or sent), reconnecting in 1.0s
10:04:14 INFO     src.poly_ws  Polymarket WS connected: wss://ws-subscriptions-clob.polymarket.com/ws/market
10:04:16 INFO     src.poly_universe  Universe: 36 tradeable BTC/ETH markets (1 page(s), 72 BTC/ETH seen)
10:04:16 INFO     __main__  Universe refreshed: 36 markets
10:04:28 INFO     __main__  HEARTBEAT eval=1353 signals=0 fills=0 arbs=0 arb-fills=0 no-spot=0 no-book=14481 warmup=0 markets=36 btcusdt[σ=0.068 iv=0.346 μ=-0.148] ethusdt[σ=0.092 iv=0.486 μ=-0.048] top-raw-gap=-1.000 ()
10:04:46 INFO     src.poly_universe  Universe: 36 tradeable BTC/ETH markets (1 page(s), 72 BTC/ETH seen)
10:04:46 INFO     __main__  Universe refreshed: 36 markets
10:04:58 INFO     __main__  HEARTBEAT eval=0 signals=0 fills=0 arbs=0 arb-fills=0 no-spot=0 no-book=14200 warmup=0 markets=36 btcusdt[σ=0.058 iv=0.346 μ=-0.172] ethusdt[σ=0.077 iv=0.486 μ=-0.137] top-raw-gap=-1.000 ()
10:05:16 INFO     src.poly_universe  Universe: 36 tradeable BTC/ETH markets (1 page(s), 72 BTC/ETH seen)
10:05:16 INFO     __main__  Universe refreshed: 36 markets
10:05:28 INFO     __main__  HEARTBEAT eval=0 signals=0 fills=0 arbs=0 arb-fills=0 no-spot=0 no-book=19236 warmup=0 markets=36 btcusdt[σ=0.081 iv=0.341 μ=-0.124] ethusdt[σ=0.129 iv=0.486 μ=-0.047] top-raw-gap=-1.000 ()
10:05:46 INFO     src.poly_universe  Universe: 36 tradeable BTC/ETH markets (1 page(s), 72 BTC/ETH seen)
10:05:46 INFO     __main__  Universe refreshed: 36 markets
10:05:58 INFO     __main__  HEARTBEAT eval=0 signals=0 fills=0 arbs=0 arb-fills=0 no-spot=0 no-book=13924 warmup=0 markets=36 btcusdt[σ=0.069 iv=0.341 μ=+0.084] ethusdt[σ=0.089 iv=0.486 μ=+0.063] top-raw-gap=-1.000 ()
10:06:17 INFO     src.poly_universe  Universe: 36 tradeable BTC/ETH markets (1 page(s), 72 BTC/ETH seen)
10:06:17 INFO     __main__  Universe refreshed: 36 markets
10:06:28 INFO     __main__  HEARTBEAT eval=0 signals=0 fills=0 arbs=0 arb-fills=0 no-spot=0 no-book=18688 warmup=0 markets=36 btcusdt[σ=0.066 iv=0.339 μ=-0.144] ethusdt[σ=0.078 iv=0.486 μ=+0.064] top-raw-gap=-1.000 ()
10:06:47 INFO     src.poly_universe  Universe: 36 tradeable BTC/ETH markets (1 page(s), 72 BTC/ETH seen)
10:06:47 INFO     __main__  Universe refreshed: 36 markets
10:06:58 INFO     __main__  HEARTBEAT eval=0 signals=0 fills=0 arbs=0 arb-fills=0 no-spot=0 no-book=12756 warmup=0 markets=36 btcusdt[σ=0.056 iv=0.339 μ=-0.108] ethusdt[σ=0.062 iv=0.486 μ=+0.066] top-raw-gap=-1.000 ()
10:07:17 INFO     src.poly_universe  Universe: 36 tradeable BTC/ETH markets (1 page(s), 72 BTC/ETH seen)
10:07:17 INFO     __main__  Universe refreshed: 36 markets
10:07:28 INFO     __main__  HEARTBEAT eval=0 signals=0 fills=0 arbs=0 arb-fills=0 no-spot=0 no-book=15024 warmup=0 markets=36 btcusdt[σ=0.068 iv=0.337 μ=+0.053] ethusdt[σ=0.069 iv=0.486 μ=+0.029] top-raw-gap=-1.000 ()
10:07:47 INFO     src.poly_universe  Universe: 36 tradeable BTC/ETH markets (1 page(s), 72 BTC/ETH seen)
10:07:47 INFO     __main__  Universe refreshed: 36 markets
10:07:58 INFO     __main__  HEARTBEAT eval=0 signals=0 fills=0 arbs=0 arb-fills=0 no-spot=0 no-book=22264 warmup=0 markets=36 btcusdt[σ=0.092 iv=0.337 μ=+0.145] ethusdt[σ=0.086 iv=0.486 μ=+0.176] top-raw-gap=-1.000 ()
10:08:17 INFO     src.poly_universe  Universe: 36 tradeable BTC/ETH markets (1 page(s), 72 BTC/ETH seen)
10:08:17 INFO     __main__  Universe refreshed: 36 markets
10:08:28 INFO     __main__  HEARTBEAT eval=0 signals=0 fills=0 arbs=0 arb-fills=0 no-spot=0 no-book=24940 warmup=0 markets=36 btcusdt[σ=0.094 iv=0.335 μ=-0.153] ethusdt[σ=0.106 iv=0.486 μ=-0.037] top-raw-gap=-1.000 ()
10:08:47 INFO     src.poly_universe  Universe: 36 tradeable BTC/ETH markets (1 page(s), 72 BTC/ETH seen)
10:08:47 INFO     __main__  Universe refreshed: 36 markets
10:08:58 INFO     __main__  HEARTBEAT eval=0 signals=0 fills=0 arbs=0 arb-fills=0 no-spot=0 no-book=14728 warmup=0 markets=36 btcusdt[σ=0.074 iv=0.335 μ=+0.078] ethusdt[σ=0.082 iv=0.486 μ=+0.012] top-raw-gap=-1.000 ()
10:09:18 INFO     src.poly_universe  Universe: 36 tradeable BTC/ETH markets (1 page(s), 72 BTC/ETH seen)
10:09:18 INFO     __main__  Universe refreshed: 36 markets
10:09:28 INFO     __main__  HEARTBEAT eval=0 signals=0 fills=0 arbs=0 arb-fills=0 no-spot=0 no-book=23208 warmup=0 markets=36 btcusdt[σ=0.087 iv=0.331 μ=+0.151] ethusdt[σ=0.111 iv=0.486 μ=+0.100] top-raw-gap=-1.000 ()
10:09:48 INFO     src.poly_universe  Universe: 36 tradeable BTC/ETH markets (1 page(s), 72 BTC/ETH seen)
10:09:48 INFO     __main__  Universe refreshed: 36 markets
10:09:58 INFO     __main__  HEARTBEAT eval=0 signals=0 fills=0 arbs=0 arb-fills=0 no-spot=0 no-book=24156 warmup=0 markets=36 btcusdt[σ=0.108 iv=0.331 μ=+0.034] ethusdt[σ=0.129 iv=0.486 μ=+0.025] top-raw-gap=-1.000 ()
10:10:18 INFO     src.poly_universe  Universe: 36 tradeable BTC/ETH markets (1 page(s), 72 BTC/ETH seen)
10:10:18 INFO     __main__  Universe refreshed: 36 markets
10:10:28 INFO     __main__  HEARTBEAT eval=0 signals=0 fills=0 arbs=0 arb-fills=0 no-spot=0 no-book=20724 warmup=0 markets=36 btcusdt[σ=0.082 iv=0.329 μ=-0.164] ethusdt[σ=0.103 iv=0.486 μ=+0.046] top-raw-gap=-1.000 ()
10:10:48 INFO     src.poly_universe  Universe: 36 tradeable BTC/ETH markets (1 page(s), 72 BTC/ETH seen)
10:10:48 INFO     __main__  Universe refreshed: 36 markets
10:10:58 INFO     __main__  HEARTBEAT eval=0 signals=0 fills=0 arbs=0 arb-fills=0 no-spot=0 no-book=14104 warmup=0 markets=36 btcusdt[σ=0.141 iv=0.329 μ=-0.179] ethusdt[σ=0.086 iv=0.486 μ=-0.116] top-raw-gap=-1.000 ()
10:11:18 INFO     src.poly_universe  Universe: 36 tradeable BTC/ETH markets (1 page(s), 72 BTC/ETH seen)
10:11:18 INFO     __main__  Universe refreshed: 36 markets
10:11:28 INFO     __main__  HEARTBEAT eval=0 signals=0 fills=0 arbs=0 arb-fills=0 no-spot=0 no-book=17060 warmup=0 markets=36 btcusdt[σ=0.095 iv=0.327 μ=+0.180] ethusdt[σ=0.072 iv=0.486 μ=+0.118] top-raw-gap=-1.000 ()
10:11:48 INFO     src.poly_universe  Universe: 36 tradeable BTC/ETH markets (1 page(s), 72 BTC/ETH seen)
10:11:48 INFO     __main__  Universe refreshed: 36 markets
10:11:59 INFO     __main__  HEARTBEAT eval=0 signals=0 fills=0 arbs=0 arb-fills=0 no-spot=0 no-book=17472 warmup=0 markets=36 btcusdt[σ=0.076 iv=0.327 μ=-0.170] ethusdt[σ=0.083 iv=0.486 μ=-0.095] top-raw-gap=-1.000 ()
10:12:18 INFO     src.poly_universe  Universe: 36 tradeable BTC/ETH markets (1 page(s), 72 BTC/ETH seen)
10:12:18 INFO     __main__  Universe refreshed: 36 markets
10:12:29 INFO     __main__  HEARTBEAT eval=0 signals=0 fills=0 arbs=0 arb-fills=0 no-spot=0 no-book=19556 warmup=0 markets=36 btcusdt[σ=0.066 iv=0.325 μ=+0.089] ethusdt[σ=0.085 iv=0.486 μ=+0.155] top-raw-gap=-1.000 ()
10:12:49 INFO     src.poly_universe  Universe: 36 tradeable BTC/ETH markets (1 page(s), 72 BTC/ETH seen)
10:12:49 INFO     __main__  Universe refreshed: 36 markets
10:12:59 INFO     __main__  HEARTBEAT eval=0 signals=0 fills=0 arbs=0 arb-fills=0 no-spot=0 no-book=18028 warmup=0 markets=36 btcusdt[σ=0.062 iv=0.325 μ=-0.067] ethusdt[σ=0.078 iv=0.486 μ=+0.125] top-raw-gap=-1.000 ()
10:13:19 INFO     src.poly_universe  Universe: 36 tradeable BTC/ETH markets (1 page(s), 36 BTC/ETH seen)
10:13:19 INFO     __main__  Universe refreshed: 36 markets
10:13:29 INFO     __main__  HEARTBEAT eval=0 signals=0 fills=0 arbs=0 arb-fills=0 no-spot=0 no-book=18772 warmup=0 markets=36 btcusdt[σ=0.050 iv=0.324 μ=-0.137] ethusdt[σ=0.066 iv=0.486 μ=-0.055] top-raw-gap=-1.000 ()
10:13:49 INFO     src.poly_universe  Universe: 36 tradeable BTC/ETH markets (1 page(s), 36 BTC/ETH seen)
10:13:49 INFO     __main__  Universe refreshed: 36 markets
10:13:59 INFO     __main__  HEARTBEAT eval=0 signals=0 fills=0 arbs=0 arb-fills=0 no-spot=0 no-book=18160 warmup=0 markets=36 btcusdt[σ=0.054 iv=0.324 μ=+0.077] ethusdt[σ=0.056 iv=0.486 μ=+0.014] top-raw-gap=-1.000 ()
10:14:14 WARNING  src.poly_ws  Polymarket WS closed (no close frame received or sent), reconnecting in 1.0s
10:14:16 INFO     src.poly_ws  Polymarket WS connected: wss://ws-subscriptions-clob.polymarket.com/ws/market
10:14:19 INFO     src.poly_universe  Universe: 36 tradeable BTC/ETH markets (1 page(s), 36 BTC/ETH seen)
10:14:19 INFO     __main__  Universe refreshed: 36 markets
10:14:29 INFO     __main__  HEARTBEAT eval=809 signals=0 fills=0 arbs=0 arb-fills=0 no-spot=0 no-book=12838 warmup=1033 markets=36 btcusdt[σ=0.050 iv=0.323 μ=+0.103] ethusdt[σ=0.059 iv=0.485 μ=+0.077] top-raw-gap=-1.000 ()
10:14:49 INFO     src.poly_universe  Universe: 36 tradeable BTC/ETH markets (1 page(s), 36 BTC/ETH seen)
10:14:49 INFO     __main__  Universe refreshed: 36 markets
10:14:59 INFO     __main__  HEARTBEAT eval=0 signals=0 fills=0 arbs=0 arb-fills=0 no-spot=0 no-book=23904 warmup=0 markets=36 btcusdt[σ=0.084 iv=0.323 μ=+0.142] ethusdt[σ=0.149 iv=0.485 μ=+0.147] top-raw-gap=-1.000 ()
10:15:19 INFO     src.poly_universe  Universe: 36 tradeable BTC/ETH markets (1 page(s), 36 BTC/ETH seen)
10:15:19 INFO     __main__  Universe refreshed: 36 markets
10:15:29 INFO     __main__  HEARTBEAT eval=0 signals=0 fills=0 arbs=0 arb-fills=0 no-spot=0 no-book=29036 warmup=0 markets=36 btcusdt[σ=0.098 iv=0.322 μ=-0.091] ethusdt[σ=0.142 iv=0.484 μ=+0.031] top-raw-gap=-1.000 ()
10:15:49 INFO     src.poly_universe  Universe: 36 tradeable BTC/ETH markets (1 page(s), 36 BTC/ETH seen)
10:15:49 INFO     __main__  Universe refreshed: 36 markets
10:15:59 INFO     __main__  HEARTBEAT eval=0 signals=0 fills=0 arbs=0 arb-fills=0 no-spot=0 no-book=25480 warmup=0 markets=36 btcusdt[σ=0.083 iv=0.322 μ=-0.038] ethusdt[σ=0.116 iv=0.484 μ=+0.103] top-raw-gap=-1.000 ()
10:16:20 INFO     src.poly_universe  Universe: 36 tradeable BTC/ETH markets (1 page(s), 36 BTC/ETH seen)
10:16:20 INFO     __main__  Universe refreshed: 36 markets
10:16:29 INFO     __main__  HEARTBEAT eval=0 signals=0 fills=0 arbs=0 arb-fills=0 no-spot=0 no-book=22396 warmup=0 markets=36 btcusdt[σ=0.067 iv=0.321 μ=-0.138] ethusdt[σ=0.090 iv=0.482 μ=-0.167] top-raw-gap=-1.000 ()
10:16:50 INFO     src.poly_universe  Universe: 36 tradeable BTC/ETH markets (1 page(s), 36 BTC/ETH seen)
10:16:50 INFO     __main__  Universe refreshed: 36 markets
10:16:59 INFO     __main__  HEARTBEAT eval=0 signals=0 fills=0 arbs=0 arb-fills=0 no-spot=0 no-book=22980 warmup=0 markets=36 btcusdt[σ=0.088 iv=0.321 μ=-0.132] ethusdt[σ=0.101 iv=0.482 μ=-0.151] top-raw-gap=-1.000 ()
10:17:20 INFO     src.poly_universe  Universe: 36 tradeable BTC/ETH markets (1 page(s), 36 BTC/ETH seen)
10:17:20 INFO     __main__  Universe refreshed: 36 markets
10:17:29 INFO     __main__  HEARTBEAT eval=0 signals=0 fills=0 arbs=0 arb-fills=0 no-spot=0 no-book=21092 warmup=0 markets=36 btcusdt[σ=0.072 iv=0.319 μ=-0.061] ethusdt[σ=0.080 iv=0.482 μ=-0.127] top-raw-gap=-1.000 ()
10:17:50 INFO     src.poly_universe  Universe: 36 tradeable BTC/ETH markets (1 page(s), 36 BTC/ETH seen)
10:17:50 INFO     __main__  Universe refreshed: 36 markets
10:17:59 INFO     __main__  HEARTBEAT eval=0 signals=0 fills=0 arbs=0 arb-fills=0 no-spot=0 no-book=14576 warmup=0 markets=36 btcusdt[σ=0.098 iv=0.319 μ=-0.185] ethusdt[σ=0.063 iv=0.482 μ=-0.073] top-raw-gap=-1.000 ()
10:18:20 INFO     src.poly_universe  Universe: 36 tradeable BTC/ETH markets (1 page(s), 36 BTC/ETH seen)
10:18:20 INFO     __main__  Universe refreshed: 36 markets
10:18:29 INFO     __main__  HEARTBEAT eval=0 signals=0 fills=0 arbs=0 arb-fills=0 no-spot=0 no-book=17696 warmup=0 markets=36 btcusdt[σ=0.071 iv=0.318 μ=+0.007] ethusdt[σ=0.069 iv=0.481 μ=+0.059] top-raw-gap=-1.000 ()
10:18:50 INFO     src.poly_universe  Universe: 36 tradeable BTC/ETH markets (1 page(s), 36 BTC/ETH seen)
10:18:50 INFO     __main__  Universe refreshed: 36 markets
10:18:59 INFO     __main__  HEARTBEAT eval=0 signals=0 fills=0 arbs=0 arb-fills=0 no-spot=0 no-book=20544 warmup=0 markets=36 btcusdt[σ=0.066 iv=0.318 μ=-0.141] ethusdt[σ=0.089 iv=0.481 μ=+0.063] top-raw-gap=-1.000 ()
10:19:21 INFO     src.poly_universe  Universe: 36 tradeable BTC/ETH markets (1 page(s), 36 BTC/ETH seen)
10:19:21 INFO     __main__  Universe refreshed: 36 markets
10:19:29 INFO     __main__  HEARTBEAT eval=0 signals=0 fills=0 arbs=0 arb-fills=0 no-spot=0 no-book=20676 warmup=0 markets=36 btcusdt[σ=0.082 iv=0.316 μ=-0.080] ethusdt[σ=0.104 iv=0.481 μ=-0.055] top-raw-gap=-1.000 ()
10:19:51 INFO     src.poly_universe  Universe: 36 tradeable BTC/ETH markets (1 page(s), 36 BTC/ETH seen)
10:19:51 INFO     __main__  Universe refreshed: 36 markets
10:19:59 INFO     __main__  HEARTBEAT eval=0 signals=0 fills=0 arbs=0 arb-fills=0 no-spot=0 no-book=20108 warmup=0 markets=36 btcusdt[σ=0.172 iv=0.316 μ=-0.090] ethusdt[σ=0.105 iv=0.481 μ=+0.001] top-raw-gap=-1.000 ()
10:20:21 INFO     src.poly_universe  Universe: 36 tradeable BTC/ETH markets (1 page(s), 36 BTC/ETH seen)
10:20:21 INFO     __main__  Universe refreshed: 36 markets
10:20:29 INFO     __main__  HEARTBEAT eval=0 signals=0 fills=0 arbs=0 arb-fills=0 no-spot=0 no-book=21044 warmup=0 markets=36 btcusdt[σ=0.118 iv=0.315 μ=+0.174] ethusdt[σ=0.090 iv=0.480 μ=+0.003] top-raw-gap=-1.000 ()
10:20:51 INFO     src.poly_universe  Universe: 36 tradeable BTC/ETH markets (1 page(s), 36 BTC/ETH seen)
10:20:51 INFO     __main__  Universe refreshed: 36 markets
10:20:59 INFO     __main__  HEARTBEAT eval=0 signals=0 fills=0 arbs=0 arb-fills=0 no-spot=0 no-book=16572 warmup=0 markets=36 btcusdt[σ=0.090 iv=0.315 μ=+0.143] ethusdt[σ=0.094 iv=0.480 μ=-0.134] top-raw-gap=-1.000 ()
10:21:21 INFO     src.poly_universe  Universe: 36 tradeable BTC/ETH markets (1 page(s), 36 BTC/ETH seen)
10:21:21 INFO     __main__  Universe refreshed: 36 markets
10:21:30 INFO     __main__  HEARTBEAT eval=60 signals=0 fills=0 arbs=0 arb-fills=0 no-spot=0 no-book=20004 warmup=0 markets=36 btcusdt[σ=0.093 iv=0.313 μ=-0.027] ethusdt[σ=0.096 iv=0.480 μ=+0.122] top-raw-gap=0.120 (Bitcoin above 63,200 on June 22, 5AM ET?)
10:21:51 INFO     src.poly_universe  Universe: 36 tradeable BTC/ETH markets (1 page(s), 36 BTC/ETH seen)
10:21:51 INFO     __main__  Universe refreshed: 36 markets
10:22:00 INFO     __main__  HEARTBEAT eval=0 signals=0 fills=0 arbs=0 arb-fills=0 no-spot=0 no-book=26940 warmup=0 markets=36 btcusdt[σ=0.085 iv=0.313 μ=+0.167] ethusdt[σ=0.084 iv=0.480 μ=-0.003] top-raw-gap=-1.000 ()
10:22:22 INFO     src.poly_universe  Universe: 36 tradeable BTC/ETH markets (1 page(s), 36 BTC/ETH seen)
10:22:22 INFO     __main__  Universe refreshed: 36 markets
10:22:30 INFO     __main__  HEARTBEAT eval=0 signals=0 fills=0 arbs=0 arb-fills=0 no-spot=0 no-book=23448 warmup=0 markets=36 btcusdt[σ=0.071 iv=0.313 μ=+0.174] ethusdt[σ=0.080 iv=0.479 μ=+0.013] top-raw-gap=-1.000 ()
10:22:52 INFO     src.poly_universe  Universe: 36 tradeable BTC/ETH markets (1 page(s), 36 BTC/ETH seen)
10:22:52 INFO     __main__  Universe refreshed: 36 markets
10:23:00 INFO     __main__  HEARTBEAT eval=0 signals=0 fills=0 arbs=0 arb-fills=0 no-spot=0 no-book=19760 warmup=0 markets=36 btcusdt[σ=0.060 iv=0.313 μ=-0.177] ethusdt[σ=0.065 iv=0.479 μ=-0.122] top-raw-gap=-1.000 ()
10:23:22 INFO     src.poly_universe  Universe: 36 tradeable BTC/ETH markets (1 page(s), 36 BTC/ETH seen)
10:23:22 INFO     __main__  Universe refreshed: 36 markets
10:23:30 INFO     __main__  HEARTBEAT eval=38 signals=0 fills=0 arbs=0 arb-fills=0 no-spot=0 no-book=20610 warmup=0 markets=36 btcusdt[σ=0.059 iv=0.312 μ=-0.180] ethusdt[σ=0.080 iv=0.479 μ=-0.098] top-raw-gap=0.005 (Bitcoin above 63,200 on June 22, 5AM ET?)
10:23:52 INFO     src.poly_universe  Universe: 36 tradeable BTC/ETH markets (1 page(s), 36 BTC/ETH seen)
10:23:52 INFO     __main__  Universe refreshed: 36 markets
10:24:00 INFO     __main__  HEARTBEAT eval=58 signals=0 fills=0 arbs=0 arb-fills=0 no-spot=0 no-book=16186 warmup=0 markets=36 btcusdt[σ=0.050 iv=0.312 μ=+0.105] ethusdt[σ=0.068 iv=0.479 μ=-0.040] top-raw-gap=-1.000 ()
10:24:21 WARNING  src.poly_ws  Polymarket WS closed (no close frame received or sent), reconnecting in 1.0s
10:24:22 INFO     src.poly_universe  Universe: 36 tradeable BTC/ETH markets (1 page(s), 36 BTC/ETH seen)
10:24:22 INFO     __main__  Universe refreshed: 36 markets
10:24:22 INFO     src.poly_ws  Polymarket WS connected: wss://ws-subscriptions-clob.polymarket.com/ws/market
10:24:30 INFO     __main__  HEARTBEAT eval=1897 signals=0 fills=0 arbs=0 arb-fills=0 no-spot=0 no-book=18437 warmup=765 markets=36 btcusdt[σ=0.052 iv=0.312 μ=-0.144] ethusdt[σ=0.070 iv=0.479 μ=-0.072] top-raw-gap=0.120 (Ethereum above 1,670 on June 22, 5AM ET?)
10:24:52 INFO     src.poly_universe  Universe: 36 tradeable BTC/ETH markets (1 page(s), 36 BTC/ETH seen)
10:24:52 INFO     __main__  Universe refreshed: 36 markets
10:25:00 INFO     __main__  HEARTBEAT eval=0 signals=0 fills=0 arbs=0 arb-fills=0 no-spot=0 no-book=17256 warmup=0 markets=36 btcusdt[σ=0.060 iv=0.312 μ=-0.046] ethusdt[σ=0.077 iv=0.479 μ=+0.103] top-raw-gap=-1.000 ()
10:25:22 INFO     src.poly_universe  Universe: 36 tradeable BTC/ETH markets (1 page(s), 36 BTC/ETH seen)
10:25:22 INFO     __main__  Universe refreshed: 36 markets
10:25:30 INFO     __main__  HEARTBEAT eval=0 signals=0 fills=0 arbs=0 arb-fills=0 no-spot=0 no-book=14948 warmup=0 markets=36 btcusdt[σ=0.054 iv=0.312 μ=-0.100] ethusdt[σ=0.063 iv=0.478 μ=-0.147] top-raw-gap=-1.000 ()
10:25:53 INFO     src.poly_universe  Universe: 36 tradeable BTC/ETH markets (1 page(s), 36 BTC/ETH seen)
10:25:53 INFO     __main__  Universe refreshed: 36 markets
10:26:00 INFO     __main__  HEARTBEAT eval=0 signals=0 fills=0 arbs=0 arb-fills=0 no-spot=0 no-book=12436 warmup=0 markets=36 btcusdt[σ=0.050 iv=0.312 μ=-0.171] ethusdt[σ=0.062 iv=0.478 μ=+0.085] top-raw-gap=-1.000 ()
10:26:23 INFO     src.poly_universe  Universe: 36 tradeable BTC/ETH markets (1 page(s), 36 BTC/ETH seen)
10:26:23 INFO     __main__  Universe refreshed: 36 markets
10:26:31 INFO     __main__  HEARTBEAT eval=0 signals=0 fills=0 arbs=0 arb-fills=0 no-spot=0 no-book=15816 warmup=0 markets=36 btcusdt[σ=0.050 iv=0.312 μ=-0.134] ethusdt[σ=0.069 iv=0.477 μ=-0.091] top-raw-gap=-1.000 ()
10:26:53 INFO     src.poly_universe  Universe: 36 tradeable BTC/ETH markets (1 page(s), 36 BTC/ETH seen)
10:26:53 INFO     __main__  Universe refreshed: 36 markets
10:27:01 INFO     __main__  HEARTBEAT eval=0 signals=0 fills=0 arbs=0 arb-fills=0 no-spot=0 no-book=12620 warmup=0 markets=36 btcusdt[σ=0.050 iv=0.312 μ=-0.075] ethusdt[σ=0.050 iv=0.477 μ=-0.052] top-raw-gap=-1.000 ()
10:27:23 INFO     src.poly_universe  Universe: 36 tradeable BTC/ETH markets (1 page(s), 36 BTC/ETH seen)
10:27:23 INFO     __main__  Universe refreshed: 36 markets
10:27:31 INFO     __main__  HEARTBEAT eval=0 signals=0 fills=0 arbs=0 arb-fills=0 no-spot=0 no-book=16092 warmup=0 markets=36 btcusdt[σ=0.050 iv=0.312 μ=-0.168] ethusdt[σ=0.050 iv=0.477 μ=+0.135] top-raw-gap=-1.000 ()
10:27:53 INFO     src.poly_universe  Universe: 36 tradeable BTC/ETH markets (1 page(s), 36 BTC/ETH seen)
10:27:53 INFO     __main__  Universe refreshed: 36 markets
10:28:01 INFO     __main__  HEARTBEAT eval=0 signals=0 fills=0 arbs=0 arb-fills=0 no-spot=0 no-book=11040 warmup=0 markets=36 btcusdt[σ=0.050 iv=0.312 μ=-0.104] ethusdt[σ=0.050 iv=0.477 μ=-0.172] top-raw-gap=-1.000 ()
10:28:23 INFO     src.poly_universe  Universe: 36 tradeable BTC/ETH markets (1 page(s), 36 BTC/ETH seen)
10:28:23 INFO     __main__  Universe refreshed: 36 markets
10:28:31 INFO     __main__  HEARTBEAT eval=0 signals=0 fills=0 arbs=0 arb-fills=0 no-spot=0 no-book=24656 warmup=0 markets=36 btcusdt[σ=0.090 iv=0.312 μ=-0.174] ethusdt[σ=0.085 iv=0.477 μ=-0.006] top-raw-gap=-1.000 ()
10:28:53 INFO     src.poly_universe  Universe: 36 tradeable BTC/ETH markets (1 page(s), 36 BTC/ETH seen)
10:28:54 INFO     __main__  Universe refreshed: 36 markets
10:29:01 INFO     __main__  HEARTBEAT eval=0 signals=0 fills=0 arbs=0 arb-fills=0 no-spot=0 no-book=15392 warmup=0 markets=36 btcusdt[σ=0.066 iv=0.312 μ=+0.000] ethusdt[σ=0.064 iv=0.477 μ=+0.087] top-raw-gap=-1.000 ()
10:29:24 INFO     src.poly_universe  Universe: 36 tradeable BTC/ETH markets (1 page(s), 36 BTC/ETH seen)
10:29:24 INFO     __main__  Universe refreshed: 36 markets
10:29:31 INFO     __main__  HEARTBEAT eval=0 signals=0 fills=0 arbs=0 arb-fills=0 no-spot=0 no-book=20672 warmup=0 markets=36 btcusdt[σ=0.071 iv=0.312 μ=+0.133] ethusdt[σ=0.068 iv=0.475 μ=-0.100] top-raw-gap=-1.000 ()
10:29:54 INFO     src.poly_universe  Universe: 36 tradeable BTC/ETH markets (1 page(s), 36 BTC/ETH seen)
10:29:54 INFO     __main__  Universe refreshed: 36 markets
10:30:01 INFO     __main__  HEARTBEAT eval=0 signals=0 fills=0 arbs=0 arb-fills=0 no-spot=0 no-book=13940 warmup=0 markets=36 btcusdt[σ=0.050 iv=0.312 μ=+0.034] ethusdt[σ=0.050 iv=0.475 μ=-0.163] top-raw-gap=-1.000 ()
10:30:24 INFO     src.poly_universe  Universe: 36 tradeable BTC/ETH markets (1 page(s), 36 BTC/ETH seen)
10:30:24 INFO     __main__  Universe refreshed: 36 markets
10:30:31 INFO     __main__  HEARTBEAT eval=0 signals=0 fills=0 arbs=0 arb-fills=0 no-spot=0 no-book=20240 warmup=0 markets=36 btcusdt[σ=0.050 iv=0.312 μ=-0.175] ethusdt[σ=0.050 iv=0.475 μ=-0.140] top-raw-gap=-1.000 ()
10:30:54 INFO     src.poly_universe  Universe: 36 tradeable BTC/ETH markets (1 page(s), 36 BTC/ETH seen)
10:30:54 INFO     __main__  Universe refreshed: 36 markets
10:31:01 INFO     __main__  HEARTBEAT eval=0 signals=0 fills=0 arbs=0 arb-fills=0 no-spot=0 no-book=18740 warmup=0 markets=36 btcusdt[σ=0.052 iv=0.312 μ=+0.026] ethusdt[σ=0.061 iv=0.475 μ=+0.103] top-raw-gap=-1.000 ()
10:31:24 INFO     src.poly_universe  Universe: 36 tradeable BTC/ETH markets (1 page(s), 36 BTC/ETH seen)
10:31:24 INFO     __main__  Universe refreshed: 36 markets
10:31:31 INFO     __main__  HEARTBEAT eval=0 signals=0 fills=0 arbs=0 arb-fills=0 no-spot=0 no-book=19988 warmup=0 markets=36 btcusdt[σ=0.050 iv=0.311 μ=+0.134] ethusdt[σ=0.073 iv=0.474 μ=+0.040] top-raw-gap=-1.000 ()
10:31:54 INFO     src.poly_universe  Universe: 36 tradeable BTC/ETH markets (1 page(s), 36 BTC/ETH seen)
10:31:54 INFO     __main__  Universe refreshed: 36 markets
10:32:01 INFO     __main__  HEARTBEAT eval=0 signals=0 fills=0 arbs=0 arb-fills=0 no-spot=0 no-book=18044 warmup=0 markets=36 btcusdt[σ=0.050 iv=0.311 μ=+0.079] ethusdt[σ=0.062 iv=0.474 μ=-0.058] top-raw-gap=-1.000 ()
10:32:25 INFO     src.poly_universe  Universe: 36 tradeable BTC/ETH markets (1 page(s), 36 BTC/ETH seen)
10:32:25 INFO     __main__  Universe refreshed: 36 markets
10:32:31 INFO     __main__  HEARTBEAT eval=0 signals=0 fills=0 arbs=0 arb-fills=0 no-spot=0 no-book=21816 warmup=0 markets=36 btcusdt[σ=0.212 iv=0.311 μ=+0.101] ethusdt[σ=0.100 iv=0.474 μ=+0.084] top-raw-gap=-1.000 ()
10:32:55 INFO     src.poly_universe  Universe: 36 tradeable BTC/ETH markets (1 page(s), 36 BTC/ETH seen)
10:32:55 INFO     __main__  Universe refreshed: 36 markets
10:33:01 INFO     __main__  HEARTBEAT eval=0 signals=0 fills=0 arbs=0 arb-fills=0 no-spot=0 no-book=16096 warmup=0 markets=36 btcusdt[σ=0.140 iv=0.311 μ=-0.143] ethusdt[σ=0.077 iv=0.474 μ=-0.053] top-raw-gap=-1.000 ()
10:33:25 INFO     src.poly_universe  Universe: 36 tradeable BTC/ETH markets (1 page(s), 36 BTC/ETH seen)
10:33:25 INFO     __main__  Universe refreshed: 36 markets
10:33:31 INFO     __main__  HEARTBEAT eval=0 signals=0 fills=0 arbs=0 arb-fills=0 no-spot=0 no-book=9832 warmup=0 markets=36 btcusdt[σ=0.090 iv=0.311 μ=-0.163] ethusdt[σ=0.061 iv=0.474 μ=-0.148] top-raw-gap=-1.000 ()
10:33:55 INFO     src.poly_universe  Universe: 36 tradeable BTC/ETH markets (1 page(s), 36 BTC/ETH seen)
10:33:55 INFO     __main__  Universe refreshed: 36 markets
10:33:59 INFO     __main__  HEARTBEAT eval=0 signals=0 fills=0 arbs=0 arb-fills=0 no-spot=0 no-book=12916 warmup=0 markets=36 btcusdt[σ=0.057 iv=0.311 μ=-0.113] ethusdt[σ=0.061 iv=0.474 μ=+0.004] top-raw-gap=-1.000 ()
10:34:23 INFO     src.poly_universe  Universe: 36 tradeable BTC/ETH markets (1 page(s), 36 BTC/ETH seen)
10:34:23 INFO     __main__  Universe refreshed: 36 markets
10:34:26 WARNING  src.poly_ws  Polymarket WS closed (no close frame received or sent), reconnecting in 1.0s
10:34:28 INFO     src.poly_ws  Polymarket WS connected: wss://ws-subscriptions-clob.polymarket.com/ws/market
10:34:29 INFO     __main__  HEARTBEAT eval=1457 signals=0 fills=0 arbs=0 arb-fills=0 no-spot=0 no-book=16775 warmup=0 markets=36 btcusdt[σ=0.077 iv=0.311 μ=-0.164] ethusdt[σ=0.073 iv=0.474 μ=+0.039] top-raw-gap=0.120 (Bitcoin above 65,200 on June 22, 5AM ET?)
10:34:53 INFO     src.poly_universe  Universe: 36 tradeable BTC/ETH markets (1 page(s), 36 BTC/ETH seen)
10:34:53 INFO     __main__  Universe refreshed: 36 markets
10:34:59 INFO     __main__  HEARTBEAT eval=868 signals=0 fills=0 arbs=0 arb-fills=0 no-spot=0 no-book=15764 warmup=0 markets=36 btcusdt[σ=0.057 iv=0.311 μ=-0.100] ethusdt[σ=0.074 iv=0.474 μ=+0.170] top-raw-gap=-1.000 ()
10:35:23 INFO     src.poly_universe  Universe: 36 tradeable BTC/ETH markets (1 page(s), 36 BTC/ETH seen)
10:35:23 INFO     __main__  Universe refreshed: 36 markets
10:35:30 INFO     __main__  HEARTBEAT eval=0 signals=0 fills=0 arbs=0 arb-fills=0 no-spot=0 no-book=21048 warmup=0 markets=36 btcusdt[σ=0.067 iv=0.311 μ=-0.182] ethusdt[σ=0.073 iv=0.474 μ=-0.143] top-raw-gap=-1.000 ()
10:35:54 INFO     src.poly_universe  Universe: 36 tradeable BTC/ETH markets (1 page(s), 36 BTC/ETH seen)
10:35:54 INFO     __main__  Universe refreshed: 36 markets
10:36:00 INFO     __main__  HEARTBEAT eval=0 signals=0 fills=0 arbs=0 arb-fills=0 no-spot=0 no-book=16344 warmup=0 markets=36 btcusdt[σ=0.050 iv=0.311 μ=-0.163] ethusdt[σ=0.062 iv=0.474 μ=-0.079] top-raw-gap=-1.000 ()
10:36:24 INFO     src.poly_universe  Universe: 36 tradeable BTC/ETH markets (1 page(s), 36 BTC/ETH seen)
10:36:24 INFO     __main__  Universe refreshed: 36 markets
10:36:30 INFO     __main__  HEARTBEAT eval=0 signals=0 fills=0 arbs=0 arb-fills=0 no-spot=0 no-book=21596 warmup=0 markets=36 btcusdt[σ=0.071 iv=0.311 μ=-0.117] ethusdt[σ=0.085 iv=0.474 μ=-0.030] top-raw-gap=-1.000 ()
10:36:54 INFO     src.poly_universe  Universe: 36 tradeable BTC/ETH markets (1 page(s), 36 BTC/ETH seen)
10:36:54 INFO     __main__  Universe refreshed: 36 markets
10:37:00 INFO     __main__  HEARTBEAT eval=0 signals=0 fills=0 arbs=0 arb-fills=0 no-spot=0 no-book=21264 warmup=0 markets=36 btcusdt[σ=0.097 iv=0.311 μ=+0.031] ethusdt[σ=0.085 iv=0.474 μ=+0.047] top-raw-gap=-1.000 ()
10:37:24 INFO     src.poly_universe  Universe: 36 tradeable BTC/ETH markets (1 page(s), 36 BTC/ETH seen)
10:37:24 INFO     __main__  Universe refreshed: 36 markets
10:37:30 INFO     __main__  HEARTBEAT eval=0 signals=0 fills=0 arbs=0 arb-fills=0 no-spot=0 no-book=19340 warmup=0 markets=36 btcusdt[σ=0.068 iv=0.312 μ=-0.139] ethusdt[σ=0.071 iv=0.472 μ=+0.114] top-raw-gap=-1.000 ()
10:37:54 INFO     src.poly_universe  Universe: 36 tradeable BTC/ETH markets (1 page(s), 36 BTC/ETH seen)
10:37:54 INFO     __main__  Universe refreshed: 36 markets
10:38:00 INFO     __main__  HEARTBEAT eval=0 signals=0 fills=0 arbs=0 arb-fills=0 no-spot=0 no-book=19524 warmup=0 markets=36 btcusdt[σ=0.069 iv=0.312 μ=+0.128] ethusdt[σ=0.068 iv=0.472 μ=+0.019] top-raw-gap=-1.000 ()
10:38:24 INFO     src.poly_universe  Universe: 36 tradeable BTC/ETH markets (1 page(s), 36 BTC/ETH seen)
10:38:24 INFO     __main__  Universe refreshed: 36 markets
10:38:30 INFO     __main__  HEARTBEAT eval=0 signals=0 fills=0 arbs=0 arb-fills=0 no-spot=0 no-book=17712 warmup=0 markets=36 btcusdt[σ=0.050 iv=0.312 μ=+0.128] ethusdt[σ=0.055 iv=0.472 μ=+0.161] top-raw-gap=-1.000 ()
10:38:54 INFO     src.poly_universe  Universe: 36 tradeable BTC/ETH markets (1 page(s), 36 BTC/ETH seen)
10:38:54 INFO     __main__  Universe refreshed: 36 markets
10:39:00 INFO     __main__  HEARTBEAT eval=0 signals=0 fills=0 arbs=0 arb-fills=0 no-spot=0 no-book=18032 warmup=0 markets=36 btcusdt[σ=0.062 iv=0.312 μ=-0.055] ethusdt[σ=0.072 iv=0.472 μ=-0.139] top-raw-gap=-1.000 ()
10:39:25 INFO     src.poly_universe  Universe: 36 tradeable BTC/ETH markets (1 page(s), 36 BTC/ETH seen)
10:39:25 INFO     __main__  Universe refreshed: 36 markets
10:39:30 INFO     __main__  HEARTBEAT eval=0 signals=0 fills=0 arbs=0 arb-fills=0 no-spot=0 no-book=16932 warmup=0 markets=36 btcusdt[σ=0.075 iv=0.325 μ=-0.001] ethusdt[σ=0.070 iv=0.472 μ=+0.018] top-raw-gap=-1.000 ()
10:39:55 INFO     src.poly_universe  Universe: 36 tradeable BTC/ETH markets (1 page(s), 36 BTC/ETH seen)
10:39:55 INFO     __main__  Universe refreshed: 36 markets
10:40:00 INFO     __main__  HEARTBEAT eval=0 signals=0 fills=0 arbs=0 arb-fills=0 no-spot=0 no-book=19108 warmup=0 markets=36 btcusdt[σ=0.082 iv=0.325 μ=+0.059] ethusdt[σ=0.089 iv=0.472 μ=+0.106] top-raw-gap=-1.000 ()
10:40:25 INFO     src.poly_universe  Universe: 36 tradeable BTC/ETH markets (1 page(s), 36 BTC/ETH seen)
10:40:25 INFO     __main__  Universe refreshed: 36 markets
10:40:30 INFO     __main__  HEARTBEAT eval=0 signals=0 fills=0 arbs=0 arb-fills=0 no-spot=0 no-book=16968 warmup=0 markets=36 btcusdt[σ=0.081 iv=0.312 μ=+0.045] ethusdt[σ=0.104 iv=0.472 μ=-0.088] top-raw-gap=-1.000 ()
10:40:55 INFO     src.poly_universe  Universe: 36 tradeable BTC/ETH markets (1 page(s), 36 BTC/ETH seen)
10:40:55 INFO     __main__  Universe refreshed: 36 markets
10:41:00 INFO     __main__  HEARTBEAT eval=0 signals=0 fills=0 arbs=0 arb-fills=0 no-spot=0 no-book=16588 warmup=0 markets=36 btcusdt[σ=0.082 iv=0.312 μ=+0.091] ethusdt[σ=0.082 iv=0.472 μ=+0.115] top-raw-gap=-1.000 ()
10:41:26 INFO     src.poly_universe  Universe: 36 tradeable BTC/ETH markets (1 page(s), 36 BTC/ETH seen)
10:41:26 INFO     __main__  Universe refreshed: 36 markets
10:41:30 INFO     __main__  HEARTBEAT eval=0 signals=0 fills=0 arbs=0 arb-fills=0 no-spot=0 no-book=16036 warmup=0 markets=36 btcusdt[σ=0.059 iv=0.313 μ=+0.029] ethusdt[σ=0.081 iv=0.472 μ=+0.017] top-raw-gap=-1.000 ()
10:41:56 INFO     src.poly_universe  Universe: 36 tradeable BTC/ETH markets (1 page(s), 36 BTC/ETH seen)
10:41:56 INFO     __main__  Universe refreshed: 36 markets
10:42:00 INFO     __main__  HEARTBEAT eval=0 signals=0 fills=0 arbs=0 arb-fills=0 no-spot=0 no-book=11592 warmup=0 markets=36 btcusdt[σ=0.050 iv=0.313 μ=-0.171] ethusdt[σ=0.064 iv=0.472 μ=-0.186] top-raw-gap=-1.000 ()
10:42:26 INFO     src.poly_universe  Universe: 50 tradeable BTC/ETH markets (1 page(s), 50 BTC/ETH seen)
10:42:26 INFO     __main__  Universe refreshed: 50 markets
10:42:31 INFO     __main__  HEARTBEAT eval=0 signals=0 fills=0 arbs=0 arb-fills=0 no-spot=0 no-book=18412 warmup=0 markets=50 btcusdt[σ=0.066 iv=0.313 μ=+0.149] ethusdt[σ=0.080 iv=0.472 μ=+0.037] top-raw-gap=-1.000 ()
10:42:56 INFO     src.poly_universe  Universe: 58 tradeable BTC/ETH markets (1 page(s), 58 BTC/ETH seen)
10:42:56 INFO     __main__  Universe refreshed: 58 markets
10:43:01 INFO     __main__  HEARTBEAT eval=0 signals=0 fills=0 arbs=0 arb-fills=0 no-spot=0 no-book=23786 warmup=0 markets=58 btcusdt[σ=0.050 iv=0.313 μ=-0.099] ethusdt[σ=0.065 iv=0.472 μ=+0.114] top-raw-gap=-1.000 ()
10:43:26 INFO     src.poly_universe  Universe: 65 tradeable BTC/ETH markets (1 page(s), 65 BTC/ETH seen)
10:43:26 INFO     __main__  Universe refreshed: 65 markets
10:43:31 INFO     __main__  HEARTBEAT eval=0 signals=0 fills=0 arbs=0 arb-fills=0 no-spot=0 no-book=31004 warmup=0 markets=65 btcusdt[σ=0.070 iv=0.313 μ=+0.101] ethusdt[σ=0.077 iv=0.472 μ=+0.114] top-raw-gap=-1.000 ()
10:43:56 INFO     src.poly_universe  Universe: 72 tradeable BTC/ETH markets (1 page(s), 72 BTC/ETH seen)
10:43:56 INFO     __main__  Universe refreshed: 72 markets
10:44:01 INFO     __main__  HEARTBEAT eval=0 signals=0 fills=0 arbs=0 arb-fills=0 no-spot=0 no-book=26651 warmup=0 markets=72 btcusdt[σ=0.056 iv=0.313 μ=+0.143] ethusdt[σ=0.057 iv=0.472 μ=+0.163] top-raw-gap=-1.000 ()
10:44:26 INFO     src.poly_universe  Universe: 72 tradeable BTC/ETH markets (1 page(s), 72 BTC/ETH seen)
10:44:26 INFO     __main__  Universe refreshed: 72 markets
10:44:31 INFO     __main__  HEARTBEAT eval=0 signals=0 fills=0 arbs=0 arb-fills=0 no-spot=0 no-book=34752 warmup=0 markets=72 btcusdt[σ=0.056 iv=0.313 μ=+0.029] ethusdt[σ=0.050 iv=0.472 μ=-0.051] top-raw-gap=-1.000 ()
10:44:57 INFO     src.poly_universe  Universe: 72 tradeable BTC/ETH markets (1 page(s), 72 BTC/ETH seen)
10:44:57 INFO     __main__  Universe refreshed: 72 markets
10:45:01 INFO     __main__  HEARTBEAT eval=0 signals=0 fills=0 arbs=0 arb-fills=0 no-spot=0 no-book=36912 warmup=0 markets=72 btcusdt[σ=0.060 iv=0.313 μ=+0.065] ethusdt[σ=0.050 iv=0.472 μ=+0.176] top-raw-gap=-1.000 ()
10:45:27 INFO     src.poly_universe  Universe: 72 tradeable BTC/ETH markets (1 page(s), 72 BTC/ETH seen)
10:45:27 INFO     __main__  Universe refreshed: 72 markets
10:45:32 INFO     __main__  HEARTBEAT eval=0 signals=0 fills=0 arbs=0 arb-fills=0 no-spot=0 no-book=26016 warmup=0 markets=72 btcusdt[σ=0.050 iv=0.313 μ=+0.111] ethusdt[σ=0.050 iv=0.472 μ=+0.145] top-raw-gap=-1.000 ()
10:45:57 INFO     src.poly_universe  Universe: 72 tradeable BTC/ETH markets (1 page(s), 72 BTC/ETH seen)
10:45:57 INFO     __main__  Universe refreshed: 72 markets
10:46:02 INFO     __main__  HEARTBEAT eval=0 signals=0 fills=0 arbs=0 arb-fills=0 no-spot=0 no-book=48608 warmup=0 markets=72 btcusdt[σ=0.072 iv=0.313 μ=+0.086] ethusdt[σ=0.067 iv=0.472 μ=+0.047] top-raw-gap=-1.000 ()
10:46:27 INFO     src.poly_universe  Universe: 72 tradeable BTC/ETH markets (1 page(s), 72 BTC/ETH seen)
10:46:27 INFO     __main__  Universe refreshed: 72 markets
10:46:32 INFO     __main__  HEARTBEAT eval=0 signals=0 fills=0 arbs=0 arb-fills=0 no-spot=0 no-book=38472 warmup=0 markets=72 btcusdt[σ=0.068 iv=0.313 μ=-0.167] ethusdt[σ=0.068 iv=0.471 μ=-0.032] top-raw-gap=-1.000 ()
10:46:57 INFO     src.poly_universe  Universe: 72 tradeable BTC/ETH markets (1 page(s), 72 BTC/ETH seen)
10:46:57 INFO     __main__  Universe refreshed: 72 markets
10:47:02 INFO     __main__  HEARTBEAT eval=0 signals=0 fills=0 arbs=0 arb-fills=0 no-spot=0 no-book=41136 warmup=0 markets=72 btcusdt[σ=0.220 iv=0.313 μ=-0.179] ethusdt[σ=0.075 iv=0.471 μ=+0.060] top-raw-gap=-1.000 ()
10:47:28 INFO     src.poly_universe  Universe: 72 tradeable BTC/ETH markets (1 page(s), 72 BTC/ETH seen)
10:47:28 INFO     __main__  Universe refreshed: 72 markets
10:47:32 INFO     __main__  HEARTBEAT eval=0 signals=0 fills=0 arbs=0 arb-fills=0 no-spot=0 no-book=45088 warmup=0 markets=72 btcusdt[σ=0.238 iv=0.313 μ=-0.198] ethusdt[σ=0.080 iv=0.472 μ=+0.023] top-raw-gap=-1.000 ()
10:47:58 INFO     src.poly_universe  Universe: 72 tradeable BTC/ETH markets (1 page(s), 72 BTC/ETH seen)
10:47:58 INFO     __main__  Universe refreshed: 72 markets
10:48:02 INFO     __main__  HEARTBEAT eval=0 signals=0 fills=0 arbs=0 arb-fills=0 no-spot=0 no-book=33984 warmup=0 markets=72 btcusdt[σ=0.156 iv=0.313 μ=-0.145] ethusdt[σ=0.074 iv=0.472 μ=-0.160] top-raw-gap=-1.000 ()
10:48:28 INFO     src.poly_universe  Universe: 72 tradeable BTC/ETH markets (1 page(s), 72 BTC/ETH seen)
10:48:28 INFO     __main__  Universe refreshed: 72 markets
10:48:32 INFO     __main__  HEARTBEAT eval=0 signals=0 fills=0 arbs=0 arb-fills=0 no-spot=0 no-book=44224 warmup=0 markets=72 btcusdt[σ=0.129 iv=0.313 μ=-0.014] ethusdt[σ=0.091 iv=0.473 μ=-0.005] top-raw-gap=-1.000 ()
10:48:58 INFO     src.poly_universe  Universe: 72 tradeable BTC/ETH markets (1 page(s), 72 BTC/ETH seen)
10:48:58 INFO     __main__  Universe refreshed: 72 markets
10:49:02 INFO     __main__  HEARTBEAT eval=0 signals=0 fills=0 arbs=0 arb-fills=0 no-spot=0 no-book=37960 warmup=0 markets=72 btcusdt[σ=0.108 iv=0.313 μ=+0.164] ethusdt[σ=0.087 iv=0.473 μ=+0.086] top-raw-gap=-1.000 ()
10:49:26 INFO     src.poly_universe  Universe: 72 tradeable BTC/ETH markets (1 page(s), 72 BTC/ETH seen)
10:49:26 INFO     __main__  Universe refreshed: 72 markets
10:49:30 INFO     __main__  HEARTBEAT eval=0 signals=0 fills=0 arbs=0 arb-fills=0 no-spot=0 no-book=31048 warmup=0 markets=72 btcusdt[σ=0.086 iv=0.313 μ=+0.162] ethusdt[σ=0.080 iv=0.474 μ=+0.115] top-raw-gap=-1.000 ()
10:49:56 INFO     src.poly_universe  Universe: 72 tradeable BTC/ETH markets (1 page(s), 72 BTC/ETH seen)
10:49:56 INFO     __main__  Universe refreshed: 72 markets
10:50:00 INFO     __main__  HEARTBEAT eval=0 signals=0 fills=0 arbs=0 arb-fills=0 no-spot=0 no-book=22976 warmup=0 markets=72 btcusdt[σ=0.052 iv=0.313 μ=+0.106] ethusdt[σ=0.055 iv=0.474 μ=-0.000] top-raw-gap=-1.000 ()
10:50:26 INFO     src.poly_universe  Universe: 72 tradeable BTC/ETH markets (1 page(s), 72 BTC/ETH seen)
10:50:26 INFO     __main__  Universe refreshed: 72 markets
10:50:30 INFO     __main__  HEARTBEAT eval=0 signals=0 fills=0 arbs=0 arb-fills=0 no-spot=0 no-book=28848 warmup=0 markets=72 btcusdt[σ=0.050 iv=0.313 μ=-0.081] ethusdt[σ=0.060 iv=0.474 μ=+0.084] top-raw-gap=-1.000 ()
10:50:57 INFO     src.poly_universe  Universe: 72 tradeable BTC/ETH markets (1 page(s), 72 BTC/ETH seen)
10:50:57 INFO     __main__  Universe refreshed: 72 markets
10:51:00 INFO     __main__  HEARTBEAT eval=0 signals=0 fills=0 arbs=0 arb-fills=0 no-spot=0 no-book=18840 warmup=0 markets=72 btcusdt[σ=0.050 iv=0.313 μ=-0.155] ethusdt[σ=0.053 iv=0.474 μ=+0.050] top-raw-gap=-1.000 ()
10:51:27 INFO     src.poly_universe  Universe: 72 tradeable BTC/ETH markets (1 page(s), 72 BTC/ETH seen)
10:51:27 INFO     __main__  Universe refreshed: 72 markets
10:51:30 INFO     __main__  HEARTBEAT eval=0 signals=0 fills=0 arbs=0 arb-fills=0 no-spot=0 no-book=28000 warmup=0 markets=72 btcusdt[σ=0.050 iv=0.312 μ=-0.154] ethusdt[σ=0.074 iv=0.474 μ=-0.065] top-raw-gap=-1.000 ()
10:51:57 INFO     src.poly_universe  Universe: 72 tradeable BTC/ETH markets (1 page(s), 72 BTC/ETH seen)
10:51:57 INFO     __main__  Universe refreshed: 72 markets
10:52:00 INFO     __main__  HEARTBEAT eval=0 signals=0 fills=0 arbs=0 arb-fills=0 no-spot=0 no-book=22912 warmup=0 markets=72 btcusdt[σ=0.050 iv=0.312 μ=+0.050] ethusdt[σ=0.061 iv=0.474 μ=+0.024] top-raw-gap=-1.000 ()
10:52:27 INFO     src.poly_universe  Universe: 72 tradeable BTC/ETH markets (1 page(s), 72 BTC/ETH seen)
10:52:27 INFO     __main__  Universe refreshed: 72 markets
10:52:30 INFO     __main__  HEARTBEAT eval=0 signals=0 fills=0 arbs=0 arb-fills=0 no-spot=0 no-book=31496 warmup=0 markets=72 btcusdt[σ=0.050 iv=0.312 μ=-0.185] ethusdt[σ=0.061 iv=0.474 μ=-0.033] top-raw-gap=-1.000 ()
10:52:57 INFO     src.poly_universe  Universe: 72 tradeable BTC/ETH markets (1 page(s), 72 BTC/ETH seen)
10:52:57 INFO     __main__  Universe refreshed: 72 markets
10:53:00 INFO     __main__  HEARTBEAT eval=51 signals=0 fills=0 arbs=0 arb-fills=0 no-spot=0 no-book=34358 warmup=0 markets=72 btcusdt[σ=0.050 iv=0.312 μ=-0.034] ethusdt[σ=0.055 iv=0.474 μ=+0.092] top-raw-gap=-1.000 ()
10:53:27 INFO     src.poly_universe  Universe: 72 tradeable BTC/ETH markets (1 page(s), 72 BTC/ETH seen)
10:53:27 INFO     __main__  Universe refreshed: 72 markets
10:53:30 INFO     __main__  HEARTBEAT eval=0 signals=0 fills=0 arbs=0 arb-fills=0 no-spot=32 no-book=24816 warmup=0 markets=72 btcusdt[σ=0.050 iv=0.313 μ=-0.170] ethusdt[σ=0.050 iv=0.475 μ=-0.081] top-raw-gap=-1.000 ()
10:53:58 INFO     src.poly_universe  Universe: 72 tradeable BTC/ETH markets (1 page(s), 72 BTC/ETH seen)
10:53:58 INFO     __main__  Universe refreshed: 72 markets
10:54:00 WARNING  src.poly_ws  Polymarket WS closed (no close frame received or sent), reconnecting in 1.0s
10:54:00 INFO     __main__  HEARTBEAT eval=0 signals=0 fills=0 arbs=0 arb-fills=0 no-spot=0 no-book=19272 warmup=0 markets=72 btcusdt[σ=0.050 iv=0.313 μ=+0.085] ethusdt[σ=0.050 iv=0.475 μ=-0.126] top-raw-gap=-1.000 ()
10:54:01 INFO     src.poly_ws  Polymarket WS connected: wss://ws-subscriptions-clob.polymarket.com/ws/market
10:54:28 INFO     src.poly_universe  Universe: 72 tradeable BTC/ETH markets (1 page(s), 72 BTC/ETH seen)
10:54:28 INFO     __main__  Universe refreshed: 72 markets
10:54:30 INFO     __main__  HEARTBEAT eval=0 signals=0 fills=0 arbs=0 arb-fills=0 no-spot=0 no-book=26289 warmup=2859 markets=72 btcusdt[σ=0.050 iv=0.313 μ=+0.066] ethusdt[σ=0.050 iv=0.475 μ=+0.100] top-raw-gap=-1.000 ()
10:54:58 INFO     src.poly_universe  Universe: 72 tradeable BTC/ETH markets (1 page(s), 72 BTC/ETH seen)
10:54:58 INFO     __main__  Universe refreshed: 72 markets
10:55:00 INFO     __main__  HEARTBEAT eval=104 signals=0 fills=0 arbs=0 arb-fills=0 no-spot=0 no-book=30331 warmup=0 markets=72 btcusdt[σ=0.068 iv=0.313 μ=-0.133] ethusdt[σ=0.068 iv=0.475 μ=-0.059] top-raw-gap=-1.000 ()
10:55:28 INFO     src.poly_universe  Universe: 72 tradeable BTC/ETH markets (1 page(s), 72 BTC/ETH seen)
10:55:28 INFO     __main__  Universe refreshed: 72 markets
10:55:30 INFO     __main__  HEARTBEAT eval=0 signals=0 fills=0 arbs=0 arb-fills=0 no-spot=0 no-book=32320 warmup=0 markets=72 btcusdt[σ=0.050 iv=0.313 μ=-0.046] ethusdt[σ=0.050 iv=0.475 μ=-0.142] top-raw-gap=-1.000 ()
10:55:58 INFO     src.poly_universe  Universe: 72 tradeable BTC/ETH markets (1 page(s), 72 BTC/ETH seen)
10:55:58 INFO     __main__  Universe refreshed: 72 markets
10:56:00 INFO     __main__  HEARTBEAT eval=0 signals=0 fills=0 arbs=0 arb-fills=0 no-spot=0 no-book=26848 warmup=0 markets=72 btcusdt[σ=0.064 iv=0.313 μ=-0.093] ethusdt[σ=0.052 iv=0.475 μ=-0.068] top-raw-gap=-1.000 ()
10:56:29 INFO     src.poly_universe  Universe: 72 tradeable BTC/ETH markets (1 page(s), 72 BTC/ETH seen)
10:56:29 INFO     __main__  Universe refreshed: 72 markets
10:56:30 INFO     __main__  HEARTBEAT eval=0 signals=0 fills=0 arbs=0 arb-fills=0 no-spot=0 no-book=33464 warmup=0 markets=72 btcusdt[σ=0.050 iv=0.313 μ=-0.150] ethusdt[σ=0.050 iv=0.475 μ=-0.022] top-raw-gap=-1.000 ()
10:56:59 INFO     src.poly_universe  Universe: 72 tradeable BTC/ETH markets (1 page(s), 72 BTC/ETH seen)
10:56:59 INFO     __main__  Universe refreshed: 72 markets
10:57:00 INFO     __main__  HEARTBEAT eval=0 signals=0 fills=0 arbs=0 arb-fills=0 no-spot=0 no-book=34600 warmup=0 markets=72 btcusdt[σ=0.090 iv=0.313 μ=+0.026] ethusdt[σ=0.058 iv=0.475 μ=-0.002] top-raw-gap=-1.000 ()
10:57:29 INFO     src.poly_universe  Universe: 72 tradeable BTC/ETH markets (1 page(s), 72 BTC/ETH seen)
10:57:29 INFO     __main__  Universe refreshed: 72 markets
10:57:31 INFO     __main__  HEARTBEAT eval=0 signals=0 fills=0 arbs=0 arb-fills=0 no-spot=0 no-book=32664 warmup=0 markets=72 btcusdt[σ=0.066 iv=0.313 μ=-0.134] ethusdt[σ=0.050 iv=0.475 μ=-0.115] top-raw-gap=-1.000 ()
10:57:59 INFO     src.poly_universe  Universe: 72 tradeable BTC/ETH markets (1 page(s), 72 BTC/ETH seen)
10:57:59 INFO     __main__  Universe refreshed: 72 markets
10:58:01 INFO     __main__  HEARTBEAT eval=0 signals=0 fills=0 arbs=0 arb-fills=0 no-spot=0 no-book=36520 warmup=0 markets=72 btcusdt[σ=0.050 iv=0.313 μ=+0.040] ethusdt[σ=0.050 iv=0.475 μ=+0.012] top-raw-gap=-1.000 ()
10:58:29 INFO     src.poly_universe  Universe: 72 tradeable BTC/ETH markets (1 page(s), 72 BTC/ETH seen)
10:58:29 INFO     __main__  Universe refreshed: 72 markets
10:58:31 INFO     __main__  HEARTBEAT eval=0 signals=0 fills=0 arbs=0 arb-fills=0 no-spot=0 no-book=25696 warmup=0 markets=72 btcusdt[σ=0.050 iv=0.312 μ=-0.170] ethusdt[σ=0.050 iv=0.475 μ=-0.176] top-raw-gap=-1.000 ()
10:58:59 INFO     src.poly_universe  Universe: 72 tradeable BTC/ETH markets (1 page(s), 72 BTC/ETH seen)
10:58:59 INFO     __main__  Universe refreshed: 72 markets
10:59:01 INFO     __main__  HEARTBEAT eval=0 signals=0 fills=0 arbs=0 arb-fills=0 no-spot=0 no-book=28792 warmup=0 markets=72 btcusdt[σ=0.059 iv=0.312 μ=-0.085] ethusdt[σ=0.063 iv=0.475 μ=-0.145] top-raw-gap=-1.000 ()
10:59:30 INFO     src.poly_universe  Universe: 36 tradeable BTC/ETH markets (1 page(s), 72 BTC/ETH seen)
10:59:30 INFO     __main__  Universe refreshed: 36 markets
10:59:31 INFO     __main__  HEARTBEAT eval=0 signals=0 fills=0 arbs=0 arb-fills=0 no-spot=64 no-book=21064 warmup=0 markets=36 btcusdt[σ=0.050 iv=0.312 μ=-0.079] ethusdt[σ=0.055 iv=0.475 μ=-0.167] top-raw-gap=-1.000 ()
11:00:00 INFO     src.poly_universe  Universe: 36 tradeable BTC/ETH markets (1 page(s), 72 BTC/ETH seen)
11:00:00 INFO     __main__  Universe refreshed: 36 markets
11:00:01 INFO     __main__  HEARTBEAT eval=0 signals=0 fills=0 arbs=0 arb-fills=0 no-spot=0 no-book=13600 warmup=0 markets=36 btcusdt[σ=0.050 iv=0.312 μ=+0.030] ethusdt[σ=0.056 iv=0.475 μ=+0.124] top-raw-gap=-1.000 ()
11:00:30 INFO     src.poly_universe  Universe: 36 tradeable BTC/ETH markets (1 page(s), 72 BTC/ETH seen)
11:00:30 INFO     __main__  Universe refreshed: 36 markets
11:00:31 INFO     __main__  HEARTBEAT eval=0 signals=0 fills=0 arbs=0 arb-fills=0 no-spot=0 no-book=11972 warmup=0 markets=36 btcusdt[σ=0.050 iv=0.312 μ=+0.047] ethusdt[σ=0.050 iv=0.475 μ=+0.052] top-raw-gap=-1.000 ()
11:01:00 INFO     src.poly_universe  Universe: 36 tradeable BTC/ETH markets (1 page(s), 72 BTC/ETH seen)
11:01:00 INFO     __main__  Universe refreshed: 36 markets
11:01:01 INFO     __main__  HEARTBEAT eval=0 signals=0 fills=0 arbs=0 arb-fills=0 no-spot=0 no-book=17196 warmup=0 markets=36 btcusdt[σ=0.078 iv=0.312 μ=-0.001] ethusdt[σ=0.065 iv=0.475 μ=+0.076] top-raw-gap=-1.000 ()
11:01:30 INFO     src.poly_universe  Universe: 36 tradeable BTC/ETH markets (1 page(s), 72 BTC/ETH seen)
11:01:30 INFO     __main__  Universe refreshed: 36 markets
11:01:31 INFO     __main__  HEARTBEAT eval=0 signals=0 fills=0 arbs=0 arb-fills=0 no-spot=0 no-book=13308 warmup=0 markets=36 btcusdt[σ=0.057 iv=0.312 μ=+0.160] ethusdt[σ=0.051 iv=0.475 μ=+0.055] top-raw-gap=-1.000 ()
11:02:00 INFO     src.poly_universe  Universe: 36 tradeable BTC/ETH markets (1 page(s), 72 BTC/ETH seen)
11:02:00 INFO     __main__  Universe refreshed: 36 markets
11:02:01 INFO     __main__  HEARTBEAT eval=0 signals=0 fills=0 arbs=0 arb-fills=0 no-spot=0 no-book=18700 warmup=0 markets=36 btcusdt[σ=0.050 iv=0.312 μ=-0.129] ethusdt[σ=0.054 iv=0.475 μ=+0.064] top-raw-gap=-1.000 ()
11:02:31 INFO     src.poly_universe  Universe: 36 tradeable BTC/ETH markets (1 page(s), 72 BTC/ETH seen)
11:02:31 INFO     __main__  Universe refreshed: 36 markets
11:02:31 INFO     __main__  HEARTBEAT eval=0 signals=0 fills=0 arbs=0 arb-fills=0 no-spot=0 no-book=18692 warmup=0 markets=36 btcusdt[σ=0.059 iv=0.313 μ=+0.115] ethusdt[σ=0.071 iv=0.475 μ=-0.105] top-raw-gap=-1.000 ()
11:03:01 INFO     src.poly_universe  Universe: 36 tradeable BTC/ETH markets (1 page(s), 72 BTC/ETH seen)
11:03:01 INFO     __main__  Universe refreshed: 36 markets
11:03:01 INFO     __main__  HEARTBEAT eval=0 signals=0 fills=0 arbs=0 arb-fills=0 no-spot=0 no-book=16416 warmup=0 markets=36 btcusdt[σ=0.086 iv=0.313 μ=-0.038] ethusdt[σ=0.078 iv=0.475 μ=-0.032] top-raw-gap=-1.000 ()
11:03:31 INFO     src.poly_universe  Universe: 36 tradeable BTC/ETH markets (1 page(s), 72 BTC/ETH seen)
11:03:31 INFO     __main__  Universe refreshed: 36 markets
11:03:31 INFO     __main__  HEARTBEAT eval=0 signals=0 fills=0 arbs=0 arb-fills=0 no-spot=0 no-book=18780 warmup=0 markets=36 btcusdt[σ=0.071 iv=0.313 μ=+0.060] ethusdt[σ=0.074 iv=0.475 μ=-0.108] top-raw-gap=-1.000 ()
11:04:01 INFO     src.poly_universe  Universe: 36 tradeable BTC/ETH markets (1 page(s), 72 BTC/ETH seen)
11:04:01 INFO     __main__  Universe refreshed: 36 markets
11:04:01 INFO     __main__  HEARTBEAT eval=0 signals=0 fills=0 arbs=0 arb-fills=0 no-spot=0 no-book=16160 warmup=0 markets=36 btcusdt[σ=0.071 iv=0.313 μ=+0.097] ethusdt[σ=0.079 iv=0.475 μ=-0.059] top-raw-gap=-1.000 ()
11:04:03 WARNING  src.poly_ws  Polymarket WS closed (no close frame received or sent), reconnecting in 1.0s
11:04:04 INFO     src.poly_ws  Polymarket WS connected: wss://ws-subscriptions-clob.polymarket.com/ws/market
11:04:32 INFO     src.poly_universe  Universe: 36 tradeable BTC/ETH markets (1 page(s), 72 BTC/ETH seen)
11:04:32 INFO     __main__  Universe refreshed: 36 markets
11:04:32 INFO     __main__  HEARTBEAT eval=933 signals=0 fills=0 arbs=0 arb-fills=0 no-spot=0 no-book=16202 warmup=0 markets=36 btcusdt[σ=0.080 iv=0.313 μ=+0.147] ethusdt[σ=0.064 iv=0.475 μ=-0.133] top-raw-gap=-1.000 ()
11:05:02 INFO     __main__  HEARTBEAT eval=0 signals=0 fills=0 arbs=0 arb-fills=0 no-spot=0 no-book=18188 warmup=0 markets=36 btcusdt[σ=0.088 iv=0.313 μ=+0.175] ethusdt[σ=0.122 iv=0.475 μ=-0.186] top-raw-gap=-1.000 ()
11:05:02 INFO     src.poly_universe  Universe: 36 tradeable BTC/ETH markets (1 page(s), 72 BTC/ETH seen)
11:05:02 INFO     __main__  Universe refreshed: 36 markets
11:05:32 INFO     __main__  HEARTBEAT eval=0 signals=0 fills=0 arbs=0 arb-fills=0 no-spot=0 no-book=19712 warmup=0 markets=36 btcusdt[σ=0.086 iv=0.313 μ=-0.094] ethusdt[σ=0.112 iv=0.475 μ=-0.012] top-raw-gap=-1.000 ()
11:05:32 INFO     src.poly_universe  Universe: 36 tradeable BTC/ETH markets (1 page(s), 72 BTC/ETH seen)
11:05:32 INFO     __main__  Universe refreshed: 36 markets
11:06:02 INFO     __main__  HEARTBEAT eval=0 signals=0 fills=0 arbs=0 arb-fills=0 no-spot=0 no-book=13988 warmup=0 markets=36 btcusdt[σ=0.069 iv=0.313 μ=-0.149] ethusdt[σ=0.073 iv=0.475 μ=-0.098] top-raw-gap=-1.000 ()
11:06:02 INFO     src.poly_universe  Universe: 36 tradeable BTC/ETH markets (1 page(s), 72 BTC/ETH seen)
11:06:02 INFO     __main__  Universe refreshed: 36 markets
11:06:32 INFO     __main__  HEARTBEAT eval=0 signals=0 fills=0 arbs=0 arb-fills=0 no-spot=0 no-book=16428 warmup=0 markets=36 btcusdt[σ=0.074 iv=0.313 μ=-0.179] ethusdt[σ=0.080 iv=0.474 μ=-0.165] top-raw-gap=-1.000 ()
11:06:32 INFO     src.poly_universe  Universe: 36 tradeable BTC/ETH markets (1 page(s), 72 BTC/ETH seen)
11:06:32 INFO     __main__  Universe refreshed: 36 markets
11:07:02 INFO     __main__  HEARTBEAT eval=0 signals=0 fills=0 arbs=0 arb-fills=0 no-spot=0 no-book=24824 warmup=0 markets=36 btcusdt[σ=0.102 iv=0.313 μ=-0.056] ethusdt[σ=0.110 iv=0.474 μ=-0.032] top-raw-gap=-1.000 ()
11:07:03 INFO     src.poly_universe  Universe: 36 tradeable BTC/ETH markets (1 page(s), 72 BTC/ETH seen)
11:07:03 INFO     __main__  Universe refreshed: 36 markets
11:07:32 INFO     __main__  HEARTBEAT eval=0 signals=0 fills=0 arbs=0 arb-fills=0 no-spot=0 no-book=14496 warmup=0 markets=36 btcusdt[σ=0.074 iv=0.313 μ=-0.172] ethusdt[σ=0.070 iv=0.474 μ=+0.070] top-raw-gap=-1.000 ()
11:07:33 INFO     src.poly_universe  Universe: 36 tradeable BTC/ETH markets (1 page(s), 72 BTC/ETH seen)
11:07:33 INFO     __main__  Universe refreshed: 36 markets
11:08:02 INFO     __main__  HEARTBEAT eval=0 signals=0 fills=0 arbs=0 arb-fills=0 no-spot=0 no-book=16464 warmup=0 markets=36 btcusdt[σ=0.090 iv=0.313 μ=-0.185] ethusdt[σ=0.090 iv=0.474 μ=+0.017] top-raw-gap=-1.000 ()
11:08:03 INFO     src.poly_universe  Universe: 36 tradeable BTC/ETH markets (1 page(s), 72 BTC/ETH seen)
11:08:03 INFO     __main__  Universe refreshed: 36 markets
11:08:33 INFO     __main__  HEARTBEAT eval=0 signals=0 fills=0 arbs=0 arb-fills=0 no-spot=0 no-book=18596 warmup=0 markets=36 btcusdt[σ=0.090 iv=0.313 μ=+0.124] ethusdt[σ=0.080 iv=0.474 μ=+0.004] top-raw-gap=-1.000 ()
11:08:33 INFO     src.poly_universe  Universe: 36 tradeable BTC/ETH markets (1 page(s), 72 BTC/ETH seen)
11:08:33 INFO     __main__  Universe refreshed: 36 markets
11:09:03 INFO     __main__  HEARTBEAT eval=0 signals=0 fills=0 arbs=0 arb-fills=0 no-spot=0 no-book=13736 warmup=0 markets=36 btcusdt[σ=0.070 iv=0.313 μ=-0.050] ethusdt[σ=0.061 iv=0.474 μ=+0.116] top-raw-gap=-1.000 ()
11:09:03 INFO     src.poly_universe  Universe: 36 tradeable BTC/ETH markets (1 page(s), 72 BTC/ETH seen)
11:09:03 INFO     __main__  Universe refreshed: 36 markets
11:09:33 INFO     __main__  HEARTBEAT eval=0 signals=0 fills=0 arbs=0 arb-fills=0 no-spot=0 no-book=15368 warmup=0 markets=36 btcusdt[σ=0.065 iv=0.314 μ=-0.182] ethusdt[σ=0.060 iv=0.475 μ=-0.041] top-raw-gap=-1.000 ()
11:09:33 INFO     src.poly_universe  Universe: 36 tradeable BTC/ETH markets (1 page(s), 72 BTC/ETH seen)
11:09:33 INFO     __main__  Universe refreshed: 36 markets
11:10:03 INFO     __main__  HEARTBEAT eval=0 signals=0 fills=0 arbs=0 arb-fills=0 no-spot=0 no-book=16444 warmup=0 markets=36 btcusdt[σ=0.057 iv=0.314 μ=+0.091] ethusdt[σ=0.068 iv=0.475 μ=+0.082] top-raw-gap=-1.000 ()
11:10:04 INFO     src.poly_universe  Universe: 36 tradeable BTC/ETH markets (1 page(s), 72 BTC/ETH seen)
11:10:04 INFO     __main__  Universe refreshed: 36 markets
11:10:33 INFO     __main__  HEARTBEAT eval=0 signals=0 fills=0 arbs=0 arb-fills=0 no-spot=0 no-book=16484 warmup=0 markets=36 btcusdt[σ=0.056 iv=0.314 μ=-0.057] ethusdt[σ=0.060 iv=0.475 μ=-0.010] top-raw-gap=-1.000 ()
11:10:34 INFO     src.poly_universe  Universe: 36 tradeable BTC/ETH markets (1 page(s), 72 BTC/ETH seen)
11:10:34 INFO     __main__  Universe refreshed: 36 markets
11:11:03 INFO     __main__  HEARTBEAT eval=0 signals=0 fills=0 arbs=0 arb-fills=0 no-spot=0 no-book=18636 warmup=0 markets=36 btcusdt[σ=0.052 iv=0.314 μ=-0.153] ethusdt[σ=0.068 iv=0.475 μ=-0.033] top-raw-gap=-1.000 ()
11:11:04 INFO     src.poly_universe  Universe: 36 tradeable BTC/ETH markets (1 page(s), 72 BTC/ETH seen)
11:11:04 INFO     __main__  Universe refreshed: 36 markets
11:11:33 INFO     __main__  HEARTBEAT eval=0 signals=0 fills=0 arbs=0 arb-fills=0 no-spot=0 no-book=14280 warmup=0 markets=36 btcusdt[σ=0.050 iv=0.314 μ=-0.007] ethusdt[σ=0.052 iv=0.474 μ=-0.005] top-raw-gap=-1.000 ()
11:11:34 INFO     src.poly_universe  Universe: 36 tradeable BTC/ETH markets (1 page(s), 72 BTC/ETH seen)
11:11:34 INFO     __main__  Universe refreshed: 36 markets
11:12:03 INFO     __main__  HEARTBEAT eval=0 signals=0 fills=0 arbs=0 arb-fills=0 no-spot=0 no-book=17944 warmup=0 markets=36 btcusdt[σ=0.050 iv=0.314 μ=+0.053] ethusdt[σ=0.050 iv=0.474 μ=-0.118] top-raw-gap=-1.000 ()
11:12:04 INFO     src.poly_universe  Universe: 36 tradeable BTC/ETH markets (1 page(s), 72 BTC/ETH seen)
11:12:04 INFO     __main__  Universe refreshed: 36 markets
11:12:33 INFO     __main__  HEARTBEAT eval=0 signals=0 fills=0 arbs=0 arb-fills=0 no-spot=0 no-book=18496 warmup=0 markets=36 btcusdt[σ=0.051 iv=0.315 μ=+0.160] ethusdt[σ=0.059 iv=0.474 μ=+0.084] top-raw-gap=-1.000 ()
11:12:34 INFO     src.poly_universe  Universe: 36 tradeable BTC/ETH markets (1 page(s), 72 BTC/ETH seen)
11:12:34 INFO     __main__  Universe refreshed: 36 markets
11:13:03 INFO     __main__  HEARTBEAT eval=0 signals=0 fills=0 arbs=0 arb-fills=0 no-spot=0 no-book=14072 warmup=0 markets=36 btcusdt[σ=0.050 iv=0.315 μ=-0.083] ethusdt[σ=0.071 iv=0.474 μ=-0.153] top-raw-gap=-1.000 ()
11:13:05 INFO     src.poly_universe  Universe: 36 tradeable BTC/ETH markets (1 page(s), 72 BTC/ETH seen)
11:13:05 INFO     __main__  Universe refreshed: 36 markets
11:13:33 INFO     __main__  HEARTBEAT eval=0 signals=0 fills=0 arbs=0 arb-fills=0 no-spot=0 no-book=16564 warmup=0 markets=36 btcusdt[σ=0.050 iv=0.315 μ=+0.036] ethusdt[σ=0.079 iv=0.474 μ=-0.068] top-raw-gap=-1.000 ()
11:13:35 INFO     src.poly_universe  Universe: 36 tradeable BTC/ETH markets (1 page(s), 72 BTC/ETH seen)
11:13:35 INFO     __main__  Universe refreshed: 36 markets
11:14:03 INFO     __main__  HEARTBEAT eval=0 signals=0 fills=0 arbs=0 arb-fills=0 no-spot=0 no-book=15140 warmup=0 markets=36 btcusdt[σ=0.066 iv=0.315 μ=-0.125] ethusdt[σ=0.087 iv=0.474 μ=-0.146] top-raw-gap=-1.000 ()
11:14:04 WARNING  src.poly_ws  Polymarket WS closed (no close frame received or sent), reconnecting in 1.0s
11:14:05 INFO     src.poly_universe  Universe: 36 tradeable BTC/ETH markets (1 page(s), 54 BTC/ETH seen)
11:14:05 INFO     __main__  Universe refreshed: 36 markets
11:14:06 INFO     src.poly_ws  Polymarket WS connected: wss://ws-subscriptions-clob.polymarket.com/ws/market
11:14:33 INFO     __main__  HEARTBEAT eval=1814 signals=0 fills=0 arbs=0 arb-fills=0 no-spot=0 no-book=11735 warmup=0 markets=36 btcusdt[σ=0.053 iv=0.315 μ=+0.029] ethusdt[σ=0.059 iv=0.474 μ=-0.186] top-raw-gap=-1.000 ()
11:14:35 INFO     src.poly_universe  Universe: 41 tradeable BTC/ETH markets (1 page(s), 41 BTC/ETH seen)
11:14:35 INFO     __main__  Universe refreshed: 41 markets
11:15:03 INFO     __main__  HEARTBEAT eval=0 signals=0 fills=0 arbs=0 arb-fills=0 no-spot=0 no-book=17056 warmup=0 markets=41 btcusdt[σ=0.050 iv=0.315 μ=-0.082] ethusdt[σ=0.050 iv=0.474 μ=-0.168] top-raw-gap=-1.000 ()
11:15:05 INFO     src.poly_universe  Universe: 41 tradeable BTC/ETH markets (1 page(s), 41 BTC/ETH seen)
11:15:05 INFO     __main__  Universe refreshed: 41 markets
11:15:33 INFO     __main__  HEARTBEAT eval=0 signals=0 fills=0 arbs=0 arb-fills=0 no-spot=0 no-book=13568 warmup=0 markets=41 btcusdt[σ=0.052 iv=0.315 μ=-0.109] ethusdt[σ=0.050 iv=0.474 μ=-0.192] top-raw-gap=-1.000 ()
11:15:35 INFO     src.poly_universe  Universe: 41 tradeable BTC/ETH markets (1 page(s), 41 BTC/ETH seen)
11:15:35 INFO     __main__  Universe refreshed: 41 markets
11:16:03 INFO     __main__  HEARTBEAT eval=0 signals=0 fills=0 arbs=0 arb-fills=0 no-spot=0 no-book=10788 warmup=0 markets=41 btcusdt[σ=0.050 iv=0.315 μ=+0.032] ethusdt[σ=0.050 iv=0.474 μ=-0.165] top-raw-gap=-1.000 ()
11:16:06 INFO     src.poly_universe  Universe: 41 tradeable BTC/ETH markets (1 page(s), 41 BTC/ETH seen)
11:16:06 INFO     __main__  Universe refreshed: 41 markets
11:16:33 INFO     __main__  HEARTBEAT eval=0 signals=0 fills=0 arbs=0 arb-fills=0 no-spot=0 no-book=18404 warmup=0 markets=41 btcusdt[σ=0.050 iv=0.315 μ=-0.039] ethusdt[σ=0.139 iv=0.475 μ=+0.073] top-raw-gap=-1.000 ()
11:16:36 INFO     src.poly_universe  Universe: 41 tradeable BTC/ETH markets (1 page(s), 41 BTC/ETH seen)
11:16:36 INFO     __main__  Universe refreshed: 41 markets
11:17:03 INFO     __main__  HEARTBEAT eval=0 signals=0 fills=0 arbs=0 arb-fills=0 no-spot=0 no-book=12152 warmup=0 markets=41 btcusdt[σ=0.050 iv=0.315 μ=+0.071] ethusdt[σ=0.131 iv=0.475 μ=-0.113] top-raw-gap=-1.000 ()
11:17:06 INFO     src.poly_universe  Universe: 40 tradeable BTC/ETH markets (1 page(s), 40 BTC/ETH seen)
11:17:06 INFO     __main__  Universe refreshed: 40 markets
11:17:34 INFO     __main__  HEARTBEAT eval=0 signals=0 fills=0 arbs=0 arb-fills=0 no-spot=0 no-book=19580 warmup=0 markets=40 btcusdt[σ=0.085 iv=0.315 μ=-0.091] ethusdt[σ=0.139 iv=0.475 μ=+0.029] top-raw-gap=-1.000 ()
11:17:36 INFO     src.poly_universe  Universe: 40 tradeable BTC/ETH markets (1 page(s), 40 BTC/ETH seen)
11:17:36 INFO     __main__  Universe refreshed: 40 markets
11:18:04 INFO     __main__  HEARTBEAT eval=0 signals=0 fills=0 arbs=0 arb-fills=0 no-spot=0 no-book=18248 warmup=0 markets=40 btcusdt[σ=0.063 iv=0.315 μ=+0.062] ethusdt[σ=0.102 iv=0.475 μ=-0.178] top-raw-gap=-1.000 ()
11:18:06 INFO     src.poly_universe  Universe: 41 tradeable BTC/ETH markets (1 page(s), 41 BTC/ETH seen)
11:18:06 INFO     __main__  Universe refreshed: 41 markets
11:18:34 INFO     __main__  HEARTBEAT eval=0 signals=0 fills=0 arbs=0 arb-fills=0 no-spot=0 no-book=18916 warmup=0 markets=41 btcusdt[σ=0.071 iv=0.316 μ=-0.138] ethusdt[σ=0.104 iv=0.475 μ=-0.168] top-raw-gap=-1.000 ()
11:18:36 INFO     src.poly_universe  Universe: 41 tradeable BTC/ETH markets (1 page(s), 41 BTC/ETH seen)
11:18:36 INFO     __main__  Universe refreshed: 41 markets
11:19:04 INFO     __main__  HEARTBEAT eval=0 signals=0 fills=0 arbs=0 arb-fills=0 no-spot=0 no-book=16184 warmup=0 markets=41 btcusdt[σ=0.077 iv=0.316 μ=-0.127] ethusdt[σ=0.113 iv=0.475 μ=+0.087] top-raw-gap=-1.000 ()
11:19:07 INFO     src.poly_universe  Universe: 41 tradeable BTC/ETH markets (1 page(s), 41 BTC/ETH seen)
11:19:07 INFO     __main__  Universe refreshed: 41 markets
11:19:34 INFO     __main__  HEARTBEAT eval=0 signals=0 fills=0 arbs=0 arb-fills=0 no-spot=0 no-book=15964 warmup=0 markets=41 btcusdt[σ=0.054 iv=0.316 μ=-0.037] ethusdt[σ=0.085 iv=0.474 μ=-0.140] top-raw-gap=-1.000 ()
11:19:37 INFO     src.poly_universe  Universe: 41 tradeable BTC/ETH markets (1 page(s), 41 BTC/ETH seen)
11:19:37 INFO     __main__  Universe refreshed: 41 markets
11:20:04 INFO     __main__  HEARTBEAT eval=0 signals=0 fills=0 arbs=0 arb-fills=0 no-spot=0 no-book=17024 warmup=0 markets=41 btcusdt[σ=0.054 iv=0.316 μ=-0.118] ethusdt[σ=0.085 iv=0.474 μ=-0.076] top-raw-gap=-1.000 ()
11:20:07 INFO     src.poly_universe  Universe: 41 tradeable BTC/ETH markets (1 page(s), 41 BTC/ETH seen)
11:20:07 INFO     __main__  Universe refreshed: 41 markets
11:20:34 INFO     __main__  HEARTBEAT eval=0 signals=0 fills=0 arbs=0 arb-fills=0 no-spot=0 no-book=17492 warmup=0 markets=41 btcusdt[σ=0.050 iv=0.316 μ=+0.034] ethusdt[σ=0.068 iv=0.474 μ=-0.104] top-raw-gap=-1.000 ()
11:20:37 INFO     src.poly_universe  Universe: 41 tradeable BTC/ETH markets (1 page(s), 41 BTC/ETH seen)
11:20:37 INFO     __main__  Universe refreshed: 41 markets
11:21:04 INFO     __main__  HEARTBEAT eval=0 signals=0 fills=0 arbs=0 arb-fills=0 no-spot=0 no-book=14120 warmup=0 markets=41 btcusdt[σ=0.050 iv=0.316 μ=-0.009] ethusdt[σ=0.079 iv=0.474 μ=-0.053] top-raw-gap=-1.000 ()
11:21:07 INFO     src.poly_universe  Universe: 40 tradeable BTC/ETH markets (1 page(s), 40 BTC/ETH seen)
11:21:07 INFO     __main__  Universe refreshed: 40 markets
11:21:34 INFO     __main__  HEARTBEAT eval=0 signals=0 fills=0 arbs=0 arb-fills=0 no-spot=0 no-book=12236 warmup=0 markets=40 btcusdt[σ=0.050 iv=0.316 μ=-0.196] ethusdt[σ=0.064 iv=0.474 μ=-0.189] top-raw-gap=-1.000 ()
11:21:37 INFO     src.poly_universe  Universe: 40 tradeable BTC/ETH markets (1 page(s), 40 BTC/ETH seen)
11:21:37 INFO     __main__  Universe refreshed: 40 markets
11:22:04 INFO     __main__  HEARTBEAT eval=0 signals=0 fills=0 arbs=0 arb-fills=0 no-spot=0 no-book=17380 warmup=0 markets=40 btcusdt[σ=0.050 iv=0.316 μ=-0.059] ethusdt[σ=0.060 iv=0.474 μ=-0.061] top-raw-gap=-1.000 ()
11:22:08 INFO     src.poly_universe  Universe: 40 tradeable BTC/ETH markets (1 page(s), 40 BTC/ETH seen)
11:22:08 INFO     __main__  Universe refreshed: 40 markets
11:22:34 INFO     __main__  HEARTBEAT eval=0 signals=0 fills=0 arbs=0 arb-fills=0 no-spot=0 no-book=15804 warmup=0 markets=40 btcusdt[σ=0.051 iv=0.316 μ=+0.079] ethusdt[σ=0.066 iv=0.474 μ=-0.032] top-raw-gap=-1.000 ()
11:22:38 INFO     src.poly_universe  Universe: 40 tradeable BTC/ETH markets (1 page(s), 40 BTC/ETH seen)
11:22:38 INFO     __main__  Universe refreshed: 40 markets
11:23:05 INFO     __main__  HEARTBEAT eval=0 signals=0 fills=0 arbs=0 arb-fills=0 no-spot=0 no-book=12708 warmup=0 markets=40 btcusdt[σ=0.052 iv=0.316 μ=-0.008] ethusdt[σ=0.092 iv=0.474 μ=-0.120] top-raw-gap=-1.000 ()
11:23:08 INFO     src.poly_universe  Universe: 40 tradeable BTC/ETH markets (1 page(s), 40 BTC/ETH seen)
11:23:08 INFO     __main__  Universe refreshed: 40 markets
11:23:35 INFO     __main__  HEARTBEAT eval=0 signals=0 fills=0 arbs=0 arb-fills=0 no-spot=0 no-book=16684 warmup=0 markets=40 btcusdt[σ=0.052 iv=0.316 μ=-0.191] ethusdt[σ=0.081 iv=0.474 μ=-0.161] top-raw-gap=-1.000 ()
11:23:38 INFO     src.poly_universe  Universe: 40 tradeable BTC/ETH markets (1 page(s), 40 BTC/ETH seen)
11:23:38 INFO     __main__  Universe refreshed: 40 markets
11:24:05 INFO     __main__  HEARTBEAT eval=0 signals=0 fills=0 arbs=0 arb-fills=0 no-spot=0 no-book=13716 warmup=0 markets=40 btcusdt[σ=0.052 iv=0.316 μ=+0.190] ethusdt[σ=0.070 iv=0.474 μ=-0.045] top-raw-gap=-1.000 ()
11:24:08 INFO     src.poly_universe  Universe: 40 tradeable BTC/ETH markets (1 page(s), 40 BTC/ETH seen)
11:24:08 INFO     __main__  Universe refreshed: 40 markets
11:24:35 INFO     __main__  HEARTBEAT eval=0 signals=0 fills=0 arbs=0 arb-fills=0 no-spot=0 no-book=16636 warmup=0 markets=40 btcusdt[σ=0.050 iv=0.316 μ=-0.132] ethusdt[σ=0.053 iv=0.474 μ=-0.047] top-raw-gap=-1.000 ()
11:24:39 INFO     src.poly_universe  Universe: 39 tradeable BTC/ETH markets (1 page(s), 39 BTC/ETH seen)
11:24:39 INFO     __main__  Universe refreshed: 39 markets
11:25:05 INFO     __main__  HEARTBEAT eval=0 signals=0 fills=0 arbs=0 arb-fills=0 no-spot=0 no-book=17268 warmup=0 markets=39 btcusdt[σ=0.050 iv=0.316 μ=-0.091] ethusdt[σ=0.050 iv=0.474 μ=-0.055] top-raw-gap=-1.000 ()
11:25:09 INFO     src.poly_universe  Universe: 40 tradeable BTC/ETH markets (1 page(s), 40 BTC/ETH seen)
11:25:09 INFO     __main__  Universe refreshed: 40 markets
11:25:35 INFO     __main__  HEARTBEAT eval=0 signals=0 fills=0 arbs=0 arb-fills=0 no-spot=0 no-book=12836 warmup=0 markets=40 btcusdt[σ=0.050 iv=0.316 μ=+0.097] ethusdt[σ=0.050 iv=0.472 μ=-0.134] top-raw-gap=-1.000 ()
11:25:39 INFO     src.poly_universe  Universe: 40 tradeable BTC/ETH markets (1 page(s), 40 BTC/ETH seen)
11:25:39 INFO     __main__  Universe refreshed: 40 markets
11:26:05 INFO     __main__  HEARTBEAT eval=0 signals=0 fills=0 arbs=0 arb-fills=0 no-spot=0 no-book=14276 warmup=0 markets=40 btcusdt[σ=0.050 iv=0.316 μ=-0.023] ethusdt[σ=0.050 iv=0.472 μ=-0.195] top-raw-gap=-1.000 ()
11:26:09 INFO     src.poly_universe  Universe: 40 tradeable BTC/ETH markets (1 page(s), 40 BTC/ETH seen)
11:26:09 INFO     __main__  Universe refreshed: 40 markets
11:26:35 INFO     __main__  HEARTBEAT eval=0 signals=0 fills=0 arbs=0 arb-fills=0 no-spot=0 no-book=15000 warmup=0 markets=40 btcusdt[σ=0.050 iv=0.316 μ=+0.033] ethusdt[σ=0.074 iv=0.472 μ=-0.126] top-raw-gap=-1.000 ()
11:26:39 INFO     src.poly_universe  Universe: 40 tradeable BTC/ETH markets (1 page(s), 40 BTC/ETH seen)
11:26:39 INFO     __main__  Universe refreshed: 40 markets
11:27:05 INFO     __main__  HEARTBEAT eval=0 signals=0 fills=0 arbs=0 arb-fills=0 no-spot=0 no-book=14012 warmup=0 markets=40 btcusdt[σ=0.059 iv=0.316 μ=-0.131] ethusdt[σ=0.076 iv=0.472 μ=-0.087] top-raw-gap=-1.000 ()
11:27:10 INFO     src.poly_universe  Universe: 39 tradeable BTC/ETH markets (1 page(s), 39 BTC/ETH seen)
11:27:10 INFO     __main__  Universe refreshed: 39 markets
11:27:35 INFO     __main__  HEARTBEAT eval=0 signals=0 fills=0 arbs=0 arb-fills=0 no-spot=0 no-book=18508 warmup=0 markets=39 btcusdt[σ=0.050 iv=0.316 μ=-0.155] ethusdt[σ=0.057 iv=0.470 μ=-0.088] top-raw-gap=-1.000 ()
11:27:40 INFO     src.poly_universe  Universe: 38 tradeable BTC/ETH markets (1 page(s), 38 BTC/ETH seen)
11:27:40 INFO     __main__  Universe refreshed: 38 markets
11:28:05 INFO     __main__  HEARTBEAT eval=0 signals=0 fills=0 arbs=0 arb-fills=0 no-spot=0 no-book=17104 warmup=0 markets=38 btcusdt[σ=0.050 iv=0.316 μ=+0.068] ethusdt[σ=0.050 iv=0.470 μ=-0.064] top-raw-gap=-1.000 ()
11:28:10 INFO     src.poly_universe  Universe: 39 tradeable BTC/ETH markets (1 page(s), 39 BTC/ETH seen)
11:28:10 INFO     __main__  Universe refreshed: 39 markets
11:28:35 INFO     __main__  HEARTBEAT eval=0 signals=0 fills=0 arbs=0 arb-fills=0 no-spot=0 no-book=12440 warmup=0 markets=39 btcusdt[σ=0.050 iv=0.316 μ=-0.013] ethusdt[σ=0.063 iv=0.470 μ=-0.065] top-raw-gap=-1.000 ()
11:28:40 INFO     src.poly_universe  Universe: 38 tradeable BTC/ETH markets (1 page(s), 38 BTC/ETH seen)
11:28:40 INFO     __main__  Universe refreshed: 38 markets
11:29:05 INFO     __main__  HEARTBEAT eval=0 signals=0 fills=0 arbs=0 arb-fills=0 no-spot=0 no-book=15104 warmup=0 markets=38 btcusdt[σ=0.050 iv=0.316 μ=+0.013] ethusdt[σ=0.064 iv=0.470 μ=-0.096] top-raw-gap=-1.000 ()
11:29:10 INFO     src.poly_universe  Universe: 38 tradeable BTC/ETH markets (1 page(s), 38 BTC/ETH seen)
11:29:10 INFO     __main__  Universe refreshed: 38 markets
11:29:35 INFO     __main__  HEARTBEAT eval=0 signals=0 fills=0 arbs=0 arb-fills=0 no-spot=0 no-book=13272 warmup=0 markets=38 btcusdt[σ=0.050 iv=0.316 μ=+0.151] ethusdt[σ=0.052 iv=0.470 μ=-0.092] top-raw-gap=-1.000 ()
11:29:40 INFO     src.poly_universe  Universe: 38 tradeable BTC/ETH markets (1 page(s), 38 BTC/ETH seen)
11:29:40 INFO     __main__  Universe refreshed: 38 markets
11:30:05 INFO     __main__  HEARTBEAT eval=0 signals=0 fills=0 arbs=0 arb-fills=0 no-spot=0 no-book=13928 warmup=0 markets=38 btcusdt[σ=0.065 iv=0.316 μ=-0.115] ethusdt[σ=0.067 iv=0.470 μ=-0.174] top-raw-gap=-1.000 ()
11:30:10 INFO     src.poly_universe  Universe: 38 tradeable BTC/ETH markets (1 page(s), 38 BTC/ETH seen)
11:30:10 INFO     __main__  Universe refreshed: 38 markets
11:30:35 INFO     __main__  HEARTBEAT eval=0 signals=0 fills=0 arbs=0 arb-fills=0 no-spot=0 no-book=16568 warmup=0 markets=38 btcusdt[σ=0.061 iv=0.316 μ=+0.088] ethusdt[σ=0.078 iv=0.469 μ=-0.055] top-raw-gap=-1.000 ()
11:30:40 INFO     src.poly_universe  Universe: 38 tradeable BTC/ETH markets (1 page(s), 38 BTC/ETH seen)
11:30:40 INFO     __main__  Universe refreshed: 38 markets
11:31:05 INFO     __main__  HEARTBEAT eval=63 signals=0 fills=0 arbs=0 arb-fills=0 no-spot=0 no-book=14746 warmup=0 markets=38 btcusdt[σ=0.050 iv=0.316 μ=+0.099] ethusdt[σ=0.066 iv=0.469 μ=-0.118] top-raw-gap=-1.000 ()
11:31:11 INFO     src.poly_universe  Universe: 38 tradeable BTC/ETH markets (1 page(s), 38 BTC/ETH seen)
11:31:11 INFO     __main__  Universe refreshed: 38 markets
11:31:35 INFO     __main__  HEARTBEAT eval=0 signals=0 fills=0 arbs=0 arb-fills=0 no-spot=17 no-book=13592 warmup=0 markets=38 btcusdt[σ=0.050 iv=0.316 μ=-0.181] ethusdt[σ=0.066 iv=0.469 μ=-0.096] top-raw-gap=-1.000 ()
11:31:41 INFO     src.poly_universe  Universe: 39 tradeable BTC/ETH markets (1 page(s), 39 BTC/ETH seen)
11:31:41 INFO     __main__  Universe refreshed: 39 markets
11:32:05 INFO     __main__  HEARTBEAT eval=0 signals=0 fills=0 arbs=0 arb-fills=0 no-spot=0 no-book=15336 warmup=0 markets=39 btcusdt[σ=0.050 iv=0.316 μ=-0.143] ethusdt[σ=0.052 iv=0.469 μ=-0.071] top-raw-gap=-1.000 ()
11:32:11 INFO     src.poly_universe  Universe: 39 tradeable BTC/ETH markets (1 page(s), 39 BTC/ETH seen)
11:32:11 INFO     __main__  Universe refreshed: 39 markets
11:32:36 INFO     __main__  HEARTBEAT eval=0 signals=0 fills=0 arbs=0 arb-fills=0 no-spot=18 no-book=15488 warmup=0 markets=39 btcusdt[σ=0.050 iv=0.316 μ=+0.062] ethusdt[σ=0.057 iv=0.469 μ=+0.112] top-raw-gap=-1.000 ()
11:32:41 INFO     src.poly_universe  Universe: 39 tradeable BTC/ETH markets (1 page(s), 39 BTC/ETH seen)
11:32:41 INFO     __main__  Universe refreshed: 39 markets
11:33:06 INFO     __main__  HEARTBEAT eval=0 signals=0 fills=0 arbs=0 arb-fills=0 no-spot=0 no-book=14344 warmup=0 markets=39 btcusdt[σ=0.061 iv=0.316 μ=-0.165] ethusdt[σ=0.060 iv=0.469 μ=-0.006] top-raw-gap=-1.000 ()
11:33:12 INFO     src.poly_universe  Universe: 39 tradeable BTC/ETH markets (1 page(s), 39 BTC/ETH seen)
11:33:12 INFO     __main__  Universe refreshed: 39 markets
11:33:36 INFO     __main__  HEARTBEAT eval=0 signals=0 fills=0 arbs=0 arb-fills=0 no-spot=0 no-book=20484 warmup=0 markets=39 btcusdt[σ=0.098 iv=0.316 μ=+0.158] ethusdt[σ=0.098 iv=0.469 μ=+0.069] top-raw-gap=-1.000 ()
11:33:42 INFO     src.poly_universe  Universe: 39 tradeable BTC/ETH markets (1 page(s), 39 BTC/ETH seen)
11:33:42 INFO     __main__  Universe refreshed: 39 markets
11:34:06 INFO     __main__  HEARTBEAT eval=0 signals=0 fills=0 arbs=0 arb-fills=0 no-spot=0 no-book=23432 warmup=0 markets=39 btcusdt[σ=0.092 iv=0.316 μ=+0.130] ethusdt[σ=0.083 iv=0.469 μ=+0.079] top-raw-gap=-1.000 ()
11:34:12 INFO     src.poly_universe  Universe: 36 tradeable BTC/ETH markets (1 page(s), 36 BTC/ETH seen)
11:34:12 INFO     __main__  Universe refreshed: 36 markets
11:34:36 INFO     __main__  HEARTBEAT eval=0 signals=0 fills=0 arbs=0 arb-fills=0 no-spot=0 no-book=17032 warmup=0 markets=36 btcusdt[σ=0.087 iv=0.316 μ=-0.160] ethusdt[σ=0.074 iv=0.469 μ=-0.156] top-raw-gap=-1.000 ()
11:34:42 INFO     src.poly_universe  Universe: 36 tradeable BTC/ETH markets (1 page(s), 36 BTC/ETH seen)
11:34:42 INFO     __main__  Universe refreshed: 36 markets
11:35:06 INFO     __main__  HEARTBEAT eval=0 signals=0 fills=0 arbs=0 arb-fills=0 no-spot=16 no-book=10076 warmup=0 markets=36 btcusdt[σ=0.058 iv=0.316 μ=-0.084] ethusdt[σ=0.061 iv=0.469 μ=+0.082] top-raw-gap=-1.000 ()
11:35:12 INFO     src.poly_universe  Universe: 36 tradeable BTC/ETH markets (1 page(s), 36 BTC/ETH seen)
11:35:12 INFO     __main__  Universe refreshed: 36 markets
11:35:36 INFO     __main__  HEARTBEAT eval=0 signals=0 fills=0 arbs=0 arb-fills=0 no-spot=0 no-book=15716 warmup=0 markets=36 btcusdt[σ=0.065 iv=0.316 μ=-0.037] ethusdt[σ=0.068 iv=0.468 μ=-0.169] top-raw-gap=-1.000 ()
11:35:42 INFO     src.poly_universe  Universe: 36 tradeable BTC/ETH markets (1 page(s), 36 BTC/ETH seen)
11:35:42 INFO     __main__  Universe refreshed: 36 markets
11:36:11 INFO     __main__  HEARTBEAT eval=0 signals=0 fills=0 arbs=0 arb-fills=0 no-spot=0 no-book=17064 warmup=0 markets=36 btcusdt[σ=0.078 iv=0.316 μ=+0.145] ethusdt[σ=0.076 iv=0.468 μ=-0.037] top-raw-gap=-1.000 ()
11:36:17 INFO     src.poly_universe  Universe: 36 tradeable BTC/ETH markets (1 page(s), 36 BTC/ETH seen)
11:36:17 INFO     __main__  Universe refreshed: 36 markets
11:36:41 INFO     __main__  HEARTBEAT eval=0 signals=0 fills=0 arbs=0 arb-fills=0 no-spot=0 no-book=17964 warmup=0 markets=36 btcusdt[σ=0.078 iv=0.316 μ=+0.041] ethusdt[σ=0.075 iv=0.468 μ=-0.137] top-raw-gap=-1.000 ()
11:36:47 INFO     src.poly_universe  Universe: 36 tradeable BTC/ETH markets (1 page(s), 36 BTC/ETH seen)
11:36:47 INFO     __main__  Universe refreshed: 36 markets
11:37:11 INFO     __main__  HEARTBEAT eval=0 signals=0 fills=0 arbs=0 arb-fills=0 no-spot=0 no-book=15725 warmup=0 markets=36 btcusdt[σ=0.059 iv=0.316 μ=-0.037] ethusdt[σ=0.060 iv=0.468 μ=-0.162] top-raw-gap=-1.000 ()
11:37:17 INFO     src.poly_universe  Universe: 36 tradeable BTC/ETH markets (1 page(s), 36 BTC/ETH seen)
11:37:17 INFO     __main__  Universe refreshed: 36 markets
11:37:41 INFO     __main__  HEARTBEAT eval=0 signals=0 fills=0 arbs=0 arb-fills=0 no-spot=0 no-book=14096 warmup=0 markets=36 btcusdt[σ=0.072 iv=0.317 μ=-0.004] ethusdt[σ=0.053 iv=0.468 μ=-0.146] top-raw-gap=-1.000 ()
11:37:47 INFO     src.poly_universe  Universe: 36 tradeable BTC/ETH markets (1 page(s), 36 BTC/ETH seen)
11:37:47 INFO     __main__  Universe refreshed: 36 markets
11:38:11 INFO     __main__  HEARTBEAT eval=0 signals=0 fills=0 arbs=0 arb-fills=0 no-spot=0 no-book=13476 warmup=0 markets=36 btcusdt[σ=0.068 iv=0.317 μ=-0.111] ethusdt[σ=0.058 iv=0.468 μ=-0.158] top-raw-gap=-1.000 ()
11:38:17 INFO     src.poly_universe  Universe: 36 tradeable BTC/ETH markets (1 page(s), 36 BTC/ETH seen)
11:38:17 INFO     __main__  Universe refreshed: 36 markets
11:38:41 INFO     __main__  HEARTBEAT eval=0 signals=0 fills=0 arbs=0 arb-fills=0 no-spot=0 no-book=13560 warmup=0 markets=36 btcusdt[σ=0.050 iv=0.317 μ=-0.139] ethusdt[σ=0.051 iv=0.468 μ=-0.107] top-raw-gap=-1.000 ()
11:38:48 INFO     src.poly_universe  Universe: 36 tradeable BTC/ETH markets (1 page(s), 36 BTC/ETH seen)
11:38:48 INFO     __main__  Universe refreshed: 36 markets
11:39:11 INFO     __main__  HEARTBEAT eval=0 signals=0 fills=0 arbs=0 arb-fills=0 no-spot=0 no-book=15732 warmup=0 markets=36 btcusdt[σ=0.050 iv=0.317 μ=-0.157] ethusdt[σ=0.050 iv=0.468 μ=-0.180] top-raw-gap=-1.000 ()
11:39:18 INFO     src.poly_universe  Universe: 36 tradeable BTC/ETH markets (1 page(s), 36 BTC/ETH seen)
11:39:18 INFO     __main__  Universe refreshed: 36 markets
11:39:41 INFO     __main__  HEARTBEAT eval=0 signals=0 fills=0 arbs=0 arb-fills=0 no-spot=0 no-book=15540 warmup=0 markets=36 btcusdt[σ=0.050 iv=0.318 μ=-0.191] ethusdt[σ=0.133 iv=0.468 μ=-0.071] top-raw-gap=-1.000 ()
11:39:48 INFO     src.poly_universe  Universe: 36 tradeable BTC/ETH markets (1 page(s), 36 BTC/ETH seen)
11:39:48 INFO     __main__  Universe refreshed: 36 markets
11:40:11 INFO     __main__  HEARTBEAT eval=0 signals=0 fills=0 arbs=0 arb-fills=0 no-spot=0 no-book=16348 warmup=0 markets=36 btcusdt[σ=0.061 iv=0.318 μ=+0.127] ethusdt[σ=0.089 iv=0.468 μ=+0.086] top-raw-gap=-1.000 ()
11:40:18 INFO     src.poly_universe  Universe: 36 tradeable BTC/ETH markets (1 page(s), 36 BTC/ETH seen)
11:40:18 INFO     __main__  Universe refreshed: 36 markets
11:40:41 INFO     __main__  HEARTBEAT eval=0 signals=0 fills=0 arbs=0 arb-fills=0 no-spot=0 no-book=10368 warmup=0 markets=36 btcusdt[σ=0.050 iv=0.318 μ=-0.029] ethusdt[σ=0.059 iv=0.468 μ=-0.148] top-raw-gap=-1.000 ()
11:40:48 INFO     src.poly_universe  Universe: 36 tradeable BTC/ETH markets (1 page(s), 36 BTC/ETH seen)
11:40:48 INFO     __main__  Universe refreshed: 36 markets
11:41:11 INFO     __main__  HEARTBEAT eval=0 signals=0 fills=0 arbs=0 arb-fills=0 no-spot=0 no-book=20944 warmup=0 markets=36 btcusdt[σ=0.065 iv=0.318 μ=-0.017] ethusdt[σ=0.077 iv=0.468 μ=+0.099] top-raw-gap=-1.000 ()
11:41:18 INFO     src.poly_universe  Universe: 36 tradeable BTC/ETH markets (1 page(s), 36 BTC/ETH seen)
11:41:18 INFO     __main__  Universe refreshed: 36 markets
11:41:42 INFO     __main__  HEARTBEAT eval=0 signals=0 fills=0 arbs=0 arb-fills=0 no-spot=0 no-book=18588 warmup=0 markets=36 btcusdt[σ=0.069 iv=0.319 μ=-0.028] ethusdt[σ=0.086 iv=0.468 μ=+0.041] top-raw-gap=-1.000 ()
11:41:48 INFO     src.poly_universe  Universe: 36 tradeable BTC/ETH markets (1 page(s), 36 BTC/ETH seen)
11:41:48 INFO     __main__  Universe refreshed: 36 markets
11:42:12 INFO     __main__  HEARTBEAT eval=0 signals=0 fills=0 arbs=0 arb-fills=0 no-spot=0 no-book=14968 warmup=0 markets=36 btcusdt[σ=0.081 iv=0.319 μ=+0.013] ethusdt[σ=0.072 iv=0.468 μ=+0.009] top-raw-gap=-1.000 ()
11:42:19 INFO     src.poly_universe  Universe: 40 tradeable BTC/ETH markets (1 page(s), 40 BTC/ETH seen)
11:42:19 INFO     __main__  Universe refreshed: 40 markets
11:42:42 INFO     __main__  HEARTBEAT eval=0 signals=0 fills=0 arbs=0 arb-fills=0 no-spot=0 no-book=14845 warmup=0 markets=40 btcusdt[σ=0.059 iv=0.319 μ=+0.067] ethusdt[σ=0.054 iv=0.468 μ=+0.096] top-raw-gap=-1.000 ()
11:42:49 INFO     src.poly_universe  Universe: 60 tradeable BTC/ETH markets (1 page(s), 60 BTC/ETH seen)
11:42:49 INFO     __main__  Universe refreshed: 60 markets
11:43:12 INFO     __main__  HEARTBEAT eval=0 signals=0 fills=0 arbs=0 arb-fills=0 no-spot=0 no-book=16676 warmup=0 markets=60 btcusdt[σ=0.056 iv=0.319 μ=+0.063] ethusdt[σ=0.054 iv=0.468 μ=+0.081] top-raw-gap=-1.000 ()
11:43:19 INFO     src.poly_universe  Universe: 71 tradeable BTC/ETH markets (1 page(s), 71 BTC/ETH seen)
11:43:19 INFO     __main__  Universe refreshed: 71 markets
11:43:42 INFO     __main__  HEARTBEAT eval=0 signals=0 fills=0 arbs=0 arb-fills=0 no-spot=0 no-book=20341 warmup=0 markets=71 btcusdt[σ=0.050 iv=0.319 μ=+0.016] ethusdt[σ=0.050 iv=0.468 μ=-0.040] top-raw-gap=-1.000 ()
11:43:49 INFO     src.poly_universe  Universe: 72 tradeable BTC/ETH markets (1 page(s), 72 BTC/ETH seen)
11:43:49 INFO     __main__  Universe refreshed: 72 markets
11:44:12 INFO     __main__  HEARTBEAT eval=0 signals=0 fills=0 arbs=0 arb-fills=0 no-spot=0 no-book=30478 warmup=0 markets=72 btcusdt[σ=0.050 iv=0.319 μ=-0.011] ethusdt[σ=0.061 iv=0.468 μ=+0.022] top-raw-gap=-1.000 ()
11:44:19 INFO     src.poly_universe  Universe: 72 tradeable BTC/ETH markets (1 page(s), 72 BTC/ETH seen)
11:44:19 INFO     __main__  Universe refreshed: 72 markets
11:44:42 INFO     __main__  HEARTBEAT eval=46 signals=0 fills=0 arbs=0 arb-fills=0 no-spot=0 no-book=27331 warmup=0 markets=72 btcusdt[σ=0.050 iv=0.319 μ=+0.109] ethusdt[σ=0.074 iv=0.468 μ=+0.132] top-raw-gap=-1.000 ()
11:44:49 INFO     src.poly_universe  Universe: 72 tradeable BTC/ETH markets (1 page(s), 72 BTC/ETH seen)
11:44:49 INFO     __main__  Universe refreshed: 72 markets
11:45:12 INFO     __main__  HEARTBEAT eval=0 signals=0 fills=0 arbs=0 arb-fills=0 no-spot=0 no-book=26320 warmup=0 markets=72 btcusdt[σ=0.050 iv=0.319 μ=-0.159] ethusdt[σ=0.088 iv=0.468 μ=+0.023] top-raw-gap=-1.000 ()
11:45:19 INFO     src.poly_universe  Universe: 72 tradeable BTC/ETH markets (1 page(s), 72 BTC/ETH seen)
11:45:19 INFO     __main__  Universe refreshed: 72 markets
11:45:42 INFO     __main__  HEARTBEAT eval=0 signals=0 fills=0 arbs=0 arb-fills=0 no-spot=0 no-book=36720 warmup=0 markets=72 btcusdt[σ=0.071 iv=0.319 μ=-0.077] ethusdt[σ=0.080 iv=0.468 μ=-0.050] top-raw-gap=-1.000 ()
11:45:50 INFO     src.poly_universe  Universe: 72 tradeable BTC/ETH markets (1 page(s), 72 BTC/ETH seen)
11:45:50 INFO     __main__  Universe refreshed: 72 markets
11:46:12 INFO     __main__  HEARTBEAT eval=0 signals=0 fills=0 arbs=0 arb-fills=0 no-spot=0 no-book=27048 warmup=0 markets=72 btcusdt[σ=0.053 iv=0.319 μ=+0.042] ethusdt[σ=0.059 iv=0.468 μ=+0.024] top-raw-gap=-1.000 ()
11:46:20 INFO     src.poly_universe  Universe: 72 tradeable BTC/ETH markets (1 page(s), 72 BTC/ETH seen)
11:46:20 INFO     __main__  Universe refreshed: 72 markets
11:46:42 INFO     __main__  HEARTBEAT eval=0 signals=0 fills=0 arbs=0 arb-fills=0 no-spot=0 no-book=28976 warmup=0 markets=72 btcusdt[σ=0.050 iv=0.320 μ=-0.141] ethusdt[σ=0.050 iv=0.468 μ=-0.110] top-raw-gap=-1.000 ()
11:46:50 INFO     src.poly_universe  Universe: 72 tradeable BTC/ETH markets (1 page(s), 72 BTC/ETH seen)
11:46:50 INFO     __main__  Universe refreshed: 72 markets
11:47:12 INFO     __main__  HEARTBEAT eval=0 signals=0 fills=0 arbs=0 arb-fills=0 no-spot=0 no-book=32952 warmup=0 markets=72 btcusdt[σ=0.054 iv=0.320 μ=+0.167] ethusdt[σ=0.063 iv=0.468 μ=+0.098] top-raw-gap=-1.000 ()
11:47:20 INFO     src.poly_universe  Universe: 72 tradeable BTC/ETH markets (1 page(s), 72 BTC/ETH seen)
11:47:20 INFO     __main__  Universe refreshed: 72 markets
11:47:43 INFO     __main__  HEARTBEAT eval=0 signals=0 fills=0 arbs=0 arb-fills=0 no-spot=0 no-book=29304 warmup=0 markets=72 btcusdt[σ=0.051 iv=0.320 μ=-0.075] ethusdt[σ=0.071 iv=0.468 μ=-0.106] top-raw-gap=-1.000 ()
11:47:50 INFO     src.poly_universe  Universe: 72 tradeable BTC/ETH markets (1 page(s), 72 BTC/ETH seen)
11:47:50 INFO     __main__  Universe refreshed: 72 markets
11:48:13 INFO     __main__  HEARTBEAT eval=0 signals=0 fills=0 arbs=0 arb-fills=0 no-spot=0 no-book=27752 warmup=0 markets=72 btcusdt[σ=0.061 iv=0.320 μ=+0.137] ethusdt[σ=0.098 iv=0.468 μ=+0.014] top-raw-gap=-1.000 ()
11:48:20 INFO     src.poly_universe  Universe: 72 tradeable BTC/ETH markets (1 page(s), 72 BTC/ETH seen)
11:48:20 INFO     __main__  Universe refreshed: 72 markets
11:48:43 INFO     __main__  HEARTBEAT eval=0 signals=0 fills=0 arbs=0 arb-fills=0 no-spot=0 no-book=35184 warmup=0 markets=72 btcusdt[σ=0.057 iv=0.320 μ=+0.064] ethusdt[σ=0.085 iv=0.469 μ=-0.077] top-raw-gap=-1.000 ()
11:48:50 INFO     src.poly_universe  Universe: 72 tradeable BTC/ETH markets (1 page(s), 72 BTC/ETH seen)
11:48:50 INFO     __main__  Universe refreshed: 72 markets
11:49:13 INFO     __main__  HEARTBEAT eval=0 signals=0 fills=0 arbs=0 arb-fills=0 no-spot=0 no-book=23168 warmup=0 markets=72 btcusdt[σ=0.050 iv=0.320 μ=+0.147] ethusdt[σ=0.060 iv=0.469 μ=-0.127] top-raw-gap=-1.000 ()
11:49:21 INFO     src.poly_universe  Universe: 72 tradeable BTC/ETH markets (1 page(s), 72 BTC/ETH seen)
11:49:21 INFO     __main__  Universe refreshed: 72 markets
11:49:43 INFO     __main__  HEARTBEAT eval=0 signals=0 fills=0 arbs=0 arb-fills=0 no-spot=0 no-book=26776 warmup=0 markets=72 btcusdt[σ=0.050 iv=0.320 μ=-0.174] ethusdt[σ=0.050 iv=0.469 μ=+0.150] top-raw-gap=-1.000 ()
11:49:51 INFO     src.poly_universe  Universe: 72 tradeable BTC/ETH markets (1 page(s), 72 BTC/ETH seen)
11:49:51 INFO     __main__  Universe refreshed: 72 markets
11:50:13 INFO     __main__  HEARTBEAT eval=0 signals=0 fills=0 arbs=0 arb-fills=0 no-spot=0 no-book=28072 warmup=0 markets=72 btcusdt[σ=0.050 iv=0.320 μ=-0.170] ethusdt[σ=0.050 iv=0.469 μ=-0.200] top-raw-gap=-1.000 ()
11:50:21 INFO     src.poly_universe  Universe: 72 tradeable BTC/ETH markets (1 page(s), 72 BTC/ETH seen)
11:50:21 INFO     __main__  Universe refreshed: 72 markets
11:50:43 INFO     __main__  HEARTBEAT eval=0 signals=0 fills=0 arbs=0 arb-fills=0 no-spot=0 no-book=26400 warmup=0 markets=72 btcusdt[σ=0.050 iv=0.321 μ=-0.097] ethusdt[σ=0.053 iv=0.469 μ=-0.002] top-raw-gap=-1.000 ()
11:50:51 INFO     src.poly_universe  Universe: 72 tradeable BTC/ETH markets (1 page(s), 72 BTC/ETH seen)
11:50:51 INFO     __main__  Universe refreshed: 72 markets
11:51:13 INFO     __main__  HEARTBEAT eval=0 signals=0 fills=0 arbs=0 arb-fills=0 no-spot=0 no-book=25296 warmup=0 markets=72 btcusdt[σ=0.050 iv=0.321 μ=+0.027] ethusdt[σ=0.050 iv=0.469 μ=-0.075] top-raw-gap=-1.000 ()
11:51:21 INFO     src.poly_universe  Universe: 72 tradeable BTC/ETH markets (1 page(s), 72 BTC/ETH seen)
11:51:21 INFO     __main__  Universe refreshed: 72 markets
11:51:43 INFO     __main__  HEARTBEAT eval=0 signals=0 fills=0 arbs=0 arb-fills=0 no-spot=0 no-book=27083 warmup=54 markets=72 btcusdt[σ=0.050 iv=0.321 μ=-0.110] ethusdt[σ=0.053 iv=0.469 μ=-0.029] top-raw-gap=-1.000 ()
11:51:51 INFO     src.poly_universe  Universe: 72 tradeable BTC/ETH markets (1 page(s), 72 BTC/ETH seen)
11:51:51 INFO     __main__  Universe refreshed: 72 markets
11:52:13 INFO     __main__  HEARTBEAT eval=0 signals=0 fills=0 arbs=0 arb-fills=0 no-spot=0 no-book=30144 warmup=0 markets=72 btcusdt[σ=0.050 iv=0.321 μ=-0.140] ethusdt[σ=0.050 iv=0.469 μ=-0.184] top-raw-gap=-1.000 ()
11:52:22 INFO     src.poly_universe  Universe: 72 tradeable BTC/ETH markets (1 page(s), 72 BTC/ETH seen)
11:52:22 INFO     __main__  Universe refreshed: 72 markets
11:52:43 INFO     __main__  HEARTBEAT eval=0 signals=0 fills=0 arbs=0 arb-fills=0 no-spot=0 no-book=17080 warmup=0 markets=72 btcusdt[σ=0.050 iv=0.321 μ=-0.001] ethusdt[σ=0.050 iv=0.469 μ=-0.189] top-raw-gap=-1.000 ()
11:52:52 INFO     src.poly_universe  Universe: 72 tradeable BTC/ETH markets (1 page(s), 72 BTC/ETH seen)
11:52:52 INFO     __main__  Universe refreshed: 72 markets
11:53:13 INFO     __main__  HEARTBEAT eval=0 signals=0 fills=0 arbs=0 arb-fills=0 no-spot=0 no-book=27768 warmup=0 markets=72 btcusdt[σ=0.050 iv=0.321 μ=+0.105] ethusdt[σ=0.075 iv=0.469 μ=+0.133] top-raw-gap=-1.000 ()
11:53:22 INFO     src.poly_universe  Universe: 72 tradeable BTC/ETH markets (1 page(s), 72 BTC/ETH seen)
11:53:22 INFO     __main__  Universe refreshed: 72 markets
11:53:43 INFO     __main__  HEARTBEAT eval=0 signals=0 fills=0 arbs=0 arb-fills=0 no-spot=0 no-book=26648 warmup=0 markets=72 btcusdt[σ=0.050 iv=0.321 μ=+0.001] ethusdt[σ=0.055 iv=0.469 μ=-0.066] top-raw-gap=-1.000 ()
11:53:52 INFO     src.poly_universe  Universe: 72 tradeable BTC/ETH markets (1 page(s), 72 BTC/ETH seen)
11:53:52 INFO     __main__  Universe refreshed: 72 markets
11:53:52 WARNING  src.poly_ws  Polymarket WS closed (no close frame received or sent), reconnecting in 1.0s
11:53:54 INFO     src.poly_ws  Polymarket WS connected: wss://ws-subscriptions-clob.polymarket.com/ws/market
11:54:13 INFO     __main__  HEARTBEAT eval=669 signals=0 fills=0 arbs=0 arb-fills=0 no-spot=0 no-book=25715 warmup=1309 markets=72 btcusdt[σ=0.050 iv=0.321 μ=-0.152] ethusdt[σ=0.062 iv=0.469 μ=-0.118] top-raw-gap=-1.000 ()
11:54:22 INFO     src.poly_universe  Universe: 72 tradeable BTC/ETH markets (1 page(s), 72 BTC/ETH seen)
11:54:22 INFO     __main__  Universe refreshed: 72 markets
11:54:43 INFO     __main__  HEARTBEAT eval=0 signals=0 fills=0 arbs=0 arb-fills=0 no-spot=0 no-book=32848 warmup=0 markets=72 btcusdt[σ=0.050 iv=0.321 μ=+0.055] ethusdt[σ=0.062 iv=0.469 μ=+0.129] top-raw-gap=-1.000 ()
11:54:52 INFO     src.poly_universe  Universe: 72 tradeable BTC/ETH markets (1 page(s), 72 BTC/ETH seen)
11:54:52 INFO     __main__  Universe refreshed: 72 markets
11:55:13 INFO     __main__  HEARTBEAT eval=0 signals=0 fills=0 arbs=0 arb-fills=0 no-spot=0 no-book=33440 warmup=0 markets=72 btcusdt[σ=0.050 iv=0.321 μ=-0.176] ethusdt[σ=0.058 iv=0.469 μ=-0.101] top-raw-gap=-1.000 ()
11:55:22 INFO     src.poly_universe  Universe: 72 tradeable BTC/ETH markets (1 page(s), 72 BTC/ETH seen)
11:55:22 INFO     __main__  Universe refreshed: 72 markets
11:55:43 INFO     __main__  HEARTBEAT eval=0 signals=0 fills=0 arbs=0 arb-fills=0 no-spot=0 no-book=28272 warmup=0 markets=72 btcusdt[σ=0.050 iv=0.321 μ=-0.007] ethusdt[σ=0.050 iv=0.469 μ=+0.026] top-raw-gap=-1.000 ()
11:55:53 INFO     src.poly_universe  Universe: 72 tradeable BTC/ETH markets (1 page(s), 72 BTC/ETH seen)
11:55:53 INFO     __main__  Universe refreshed: 72 markets
11:56:14 INFO     __main__  HEARTBEAT eval=0 signals=0 fills=0 arbs=0 arb-fills=0 no-spot=0 no-book=25608 warmup=0 markets=72 btcusdt[σ=0.050 iv=0.321 μ=-0.153] ethusdt[σ=0.050 iv=0.469 μ=+0.112] top-raw-gap=-1.000 ()
11:56:23 INFO     src.poly_universe  Universe: 72 tradeable BTC/ETH markets (1 page(s), 72 BTC/ETH seen)
11:56:23 INFO     __main__  Universe refreshed: 72 markets
11:56:44 INFO     __main__  HEARTBEAT eval=0 signals=0 fills=0 arbs=0 arb-fills=0 no-spot=0 no-book=30088 warmup=0 markets=72 btcusdt[σ=0.050 iv=0.321 μ=-0.148] ethusdt[σ=0.050 iv=0.469 μ=+0.135] top-raw-gap=-1.000 ()
11:56:53 INFO     src.poly_universe  Universe: 72 tradeable BTC/ETH markets (1 page(s), 72 BTC/ETH seen)
11:56:53 INFO     __main__  Universe refreshed: 72 markets
11:57:14 INFO     __main__  HEARTBEAT eval=0 signals=0 fills=0 arbs=0 arb-fills=0 no-spot=0 no-book=23224 warmup=0 markets=72 btcusdt[σ=0.050 iv=0.321 μ=-0.016] ethusdt[σ=0.050 iv=0.469 μ=-0.070] top-raw-gap=-1.000 ()
11:57:23 INFO     src.poly_universe  Universe: 72 tradeable BTC/ETH markets (1 page(s), 72 BTC/ETH seen)
11:57:23 INFO     __main__  Universe refreshed: 72 markets
11:57:44 INFO     __main__  HEARTBEAT eval=0 signals=0 fills=0 arbs=0 arb-fills=0 no-spot=32 no-book=17232 warmup=0 markets=72 btcusdt[σ=0.050 iv=0.321 μ=-0.031] ethusdt[σ=0.050 iv=0.469 μ=-0.189] top-raw-gap=-1.000 ()
11:57:53 INFO     src.poly_universe  Universe: 72 tradeable BTC/ETH markets (1 page(s), 72 BTC/ETH seen)
11:57:53 INFO     __main__  Universe refreshed: 72 markets
11:58:14 INFO     __main__  HEARTBEAT eval=0 signals=0 fills=0 arbs=0 arb-fills=0 no-spot=0 no-book=14616 warmup=0 markets=72 btcusdt[σ=0.050 iv=0.321 μ=-0.024] ethusdt[σ=0.050 iv=0.469 μ=-0.171] top-raw-gap=-1.000 ()
11:58:23 INFO     src.poly_universe  Universe: 72 tradeable BTC/ETH markets (1 page(s), 72 BTC/ETH seen)
11:58:23 INFO     __main__  Universe refreshed: 72 markets
11:58:44 INFO     __main__  HEARTBEAT eval=0 signals=0 fills=0 arbs=0 arb-fills=0 no-spot=0 no-book=19032 warmup=0 markets=72 btcusdt[σ=0.050 iv=0.321 μ=+0.027] ethusdt[σ=0.050 iv=0.469 μ=-0.174] top-raw-gap=-1.000 ()
11:58:53 INFO     src.poly_universe  Universe: 72 tradeable BTC/ETH markets (1 page(s), 72 BTC/ETH seen)
11:58:53 INFO     __main__  Universe refreshed: 72 markets
11:59:14 INFO     __main__  HEARTBEAT eval=0 signals=0 fills=0 arbs=0 arb-fills=0 no-spot=0 no-book=15688 warmup=0 markets=72 btcusdt[σ=0.050 iv=0.321 μ=+0.137] ethusdt[σ=0.050 iv=0.469 μ=-0.193] top-raw-gap=-1.000 ()
11:59:24 INFO     src.poly_universe  Universe: 36 tradeable BTC/ETH markets (1 page(s), 72 BTC/ETH seen)
11:59:24 INFO     __main__  Universe refreshed: 36 markets
11:59:44 INFO     __main__  HEARTBEAT eval=0 signals=0 fills=0 arbs=0 arb-fills=0 no-spot=0 no-book=15320 warmup=0 markets=36 btcusdt[σ=0.050 iv=0.321 μ=+0.041] ethusdt[σ=0.050 iv=0.470 μ=+0.026] top-raw-gap=-1.000 ()
11:59:54 INFO     src.poly_universe  Universe: 36 tradeable BTC/ETH markets (1 page(s), 72 BTC/ETH seen)
11:59:54 INFO     __main__  Universe refreshed: 36 markets
12:00:14 INFO     __main__  HEARTBEAT eval=0 signals=0 fills=0 arbs=0 arb-fills=0 no-spot=0 no-book=11864 warmup=0 markets=36 btcusdt[σ=0.053 iv=0.321 μ=+0.105] ethusdt[σ=0.050 iv=0.470 μ=-0.184] top-raw-gap=-1.000 ()
12:00:24 INFO     src.poly_universe  Universe: 36 tradeable BTC/ETH markets (1 page(s), 72 BTC/ETH seen)
12:00:24 INFO     __main__  Universe refreshed: 36 markets
12:00:44 INFO     __main__  HEARTBEAT eval=0 signals=0 fills=0 arbs=0 arb-fills=0 no-spot=0 no-book=11256 warmup=0 markets=36 btcusdt[σ=0.050 iv=0.321 μ=-0.129] ethusdt[σ=0.050 iv=0.470 μ=-0.128] top-raw-gap=-1.000 ()
12:00:54 INFO     src.poly_universe  Universe: 36 tradeable BTC/ETH markets (1 page(s), 72 BTC/ETH seen)
12:00:54 INFO     __main__  Universe refreshed: 36 markets
12:01:15 INFO     __main__  HEARTBEAT eval=0 signals=0 fills=0 arbs=0 arb-fills=0 no-spot=0 no-book=8404 warmup=0 markets=36 btcusdt[σ=0.054 iv=0.321 μ=+0.118] ethusdt[σ=0.068 iv=0.470 μ=+0.058] top-raw-gap=-1.000 ()
12:01:24 INFO     src.poly_universe  Universe: 36 tradeable BTC/ETH markets (1 page(s), 72 BTC/ETH seen)
12:01:24 INFO     __main__  Universe refreshed: 36 markets
12:01:45 INFO     __main__  HEARTBEAT eval=0 signals=0 fills=0 arbs=0 arb-fills=0 no-spot=0 no-book=11324 warmup=0 markets=36 btcusdt[σ=0.050 iv=0.322 μ=+0.022] ethusdt[σ=0.060 iv=0.470 μ=+0.039] top-raw-gap=-1.000 ()
12:01:54 INFO     src.poly_universe  Universe: 36 tradeable BTC/ETH markets (1 page(s), 72 BTC/ETH seen)
12:01:54 INFO     __main__  Universe refreshed: 36 markets
12:02:15 INFO     __main__  HEARTBEAT eval=0 signals=0 fills=0 arbs=0 arb-fills=0 no-spot=0 no-book=7576 warmup=0 markets=36 btcusdt[σ=0.050 iv=0.322 μ=-0.130] ethusdt[σ=0.050 iv=0.470 μ=-0.197] top-raw-gap=-1.000 ()
12:02:24 INFO     src.poly_universe  Universe: 36 tradeable BTC/ETH markets (1 page(s), 72 BTC/ETH seen)
12:02:24 INFO     __main__  Universe refreshed: 36 markets
12:02:45 INFO     __main__  HEARTBEAT eval=0 signals=0 fills=0 arbs=0 arb-fills=0 no-spot=0 no-book=10844 warmup=0 markets=36 btcusdt[σ=0.075 iv=0.321 μ=+0.115] ethusdt[σ=0.114 iv=0.470 μ=+0.118] top-raw-gap=-1.000 ()
12:02:55 INFO     src.poly_universe  Universe: 36 tradeable BTC/ETH markets (1 page(s), 72 BTC/ETH seen)
12:02:55 INFO     __main__  Universe refreshed: 36 markets
12:03:15 INFO     __main__  HEARTBEAT eval=0 signals=0 fills=0 arbs=0 arb-fills=0 no-spot=0 no-book=13748 warmup=0 markets=36 btcusdt[σ=0.057 iv=0.321 μ=-0.130] ethusdt[σ=0.082 iv=0.470 μ=-0.102] top-raw-gap=-1.000 ()
12:03:25 INFO     src.poly_universe  Universe: 36 tradeable BTC/ETH markets (1 page(s), 72 BTC/ETH seen)
12:03:25 INFO     __main__  Universe refreshed: 36 markets
12:03:45 INFO     __main__  HEARTBEAT eval=0 signals=0 fills=0 arbs=0 arb-fills=0 no-spot=0 no-book=10940 warmup=0 markets=36 btcusdt[σ=0.050 iv=0.321 μ=-0.165] ethusdt[σ=0.054 iv=0.470 μ=-0.172] top-raw-gap=-1.000 ()
12:03:55 INFO     src.poly_universe  Universe: 36 tradeable BTC/ETH markets (1 page(s), 72 BTC/ETH seen)
12:03:55 INFO     __main__  Universe refreshed: 36 markets
12:03:58 WARNING  src.poly_ws  Polymarket WS closed (no close frame received or sent), reconnecting in 1.0s
12:03:59 INFO     src.poly_ws  Polymarket WS connected: wss://ws-subscriptions-clob.polymarket.com/ws/market
12:04:15 INFO     __main__  HEARTBEAT eval=183 signals=0 fills=0 arbs=0 arb-fills=0 no-spot=0 no-book=9926 warmup=1546 markets=36 btcusdt[σ=0.074 iv=0.321 μ=+0.146] ethusdt[σ=0.064 iv=0.470 μ=+0.039] top-raw-gap=-1.000 ()
12:04:25 INFO     src.poly_universe  Universe: 36 tradeable BTC/ETH markets (1 page(s), 72 BTC/ETH seen)
12:04:25 INFO     __main__  Universe refreshed: 36 markets
12:04:45 INFO     __main__  HEARTBEAT eval=0 signals=0 fills=0 arbs=0 arb-fills=0 no-spot=0 no-book=14024 warmup=0 markets=36 btcusdt[σ=0.051 iv=0.321 μ=-0.020] ethusdt[σ=0.055 iv=0.470 μ=-0.109] top-raw-gap=-1.000 ()
12:04:55 INFO     src.poly_universe  Universe: 36 tradeable BTC/ETH markets (1 page(s), 72 BTC/ETH seen)
12:04:55 INFO     __main__  Universe refreshed: 36 markets
12:05:15 INFO     __main__  HEARTBEAT eval=0 signals=0 fills=0 arbs=0 arb-fills=0 no-spot=0 no-book=11648 warmup=0 markets=36 btcusdt[σ=0.050 iv=0.321 μ=-0.098] ethusdt[σ=0.050 iv=0.470 μ=-0.108] top-raw-gap=-1.000 ()
12:05:25 INFO     src.poly_universe  Universe: 36 tradeable BTC/ETH markets (1 page(s), 72 BTC/ETH seen)
12:05:25 INFO     __main__  Universe refreshed: 36 markets
12:05:46 INFO     __main__  HEARTBEAT eval=0 signals=0 fills=0 arbs=0 arb-fills=0 no-spot=0 no-book=11732 warmup=0 markets=36 btcusdt[σ=0.067 iv=0.321 μ=+0.003] ethusdt[σ=0.065 iv=0.469 μ=+0.115] top-raw-gap=-1.000 ()
12:05:55 INFO     src.poly_universe  Universe: 36 tradeable BTC/ETH markets (1 page(s), 72 BTC/ETH seen)
12:05:55 INFO     __main__  Universe refreshed: 36 markets
12:06:16 INFO     __main__  HEARTBEAT eval=0 signals=0 fills=0 arbs=0 arb-fills=0 no-spot=0 no-book=12656 warmup=0 markets=36 btcusdt[σ=0.054 iv=0.321 μ=-0.057] ethusdt[σ=0.050 iv=0.469 μ=+0.114] top-raw-gap=-1.000 ()
12:06:26 INFO     src.poly_universe  Universe: 36 tradeable BTC/ETH markets (1 page(s), 72 BTC/ETH seen)
12:06:26 INFO     __main__  Universe refreshed: 36 markets
12:06:46 INFO     __main__  HEARTBEAT eval=0 signals=0 fills=0 arbs=0 arb-fills=0 no-spot=0 no-book=15404 warmup=0 markets=36 btcusdt[σ=0.050 iv=0.322 μ=+0.155] ethusdt[σ=0.060 iv=0.469 μ=+0.161] top-raw-gap=-1.000 ()
12:06:56 INFO     src.poly_universe  Universe: 36 tradeable BTC/ETH markets (1 page(s), 72 BTC/ETH seen)
12:06:56 INFO     __main__  Universe refreshed: 36 markets
12:07:12 INFO     __main__  HEARTBEAT eval=0 signals=0 fills=0 arbs=0 arb-fills=0 no-spot=0 no-book=14036 warmup=0 markets=36 btcusdt[σ=0.052 iv=0.322 μ=+0.160] ethusdt[σ=0.070 iv=0.469 μ=+0.159] top-raw-gap=-1.000 ()
12:07:22 INFO     src.poly_universe  Universe: 36 tradeable BTC/ETH markets (1 page(s), 72 BTC/ETH seen)
12:07:22 INFO     __main__  Universe refreshed: 36 markets
12:07:42 INFO     __main__  HEARTBEAT eval=0 signals=0 fills=0 arbs=0 arb-fills=0 no-spot=0 no-book=12564 warmup=0 markets=36 btcusdt[σ=0.087 iv=0.322 μ=+0.179] ethusdt[σ=0.090 iv=0.469 μ=+0.186] top-raw-gap=-1.000 ()
12:07:52 INFO     src.poly_universe  Universe: 36 tradeable BTC/ETH markets (1 page(s), 72 BTC/ETH seen)
12:07:52 INFO     __main__  Universe refreshed: 36 markets
12:08:12 INFO     __main__  HEARTBEAT eval=0 signals=0 fills=0 arbs=0 arb-fills=0 no-spot=0 no-book=17852 warmup=0 markets=36 btcusdt[σ=0.077 iv=0.322 μ=-0.091] ethusdt[σ=0.097 iv=0.469 μ=+0.097] top-raw-gap=-1.000 ()
12:08:22 INFO     src.poly_universe  Universe: 36 tradeable BTC/ETH markets (1 page(s), 72 BTC/ETH seen)
12:08:22 INFO     __main__  Universe refreshed: 36 markets
12:08:42 INFO     __main__  HEARTBEAT eval=0 signals=0 fills=0 arbs=0 arb-fills=0 no-spot=0 no-book=14880 warmup=0 markets=36 btcusdt[σ=0.061 iv=0.322 μ=-0.046] ethusdt[σ=0.079 iv=0.469 μ=+0.012] top-raw-gap=-1.000 ()
12:08:52 INFO     src.poly_universe  Universe: 36 tradeable BTC/ETH markets (1 page(s), 72 BTC/ETH seen)
12:08:52 INFO     __main__  Universe refreshed: 36 markets
12:09:12 INFO     __main__  HEARTBEAT eval=0 signals=0 fills=0 arbs=0 arb-fills=0 no-spot=0 no-book=17192 warmup=0 markets=36 btcusdt[σ=0.057 iv=0.322 μ=-0.053] ethusdt[σ=0.060 iv=0.469 μ=+0.042] top-raw-gap=-1.000 ()
12:09:22 INFO     src.poly_universe  Universe: 36 tradeable BTC/ETH markets (1 page(s), 72 BTC/ETH seen)
12:09:22 INFO     __main__  Universe refreshed: 36 markets
12:09:42 INFO     __main__  HEARTBEAT eval=0 signals=0 fills=0 arbs=0 arb-fills=0 no-spot=0 no-book=15092 warmup=0 markets=36 btcusdt[σ=0.050 iv=0.322 μ=+0.021] ethusdt[σ=0.054 iv=0.471 μ=-0.042] top-raw-gap=-1.000 ()
12:09:53 INFO     src.poly_universe  Universe: 36 tradeable BTC/ETH markets (1 page(s), 72 BTC/ETH seen)
12:09:53 INFO     __main__  Universe refreshed: 36 markets
12:10:12 INFO     __main__  HEARTBEAT eval=0 signals=0 fills=0 arbs=0 arb-fills=0 no-spot=0 no-book=13752 warmup=0 markets=36 btcusdt[σ=0.050 iv=0.322 μ=-0.183] ethusdt[σ=0.050 iv=0.471 μ=+0.105] top-raw-gap=-1.000 ()
12:10:23 INFO     src.poly_universe  Universe: 36 tradeable BTC/ETH markets (1 page(s), 72 BTC/ETH seen)
12:10:23 INFO     __main__  Universe refreshed: 36 markets
12:10:42 INFO     __main__  HEARTBEAT eval=0 signals=0 fills=0 arbs=0 arb-fills=0 no-spot=0 no-book=15248 warmup=0 markets=36 btcusdt[σ=0.050 iv=0.322 μ=-0.037] ethusdt[σ=0.050 iv=0.471 μ=+0.049] top-raw-gap=-1.000 ()
12:10:53 INFO     src.poly_universe  Universe: 36 tradeable BTC/ETH markets (1 page(s), 72 BTC/ETH seen)
12:10:53 INFO     __main__  Universe refreshed: 36 markets
12:11:12 INFO     __main__  HEARTBEAT eval=0 signals=0 fills=0 arbs=0 arb-fills=0 no-spot=0 no-book=9932 warmup=0 markets=36 btcusdt[σ=0.050 iv=0.322 μ=-0.181] ethusdt[σ=0.050 iv=0.471 μ=+0.050] top-raw-gap=-1.000 ()
12:11:23 INFO     src.poly_universe  Universe: 36 tradeable BTC/ETH markets (1 page(s), 72 BTC/ETH seen)
12:11:23 INFO     __main__  Universe refreshed: 36 markets
12:11:42 INFO     __main__  HEARTBEAT eval=0 signals=0 fills=0 arbs=0 arb-fills=0 no-spot=0 no-book=11504 warmup=0 markets=36 btcusdt[σ=0.050 iv=0.322 μ=-0.106] ethusdt[σ=0.050 iv=0.471 μ=+0.062] top-raw-gap=-1.000 ()
12:11:53 INFO     src.poly_universe  Universe: 36 tradeable BTC/ETH markets (1 page(s), 72 BTC/ETH seen)
12:11:53 INFO     __main__  Universe refreshed: 36 markets
12:12:12 INFO     __main__  HEARTBEAT eval=0 signals=0 fills=0 arbs=0 arb-fills=0 no-spot=0 no-book=14264 warmup=0 markets=36 btcusdt[σ=0.052 iv=0.322 μ=+0.036] ethusdt[σ=0.050 iv=0.471 μ=-0.103] top-raw-gap=-1.000 ()
12:12:23 INFO     src.poly_universe  Universe: 36 tradeable BTC/ETH markets (1 page(s), 72 BTC/ETH seen)
12:12:23 INFO     __main__  Universe refreshed: 36 markets
12:12:43 INFO     __main__  HEARTBEAT eval=0 signals=0 fills=0 arbs=0 arb-fills=0 no-spot=0 no-book=10264 warmup=0 markets=36 btcusdt[σ=0.050 iv=0.322 μ=-0.134] ethusdt[σ=0.050 iv=0.471 μ=-0.137] top-raw-gap=-1.000 ()
12:12:53 INFO     src.poly_universe  Universe: 36 tradeable BTC/ETH markets (1 page(s), 72 BTC/ETH seen)
12:12:53 INFO     __main__  Universe refreshed: 36 markets
12:13:13 INFO     __main__  HEARTBEAT eval=0 signals=0 fills=0 arbs=0 arb-fills=0 no-spot=0 no-book=14724 warmup=0 markets=36 btcusdt[σ=0.050 iv=0.322 μ=+0.035] ethusdt[σ=0.050 iv=0.471 μ=+0.024] top-raw-gap=-1.000 ()
12:13:24 INFO     src.poly_universe  Universe: 36 tradeable BTC/ETH markets (1 page(s), 54 BTC/ETH seen)
12:13:24 INFO     __main__  Universe refreshed: 36 markets
12:13:43 INFO     __main__  HEARTBEAT eval=0 signals=0 fills=0 arbs=0 arb-fills=0 no-spot=20 no-book=9712 warmup=0 markets=36 btcusdt[σ=0.050 iv=0.322 μ=-0.132] ethusdt[σ=0.050 iv=0.471 μ=-0.051] top-raw-gap=-1.000 ()
12:13:54 INFO     src.poly_universe  Universe: 36 tradeable BTC/ETH markets (1 page(s), 36 BTC/ETH seen)
12:13:54 INFO     __main__  Universe refreshed: 36 markets
12:14:11 WARNING  src.poly_ws  Polymarket WS closed (no close frame received or sent), reconnecting in 1.0s
12:14:12 INFO     src.poly_ws  Polymarket WS connected: wss://ws-subscriptions-clob.polymarket.com/ws/market
12:14:13 INFO     __main__  HEARTBEAT eval=744 signals=0 fills=0 arbs=0 arb-fills=0 no-spot=0 no-book=9797 warmup=728 markets=36 btcusdt[σ=0.050 iv=0.322 μ=-0.170] ethusdt[σ=0.060 iv=0.471 μ=-0.162] top-raw-gap=0.120 (Ethereum above 1,670 on June 22, 7AM ET?)
12:14:24 INFO     src.poly_universe  Universe: 36 tradeable BTC/ETH markets (1 page(s), 36 BTC/ETH seen)
12:14:24 INFO     __main__  Universe refreshed: 36 markets
12:14:43 INFO     __main__  HEARTBEAT eval=823 signals=0 fills=0 arbs=0 arb-fills=0 no-spot=0 no-book=12313 warmup=844 markets=36 btcusdt[σ=0.050 iv=0.322 μ=-0.062] ethusdt[σ=0.050 iv=0.471 μ=-0.190] top-raw-gap=-1.000 ()
12:14:54 INFO     src.poly_universe  Universe: 36 tradeable BTC/ETH markets (1 page(s), 36 BTC/ETH seen)
12:14:54 INFO     __main__  Universe refreshed: 36 markets
12:15:13 INFO     __main__  HEARTBEAT eval=0 signals=0 fills=0 arbs=0 arb-fills=0 no-spot=0 no-book=12004 warmup=0 markets=36 btcusdt[σ=0.050 iv=0.322 μ=-0.008] ethusdt[σ=0.050 iv=0.471 μ=-0.083] top-raw-gap=-1.000 ()
12:15:24 INFO     src.poly_universe  Universe: 36 tradeable BTC/ETH markets (1 page(s), 36 BTC/ETH seen)
12:15:24 INFO     __main__  Universe refreshed: 36 markets
12:15:44 INFO     __main__  HEARTBEAT eval=0 signals=0 fills=0 arbs=0 arb-fills=0 no-spot=0 no-book=14080 warmup=0 markets=36 btcusdt[σ=0.050 iv=0.322 μ=-0.111] ethusdt[σ=0.050 iv=0.471 μ=-0.089] top-raw-gap=-1.000 ()
12:15:55 INFO     src.poly_universe  Universe: 36 tradeable BTC/ETH markets (1 page(s), 36 BTC/ETH seen)
12:15:55 INFO     __main__  Universe refreshed: 36 markets
12:16:14 INFO     __main__  HEARTBEAT eval=0 signals=0 fills=0 arbs=0 arb-fills=0 no-spot=0 no-book=9412 warmup=0 markets=36 btcusdt[σ=0.050 iv=0.322 μ=+0.002] ethusdt[σ=0.050 iv=0.471 μ=+0.111] top-raw-gap=-1.000 ()
12:16:25 INFO     src.poly_universe  Universe: 36 tradeable BTC/ETH markets (1 page(s), 36 BTC/ETH seen)
12:16:25 INFO     __main__  Universe refreshed: 36 markets
12:16:44 INFO     __main__  HEARTBEAT eval=0 signals=0 fills=0 arbs=0 arb-fills=0 no-spot=0 no-book=10720 warmup=0 markets=36 btcusdt[σ=0.059 iv=0.322 μ=+0.146] ethusdt[σ=0.050 iv=0.474 μ=+0.090] top-raw-gap=-1.000 ()
12:16:55 INFO     src.poly_universe  Universe: 36 tradeable BTC/ETH markets (1 page(s), 36 BTC/ETH seen)
12:16:55 INFO     __main__  Universe refreshed: 36 markets
12:17:14 INFO     __main__  HEARTBEAT eval=0 signals=0 fills=0 arbs=0 arb-fills=0 no-spot=0 no-book=12920 warmup=0 markets=36 btcusdt[σ=0.050 iv=0.322 μ=+0.140] ethusdt[σ=0.050 iv=0.474 μ=+0.156] top-raw-gap=-1.000 ()
12:17:25 INFO     src.poly_universe  Universe: 36 tradeable BTC/ETH markets (1 page(s), 36 BTC/ETH seen)
12:17:25 INFO     __main__  Universe refreshed: 36 markets
12:17:44 INFO     __main__  HEARTBEAT eval=0 signals=0 fills=0 arbs=0 arb-fills=0 no-spot=0 no-book=16244 warmup=0 markets=36 btcusdt[σ=0.071 iv=0.322 μ=-0.040] ethusdt[σ=0.078 iv=0.474 μ=-0.115] top-raw-gap=-1.000 ()
12:17:55 INFO     src.poly_universe  Universe: 36 tradeable BTC/ETH markets (1 page(s), 36 BTC/ETH seen)
12:17:55 INFO     __main__  Universe refreshed: 36 markets
12:18:14 INFO     __main__  HEARTBEAT eval=0 signals=0 fills=0 arbs=0 arb-fills=0 no-spot=0 no-book=11608 warmup=0 markets=36 btcusdt[σ=0.057 iv=0.322 μ=+0.085] ethusdt[σ=0.066 iv=0.474 μ=-0.135] top-raw-gap=-1.000 ()
12:18:25 INFO     src.poly_universe  Universe: 36 tradeable BTC/ETH markets (1 page(s), 36 BTC/ETH seen)
12:18:25 INFO     __main__  Universe refreshed: 36 markets
12:18:44 INFO     __main__  HEARTBEAT eval=0 signals=0 fills=0 arbs=0 arb-fills=0 no-spot=0 no-book=8304 warmup=0 markets=36 btcusdt[σ=0.050 iv=0.322 μ=-0.156] ethusdt[σ=0.053 iv=0.474 μ=-0.182] top-raw-gap=-1.000 ()
12:18:55 INFO     src.poly_universe  Universe: 36 tradeable BTC/ETH markets (1 page(s), 36 BTC/ETH seen)
12:18:55 INFO     __main__  Universe refreshed: 36 markets
12:19:14 INFO     __main__  HEARTBEAT eval=0 signals=0 fills=0 arbs=0 arb-fills=0 no-spot=0 no-book=9844 warmup=0 markets=36 btcusdt[σ=0.050 iv=0.322 μ=-0.139] ethusdt[σ=0.050 iv=0.474 μ=+0.053] top-raw-gap=-1.000 ()
12:19:26 INFO     src.poly_universe  Universe: 36 tradeable BTC/ETH markets (1 page(s), 36 BTC/ETH seen)
12:19:26 INFO     __main__  Universe refreshed: 36 markets
12:19:44 INFO     __main__  HEARTBEAT eval=0 signals=0 fills=0 arbs=0 arb-fills=0 no-spot=0 no-book=8176 warmup=0 markets=36 btcusdt[σ=0.050 iv=0.322 μ=-0.059] ethusdt[σ=0.050 iv=0.475 μ=-0.029] top-raw-gap=-1.000 ()
12:19:56 INFO     src.poly_universe  Universe: 36 tradeable BTC/ETH markets (1 page(s), 36 BTC/ETH seen)
12:19:56 INFO     __main__  Universe refreshed: 36 markets
12:20:14 INFO     __main__  HEARTBEAT eval=0 signals=0 fills=0 arbs=0 arb-fills=0 no-spot=0 no-book=11320 warmup=0 markets=36 btcusdt[σ=0.050 iv=0.322 μ=-0.174] ethusdt[σ=0.079 iv=0.475 μ=-0.120] top-raw-gap=-1.000 ()
12:20:26 INFO     src.poly_universe  Universe: 36 tradeable BTC/ETH markets (1 page(s), 36 BTC/ETH seen)
12:20:26 INFO     __main__  Universe refreshed: 36 markets
12:20:44 INFO     __main__  HEARTBEAT eval=0 signals=0 fills=0 arbs=0 arb-fills=0 no-spot=0 no-book=13384 warmup=0 markets=36 btcusdt[σ=0.050 iv=0.322 μ=-0.178] ethusdt[σ=0.060 iv=0.475 μ=-0.120] top-raw-gap=-1.000 ()
12:20:56 INFO     src.poly_universe  Universe: 36 tradeable BTC/ETH markets (1 page(s), 36 BTC/ETH seen)
12:20:56 INFO     __main__  Universe refreshed: 36 markets
12:21:14 INFO     __main__  HEARTBEAT eval=0 signals=0 fills=0 arbs=0 arb-fills=0 no-spot=0 no-book=11824 warmup=0 markets=36 btcusdt[σ=0.050 iv=0.322 μ=-0.129] ethusdt[σ=0.068 iv=0.475 μ=-0.029] top-raw-gap=-1.000 ()
12:21:26 INFO     src.poly_universe  Universe: 36 tradeable BTC/ETH markets (1 page(s), 36 BTC/ETH seen)
12:21:26 INFO     __main__  Universe refreshed: 36 markets
12:21:44 INFO     __main__  HEARTBEAT eval=0 signals=0 fills=0 arbs=0 arb-fills=0 no-spot=0 no-book=12428 warmup=0 markets=36 btcusdt[σ=0.050 iv=0.322 μ=+0.167] ethusdt[σ=0.069 iv=0.475 μ=-0.036] top-raw-gap=-1.000 ()
12:21:56 INFO     src.poly_universe  Universe: 36 tradeable BTC/ETH markets (1 page(s), 36 BTC/ETH seen)
12:21:56 INFO     __main__  Universe refreshed: 36 markets
12:22:14 INFO     __main__  HEARTBEAT eval=0 signals=0 fills=0 arbs=0 arb-fills=0 no-spot=0 no-book=14472 warmup=0 markets=36 btcusdt[σ=0.052 iv=0.322 μ=+0.124] ethusdt[σ=0.054 iv=0.475 μ=+0.050] top-raw-gap=-1.000 ()
12:22:27 INFO     src.poly_universe  Universe: 36 tradeable BTC/ETH markets (1 page(s), 36 BTC/ETH seen)
12:22:27 INFO     __main__  Universe refreshed: 36 markets
12:22:45 INFO     __main__  HEARTBEAT eval=25 signals=0 fills=0 arbs=0 arb-fills=0 no-spot=0 no-book=11950 warmup=17 markets=36 btcusdt[σ=0.061 iv=0.321 μ=+0.087] ethusdt[σ=0.059 iv=0.475 μ=+0.038] top-raw-gap=0.120 (Ethereum above 1,690 on June 22, 7AM ET?)
12:22:57 INFO     src.poly_universe  Universe: 36 tradeable BTC/ETH markets (1 page(s), 36 BTC/ETH seen)
12:22:57 INFO     __main__  Universe refreshed: 36 markets
12:23:15 INFO     __main__  HEARTBEAT eval=5 signals=0 fills=0 arbs=0 arb-fills=0 no-spot=0 no-book=9935 warmup=0 markets=36 btcusdt[σ=0.050 iv=0.321 μ=-0.034] ethusdt[σ=0.050 iv=0.475 μ=-0.179] top-raw-gap=-1.000 ()
12:23:27 INFO     src.poly_universe  Universe: 36 tradeable BTC/ETH markets (1 page(s), 36 BTC/ETH seen)
12:23:27 INFO     __main__  Universe refreshed: 36 markets
12:23:45 INFO     __main__  HEARTBEAT eval=0 signals=0 fills=0 arbs=0 arb-fills=0 no-spot=20 no-book=8460 warmup=0 markets=36 btcusdt[σ=0.050 iv=0.322 μ=-0.167] ethusdt[σ=0.050 iv=0.475 μ=-0.093] top-raw-gap=-1.000 ()
12:23:57 INFO     src.poly_universe  Universe: 36 tradeable BTC/ETH markets (1 page(s), 36 BTC/ETH seen)
12:23:57 INFO     __main__  Universe refreshed: 36 markets
12:24:15 INFO     __main__  HEARTBEAT eval=0 signals=0 fills=0 arbs=0 arb-fills=0 no-spot=0 no-book=14632 warmup=0 markets=36 btcusdt[σ=0.056 iv=0.322 μ=+0.052] ethusdt[σ=0.072 iv=0.475 μ=+0.035] top-raw-gap=-1.000 ()
12:24:27 INFO     src.poly_universe  Universe: 36 tradeable BTC/ETH markets (1 page(s), 36 BTC/ETH seen)
12:24:27 INFO     __main__  Universe refreshed: 36 markets
12:24:32 WARNING  src.poly_ws  Polymarket WS closed (no close frame received or sent), reconnecting in 1.0s
12:24:34 INFO     src.poly_ws  Polymarket WS connected: wss://ws-subscriptions-clob.polymarket.com/ws/market
12:24:45 INFO     __main__  HEARTBEAT eval=2212 signals=0 fills=0 arbs=0 arb-fills=0 no-spot=0 no-book=12812 warmup=0 markets=36 btcusdt[σ=0.066 iv=0.322 μ=-0.177] ethusdt[σ=0.069 iv=0.475 μ=-0.188] top-raw-gap=-1.000 ()
12:24:58 INFO     src.poly_universe  Universe: 36 tradeable BTC/ETH markets (1 page(s), 36 BTC/ETH seen)
12:24:58 INFO     __main__  Universe refreshed: 36 markets
12:25:15 INFO     __main__  HEARTBEAT eval=0 signals=0 fills=0 arbs=0 arb-fills=0 no-spot=0 no-book=12304 warmup=0 markets=36 btcusdt[σ=0.057 iv=0.322 μ=+0.001] ethusdt[σ=0.071 iv=0.475 μ=-0.139] top-raw-gap=-1.000 ()
12:25:28 INFO     src.poly_universe  Universe: 36 tradeable BTC/ETH markets (1 page(s), 36 BTC/ETH seen)
12:25:28 INFO     __main__  Universe refreshed: 36 markets
12:25:45 INFO     __main__  HEARTBEAT eval=0 signals=0 fills=0 arbs=0 arb-fills=0 no-spot=0 no-book=14436 warmup=0 markets=36 btcusdt[σ=0.050 iv=0.321 μ=-0.171] ethusdt[σ=0.058 iv=0.475 μ=+0.002] top-raw-gap=-1.000 ()
12:25:58 INFO     src.poly_universe  Universe: 36 tradeable BTC/ETH markets (1 page(s), 36 BTC/ETH seen)
12:25:58 INFO     __main__  Universe refreshed: 36 markets
12:26:16 INFO     __main__  HEARTBEAT eval=0 signals=0 fills=0 arbs=0 arb-fills=0 no-spot=0 no-book=12640 warmup=0 markets=36 btcusdt[σ=0.050 iv=0.321 μ=-0.125] ethusdt[σ=0.050 iv=0.475 μ=+0.005] top-raw-gap=-1.000 ()
12:26:28 INFO     src.poly_universe  Universe: 36 tradeable BTC/ETH markets (1 page(s), 36 BTC/ETH seen)
12:26:28 INFO     __main__  Universe refreshed: 36 markets
12:26:46 INFO     __main__  HEARTBEAT eval=0 signals=0 fills=0 arbs=0 arb-fills=0 no-spot=0 no-book=11900 warmup=0 markets=36 btcusdt[σ=0.050 iv=0.321 μ=-0.187] ethusdt[σ=0.058 iv=0.476 μ=+0.032] top-raw-gap=-1.000 ()
12:26:58 INFO     src.poly_universe  Universe: 36 tradeable BTC/ETH markets (1 page(s), 36 BTC/ETH seen)
12:26:58 INFO     __main__  Universe refreshed: 36 markets
12:27:16 INFO     __main__  HEARTBEAT eval=0 signals=0 fills=0 arbs=0 arb-fills=0 no-spot=0 no-book=14712 warmup=0 markets=36 btcusdt[σ=0.050 iv=0.321 μ=+0.131] ethusdt[σ=0.050 iv=0.476 μ=+0.045] top-raw-gap=-1.000 ()
12:27:28 INFO     src.poly_universe  Universe: 36 tradeable BTC/ETH markets (1 page(s), 36 BTC/ETH seen)
12:27:28 INFO     __main__  Universe refreshed: 36 markets
12:27:46 INFO     __main__  HEARTBEAT eval=0 signals=0 fills=0 arbs=0 arb-fills=0 no-spot=0 no-book=9904 warmup=0 markets=36 btcusdt[σ=0.050 iv=0.321 μ=+0.006] ethusdt[σ=0.050 iv=0.476 μ=+0.151] top-raw-gap=-1.000 ()
12:27:58 INFO     src.poly_universe  Universe: 36 tradeable BTC/ETH markets (1 page(s), 36 BTC/ETH seen)
12:27:58 INFO     __main__  Universe refreshed: 36 markets
12:28:16 INFO     __main__  HEARTBEAT eval=0 signals=0 fills=0 arbs=0 arb-fills=0 no-spot=0 no-book=11584 warmup=0 markets=36 btcusdt[σ=0.050 iv=0.321 μ=+0.126] ethusdt[σ=0.050 iv=0.476 μ=+0.012] top-raw-gap=-1.000 ()
12:28:29 INFO     src.poly_universe  Universe: 36 tradeable BTC/ETH markets (1 page(s), 36 BTC/ETH seen)
12:28:29 INFO     __main__  Universe refreshed: 36 markets
12:28:46 INFO     __main__  HEARTBEAT eval=0 signals=0 fills=0 arbs=0 arb-fills=0 no-spot=0 no-book=7160 warmup=0 markets=36 btcusdt[σ=0.050 iv=0.321 μ=-0.064] ethusdt[σ=0.050 iv=0.476 μ=-0.046] top-raw-gap=-1.000 ()
12:28:59 INFO     src.poly_universe  Universe: 36 tradeable BTC/ETH markets (1 page(s), 36 BTC/ETH seen)
12:28:59 INFO     __main__  Universe refreshed: 36 markets
12:29:16 INFO     __main__  HEARTBEAT eval=0 signals=0 fills=0 arbs=0 arb-fills=0 no-spot=0 no-book=10672 warmup=0 markets=36 btcusdt[σ=0.050 iv=0.321 μ=-0.169] ethusdt[σ=0.050 iv=0.476 μ=+0.077] top-raw-gap=-1.000 ()
12:29:29 INFO     src.poly_universe  Universe: 36 tradeable BTC/ETH markets (1 page(s), 36 BTC/ETH seen)
12:29:29 INFO     __main__  Universe refreshed: 36 markets
12:29:46 INFO     __main__  HEARTBEAT eval=0 signals=0 fills=0 arbs=0 arb-fills=0 no-spot=0 no-book=8064 warmup=0 markets=36 btcusdt[σ=0.050 iv=0.321 μ=-0.184] ethusdt[σ=0.050 iv=0.477 μ=-0.189] top-raw-gap=-1.000 ()
12:29:59 INFO     src.poly_universe  Universe: 36 tradeable BTC/ETH markets (1 page(s), 36 BTC/ETH seen)
12:29:59 INFO     __main__  Universe refreshed: 36 markets
12:30:16 INFO     __main__  HEARTBEAT eval=0 signals=0 fills=0 arbs=0 arb-fills=0 no-spot=0 no-book=11024 warmup=0 markets=36 btcusdt[σ=0.050 iv=0.321 μ=-0.132] ethusdt[σ=0.050 iv=0.477 μ=+0.060] top-raw-gap=-1.000 ()
12:30:30 INFO     src.poly_universe  Universe: 36 tradeable BTC/ETH markets (1 page(s), 36 BTC/ETH seen)
12:30:30 INFO     __main__  Universe refreshed: 36 markets
12:30:46 INFO     __main__  HEARTBEAT eval=0 signals=0 fills=0 arbs=0 arb-fills=0 no-spot=0 no-book=12036 warmup=0 markets=36 btcusdt[σ=0.050 iv=0.321 μ=-0.166] ethusdt[σ=0.059 iv=0.477 μ=-0.102] top-raw-gap=-1.000 ()
12:31:00 INFO     src.poly_universe  Universe: 36 tradeable BTC/ETH markets (1 page(s), 36 BTC/ETH seen)
12:31:00 INFO     __main__  Universe refreshed: 36 markets
12:31:16 INFO     __main__  HEARTBEAT eval=0 signals=0 fills=0 arbs=0 arb-fills=0 no-spot=0 no-book=12016 warmup=0 markets=36 btcusdt[σ=0.050 iv=0.321 μ=-0.073] ethusdt[σ=0.050 iv=0.477 μ=+0.101] top-raw-gap=-1.000 ()
12:31:30 INFO     src.poly_universe  Universe: 36 tradeable BTC/ETH markets (1 page(s), 36 BTC/ETH seen)
12:31:30 INFO     __main__  Universe refreshed: 36 markets
12:31:46 INFO     __main__  HEARTBEAT eval=0 signals=0 fills=0 arbs=0 arb-fills=0 no-spot=0 no-book=28084 warmup=0 markets=36 btcusdt[σ=0.077 iv=0.321 μ=+0.101] ethusdt[σ=0.118 iv=0.478 μ=+0.133] top-raw-gap=-1.000 ()
12:32:00 INFO     src.poly_universe  Universe: 36 tradeable BTC/ETH markets (1 page(s), 36 BTC/ETH seen)
12:32:00 INFO     __main__  Universe refreshed: 36 markets
12:32:16 INFO     __main__  HEARTBEAT eval=0 signals=0 fills=0 arbs=0 arb-fills=0 no-spot=0 no-book=23672 warmup=0 markets=36 btcusdt[σ=0.084 iv=0.321 μ=-0.035] ethusdt[σ=0.126 iv=0.478 μ=-0.021] top-raw-gap=-1.000 ()
12:32:30 INFO     src.poly_universe  Universe: 36 tradeable BTC/ETH markets (1 page(s), 36 BTC/ETH seen)
12:32:30 INFO     __main__  Universe refreshed: 36 markets
12:32:46 INFO     __main__  HEARTBEAT eval=0 signals=0 fills=0 arbs=0 arb-fills=0 no-spot=0 no-book=14036 warmup=0 markets=36 btcusdt[σ=0.066 iv=0.321 μ=+0.032] ethusdt[σ=0.087 iv=0.478 μ=+0.073] top-raw-gap=-1.000 ()
12:33:00 INFO     src.poly_universe  Universe: 36 tradeable BTC/ETH markets (1 page(s), 36 BTC/ETH seen)
12:33:00 INFO     __main__  Universe refreshed: 36 markets
12:33:17 INFO     __main__  HEARTBEAT eval=0 signals=0 fills=0 arbs=0 arb-fills=0 no-spot=0 no-book=16940 warmup=0 markets=36 btcusdt[σ=0.068 iv=0.321 μ=-0.143] ethusdt[σ=0.076 iv=0.478 μ=-0.168] top-raw-gap=-1.000 ()
12:33:31 INFO     src.poly_universe  Universe: 36 tradeable BTC/ETH markets (1 page(s), 36 BTC/ETH seen)
12:33:31 INFO     __main__  Universe refreshed: 36 markets
12:33:47 INFO     __main__  HEARTBEAT eval=0 signals=0 fills=0 arbs=0 arb-fills=0 no-spot=0 no-book=13512 warmup=0 markets=36 btcusdt[σ=0.053 iv=0.321 μ=+0.056] ethusdt[σ=0.076 iv=0.478 μ=+0.101] top-raw-gap=-1.000 ()
12:34:01 INFO     src.poly_universe  Universe: 36 tradeable BTC/ETH markets (1 page(s), 36 BTC/ETH seen)
12:34:01 INFO     __main__  Universe refreshed: 36 markets
12:34:17 INFO     __main__  HEARTBEAT eval=0 signals=0 fills=0 arbs=0 arb-fills=0 no-spot=0 no-book=11380 warmup=0 markets=36 btcusdt[σ=0.050 iv=0.321 μ=-0.119] ethusdt[σ=0.061 iv=0.478 μ=-0.010] top-raw-gap=-1.000 ()
12:34:31 INFO     src.poly_universe  Universe: 36 tradeable BTC/ETH markets (1 page(s), 36 BTC/ETH seen)
12:34:31 INFO     __main__  Universe refreshed: 36 markets
12:34:47 INFO     __main__  HEARTBEAT eval=0 signals=0 fills=0 arbs=0 arb-fills=0 no-spot=0 no-book=13036 warmup=0 markets=36 btcusdt[σ=0.050 iv=0.321 μ=+0.058] ethusdt[σ=0.057 iv=0.478 μ=-0.052] top-raw-gap=-1.000 ()
12:34:50 WARNING  src.poly_ws  Polymarket WS closed (no close frame received or sent), reconnecting in 1.0s
12:34:52 INFO     src.poly_ws  Polymarket WS connected: wss://ws-subscriptions-clob.polymarket.com/ws/market
12:35:01 INFO     src.poly_universe  Universe: 36 tradeable BTC/ETH markets (1 page(s), 36 BTC/ETH seen)
12:35:01 INFO     __main__  Universe refreshed: 36 markets
12:35:17 INFO     __main__  HEARTBEAT eval=135 signals=0 fills=0 arbs=0 arb-fills=0 no-spot=16 no-book=8258 warmup=623 markets=36 btcusdt[σ=0.050 iv=0.321 μ=-0.153] ethusdt[σ=0.051 iv=0.478 μ=+0.044] top-raw-gap=-1.000 ()
12:35:32 INFO     src.poly_universe  Universe: 36 tradeable BTC/ETH markets (1 page(s), 36 BTC/ETH seen)
12:35:32 INFO     __main__  Universe refreshed: 36 markets
12:35:47 INFO     __main__  HEARTBEAT eval=0 signals=0 fills=0 arbs=0 arb-fills=0 no-spot=0 no-book=13480 warmup=0 markets=36 btcusdt[σ=0.064 iv=0.321 μ=+0.001] ethusdt[σ=0.063 iv=0.478 μ=-0.048] top-raw-gap=-1.000 ()
12:36:02 INFO     src.poly_universe  Universe: 36 tradeable BTC/ETH markets (1 page(s), 36 BTC/ETH seen)
12:36:02 INFO     __main__  Universe refreshed: 36 markets
12:36:17 INFO     __main__  HEARTBEAT eval=0 signals=0 fills=0 arbs=0 arb-fills=0 no-spot=0 no-book=12424 warmup=0 markets=36 btcusdt[σ=0.051 iv=0.321 μ=-0.140] ethusdt[σ=0.064 iv=0.478 μ=+0.034] top-raw-gap=-1.000 ()
12:36:32 INFO     src.poly_universe  Universe: 36 tradeable BTC/ETH markets (1 page(s), 36 BTC/ETH seen)
12:36:32 INFO     __main__  Universe refreshed: 36 markets
12:36:47 INFO     __main__  HEARTBEAT eval=0 signals=0 fills=0 arbs=0 arb-fills=0 no-spot=0 no-book=16284 warmup=0 markets=36 btcusdt[σ=0.050 iv=0.321 μ=-0.044] ethusdt[σ=0.051 iv=0.479 μ=-0.102] top-raw-gap=-1.000 ()
12:37:02 INFO     src.poly_universe  Universe: 36 tradeable BTC/ETH markets (1 page(s), 36 BTC/ETH seen)
12:37:02 INFO     __main__  Universe refreshed: 36 markets
12:37:17 INFO     __main__  HEARTBEAT eval=0 signals=0 fills=0 arbs=0 arb-fills=0 no-spot=0 no-book=10060 warmup=0 markets=36 btcusdt[σ=0.050 iv=0.321 μ=-0.157] ethusdt[σ=0.069 iv=0.479 μ=+0.037] top-raw-gap=-1.000 ()
12:37:32 INFO     src.poly_universe  Universe: 36 tradeable BTC/ETH markets (1 page(s), 36 BTC/ETH seen)
12:37:32 INFO     __main__  Universe refreshed: 36 markets
12:37:47 INFO     __main__  HEARTBEAT eval=0 signals=0 fills=0 arbs=0 arb-fills=0 no-spot=0 no-book=11508 warmup=0 markets=36 btcusdt[σ=0.050 iv=0.321 μ=-0.195] ethusdt[σ=0.050 iv=0.479 μ=+0.039] top-raw-gap=-1.000 ()
12:38:07 INFO     src.poly_universe  Universe: 36 tradeable BTC/ETH markets (1 page(s), 36 BTC/ETH seen)
12:38:07 INFO     __main__  Universe refreshed: 36 markets
12:38:21 INFO     __main__  HEARTBEAT eval=0 signals=0 fills=0 arbs=0 arb-fills=0 no-spot=16 no-book=12984 warmup=0 markets=36 btcusdt[σ=0.050 iv=0.321 μ=-0.173] ethusdt[σ=0.050 iv=0.479 μ=-0.199] top-raw-gap=-1.000 ()
12:38:37 INFO     src.poly_universe  Universe: 36 tradeable BTC/ETH markets (1 page(s), 36 BTC/ETH seen)
12:38:37 INFO     __main__  Universe refreshed: 36 markets
12:38:52 INFO     __main__  HEARTBEAT eval=0 signals=0 fills=0 arbs=0 arb-fills=0 no-spot=0 no-book=7884 warmup=0 markets=36 btcusdt[σ=0.050 iv=0.321 μ=-0.153] ethusdt[σ=0.050 iv=0.479 μ=-0.146] top-raw-gap=-1.000 ()
12:39:07 INFO     src.poly_universe  Universe: 36 tradeable BTC/ETH markets (1 page(s), 36 BTC/ETH seen)
12:39:07 INFO     __main__  Universe refreshed: 36 markets
12:39:22 INFO     __main__  HEARTBEAT eval=0 signals=0 fills=0 arbs=0 arb-fills=0 no-spot=0 no-book=11868 warmup=0 markets=36 btcusdt[σ=0.050 iv=0.321 μ=-0.125] ethusdt[σ=0.050 iv=0.479 μ=+0.049] top-raw-gap=-1.000 ()
12:39:37 INFO     src.poly_universe  Universe: 36 tradeable BTC/ETH markets (1 page(s), 36 BTC/ETH seen)
12:39:37 INFO     __main__  Universe refreshed: 36 markets
12:39:52 INFO     __main__  HEARTBEAT eval=0 signals=0 fills=0 arbs=0 arb-fills=0 no-spot=32 no-book=7300 warmup=0 markets=36 btcusdt[σ=0.050 iv=0.321 μ=+0.047] ethusdt[σ=0.050 iv=0.479 μ=-0.149] top-raw-gap=-1.000 ()
12:40:07 INFO     src.poly_universe  Universe: 36 tradeable BTC/ETH markets (1 page(s), 36 BTC/ETH seen)
12:40:07 INFO     __main__  Universe refreshed: 36 markets
12:40:22 INFO     __main__  HEARTBEAT eval=0 signals=0 fills=0 arbs=0 arb-fills=0 no-spot=0 no-book=12588 warmup=0 markets=36 btcusdt[σ=0.050 iv=0.321 μ=-0.193] ethusdt[σ=0.050 iv=0.479 μ=-0.097] top-raw-gap=-1.000 ()
12:40:37 INFO     src.poly_universe  Universe: 36 tradeable BTC/ETH markets (1 page(s), 36 BTC/ETH seen)
12:40:37 INFO     __main__  Universe refreshed: 36 markets
12:40:52 INFO     __main__  HEARTBEAT eval=0 signals=0 fills=0 arbs=0 arb-fills=0 no-spot=0 no-book=11144 warmup=0 markets=36 btcusdt[σ=0.050 iv=0.321 μ=-0.154] ethusdt[σ=0.050 iv=0.479 μ=-0.084] top-raw-gap=-1.000 ()
12:41:08 INFO     src.poly_universe  Universe: 36 tradeable BTC/ETH markets (1 page(s), 36 BTC/ETH seen)
12:41:08 INFO     __main__  Universe refreshed: 36 markets
12:41:22 INFO     __main__  HEARTBEAT eval=0 signals=0 fills=0 arbs=0 arb-fills=0 no-spot=0 no-book=12092 warmup=0 markets=36 btcusdt[σ=0.050 iv=0.321 μ=-0.032] ethusdt[σ=0.050 iv=0.479 μ=-0.062] top-raw-gap=-1.000 ()
12:41:38 INFO     src.poly_universe  Universe: 36 tradeable BTC/ETH markets (1 page(s), 36 BTC/ETH seen)
12:41:38 INFO     __main__  Universe refreshed: 36 markets
12:41:52 INFO     __main__  HEARTBEAT eval=0 signals=0 fills=0 arbs=0 arb-fills=0 no-spot=0 no-book=8224 warmup=0 markets=36 btcusdt[σ=0.050 iv=0.321 μ=-0.160] ethusdt[σ=0.050 iv=0.480 μ=-0.163] top-raw-gap=-1.000 ()
12:42:08 INFO     src.poly_universe  Universe: 42 tradeable BTC/ETH markets (1 page(s), 42 BTC/ETH seen)
12:42:08 INFO     __main__  Universe refreshed: 42 markets
12:42:22 INFO     __main__  HEARTBEAT eval=0 signals=0 fills=0 arbs=0 arb-fills=0 no-spot=0 no-book=14588 warmup=0 markets=42 btcusdt[σ=0.050 iv=0.321 μ=-0.050] ethusdt[σ=0.050 iv=0.480 μ=+0.114] top-raw-gap=-1.000 ()
12:42:38 INFO     src.poly_universe  Universe: 55 tradeable BTC/ETH markets (1 page(s), 55 BTC/ETH seen)
12:42:38 INFO     __main__  Universe refreshed: 55 markets
12:42:52 INFO     __main__  HEARTBEAT eval=0 signals=0 fills=0 arbs=0 arb-fills=0 no-spot=0 no-book=16126 warmup=0 markets=55 btcusdt[σ=0.050 iv=0.321 μ=+0.097] ethusdt[σ=0.050 iv=0.480 μ=-0.137] top-raw-gap=-1.000 ()
12:43:08 INFO     src.poly_universe  Universe: 65 tradeable BTC/ETH markets (1 page(s), 65 BTC/ETH seen)
12:43:08 INFO     __main__  Universe refreshed: 65 markets
12:43:22 INFO     __main__  HEARTBEAT eval=0 signals=0 fills=0 arbs=0 arb-fills=0 no-spot=0 no-book=19733 warmup=0 markets=65 btcusdt[σ=0.050 iv=0.321 μ=-0.185] ethusdt[σ=0.050 iv=0.480 μ=+0.006] top-raw-gap=-1.000 ()
12:43:38 INFO     src.poly_universe  Universe: 68 tradeable BTC/ETH markets (1 page(s), 68 BTC/ETH seen)
12:43:38 INFO     __main__  Universe refreshed: 68 markets
12:43:52 INFO     __main__  HEARTBEAT eval=0 signals=0 fills=0 arbs=0 arb-fills=0 no-spot=81 no-book=20402 warmup=0 markets=68 btcusdt[σ=0.050 iv=0.321 μ=-0.120] ethusdt[σ=0.050 iv=0.480 μ=-0.132] top-raw-gap=-1.000 ()
12:44:09 INFO     src.poly_universe  Universe: 71 tradeable BTC/ETH markets (1 page(s), 71 BTC/ETH seen)
12:44:09 INFO     __main__  Universe refreshed: 71 markets
12:44:22 INFO     __main__  HEARTBEAT eval=0 signals=0 fills=0 arbs=0 arb-fills=0 no-spot=0 no-book=20427 warmup=0 markets=71 btcusdt[σ=0.050 iv=0.321 μ=-0.158] ethusdt[σ=0.050 iv=0.480 μ=-0.110] top-raw-gap=-1.000 ()
12:44:39 INFO     src.poly_universe  Universe: 72 tradeable BTC/ETH markets (1 page(s), 72 BTC/ETH seen)
12:44:39 INFO     __main__  Universe refreshed: 72 markets
12:44:52 INFO     __main__  HEARTBEAT eval=0 signals=0 fills=0 arbs=0 arb-fills=0 no-spot=64 no-book=23529 warmup=0 markets=72 btcusdt[σ=0.050 iv=0.322 μ=-0.145] ethusdt[σ=0.050 iv=0.480 μ=-0.135] top-raw-gap=-1.000 ()
12:45:09 INFO     src.poly_universe  Universe: 72 tradeable BTC/ETH markets (1 page(s), 72 BTC/ETH seen)
12:45:09 INFO     __main__  Universe refreshed: 72 markets
12:45:22 INFO     __main__  HEARTBEAT eval=0 signals=0 fills=0 arbs=0 arb-fills=0 no-spot=0 no-book=35736 warmup=0 markets=72 btcusdt[σ=0.059 iv=0.322 μ=+0.153] ethusdt[σ=0.054 iv=0.480 μ=+0.165] top-raw-gap=-1.000 ()
12:45:39 INFO     src.poly_universe  Universe: 72 tradeable BTC/ETH markets (1 page(s), 72 BTC/ETH seen)
12:45:39 INFO     __main__  Universe refreshed: 72 markets
12:45:52 INFO     __main__  HEARTBEAT eval=0 signals=0 fills=0 arbs=0 arb-fills=0 no-spot=0 no-book=32208 warmup=0 markets=72 btcusdt[σ=0.061 iv=0.322 μ=-0.059] ethusdt[σ=0.057 iv=0.481 μ=-0.064] top-raw-gap=-1.000 ()
12:46:09 INFO     src.poly_universe  Universe: 72 tradeable BTC/ETH markets (1 page(s), 72 BTC/ETH seen)
12:46:09 INFO     __main__  Universe refreshed: 72 markets
12:46:22 INFO     __main__  HEARTBEAT eval=0 signals=0 fills=0 arbs=0 arb-fills=0 no-spot=0 no-book=24512 warmup=0 markets=72 btcusdt[σ=0.050 iv=0.322 μ=+0.166] ethusdt[σ=0.050 iv=0.481 μ=-0.005] top-raw-gap=-1.000 ()
12:46:39 INFO     src.poly_universe  Universe: 72 tradeable BTC/ETH markets (1 page(s), 72 BTC/ETH seen)
12:46:39 INFO     __main__  Universe refreshed: 72 markets
12:46:52 INFO     __main__  HEARTBEAT eval=0 signals=0 fills=0 arbs=0 arb-fills=0 no-spot=0 no-book=21168 warmup=0 markets=72 btcusdt[σ=0.051 iv=0.322 μ=+0.089] ethusdt[σ=0.067 iv=0.481 μ=+0.022] top-raw-gap=-1.000 ()
12:47:10 INFO     src.poly_universe  Universe: 72 tradeable BTC/ETH markets (1 page(s), 72 BTC/ETH seen)
12:47:10 INFO     __main__  Universe refreshed: 72 markets
12:47:22 INFO     __main__  HEARTBEAT eval=0 signals=0 fills=0 arbs=0 arb-fills=0 no-spot=0 no-book=19352 warmup=0 markets=72 btcusdt[σ=0.050 iv=0.322 μ=-0.047] ethusdt[σ=0.056 iv=0.481 μ=-0.177] top-raw-gap=-1.000 ()
12:47:40 INFO     src.poly_universe  Universe: 72 tradeable BTC/ETH markets (1 page(s), 72 BTC/ETH seen)
12:47:40 INFO     __main__  Universe refreshed: 72 markets
12:47:52 INFO     __main__  HEARTBEAT eval=0 signals=0 fills=0 arbs=0 arb-fills=0 no-spot=0 no-book=18632 warmup=0 markets=72 btcusdt[σ=0.050 iv=0.322 μ=+0.087] ethusdt[σ=0.050 iv=0.481 μ=+0.109] top-raw-gap=-1.000 ()
12:48:10 INFO     src.poly_universe  Universe: 72 tradeable BTC/ETH markets (1 page(s), 72 BTC/ETH seen)
12:48:10 INFO     __main__  Universe refreshed: 72 markets
12:48:22 INFO     __main__  HEARTBEAT eval=0 signals=0 fills=0 arbs=0 arb-fills=0 no-spot=0 no-book=18336 warmup=0 markets=72 btcusdt[σ=0.050 iv=0.322 μ=+0.054] ethusdt[σ=0.050 iv=0.481 μ=-0.181] top-raw-gap=-1.000 ()
12:48:40 INFO     src.poly_universe  Universe: 72 tradeable BTC/ETH markets (1 page(s), 72 BTC/ETH seen)
12:48:40 INFO     __main__  Universe refreshed: 72 markets
12:48:52 INFO     __main__  HEARTBEAT eval=0 signals=0 fills=0 arbs=0 arb-fills=0 no-spot=0 no-book=21312 warmup=0 markets=72 btcusdt[σ=0.050 iv=0.322 μ=+0.096] ethusdt[σ=0.050 iv=0.482 μ=+0.057] top-raw-gap=-1.000 ()
12:49:10 INFO     src.poly_universe  Universe: 72 tradeable BTC/ETH markets (1 page(s), 72 BTC/ETH seen)
12:49:10 INFO     __main__  Universe refreshed: 72 markets
12:49:23 INFO     __main__  HEARTBEAT eval=0 signals=0 fills=0 arbs=0 arb-fills=0 no-spot=0 no-book=19616 warmup=0 markets=72 btcusdt[σ=0.050 iv=0.322 μ=+0.128] ethusdt[σ=0.050 iv=0.482 μ=-0.070] top-raw-gap=-1.000 ()
12:49:40 INFO     src.poly_universe  Universe: 72 tradeable BTC/ETH markets (1 page(s), 72 BTC/ETH seen)
12:49:40 INFO     __main__  Universe refreshed: 72 markets
12:49:53 INFO     __main__  HEARTBEAT eval=0 signals=0 fills=0 arbs=0 arb-fills=0 no-spot=0 no-book=22312 warmup=0 markets=72 btcusdt[σ=0.050 iv=0.322 μ=+0.128] ethusdt[σ=0.050 iv=0.482 μ=+0.102] top-raw-gap=-1.000 ()
12:50:10 INFO     src.poly_universe  Universe: 72 tradeable BTC/ETH markets (1 page(s), 72 BTC/ETH seen)
12:50:10 INFO     __main__  Universe refreshed: 72 markets
12:50:23 INFO     __main__  HEARTBEAT eval=0 signals=0 fills=0 arbs=0 arb-fills=0 no-spot=0 no-book=21822 warmup=35 markets=72 btcusdt[σ=0.050 iv=0.322 μ=+0.121] ethusdt[σ=0.050 iv=0.482 μ=+0.145] top-raw-gap=-1.000 ()
12:50:41 INFO     src.poly_universe  Universe: 72 tradeable BTC/ETH markets (1 page(s), 72 BTC/ETH seen)
12:50:41 INFO     __main__  Universe refreshed: 72 markets
12:50:53 INFO     __main__  HEARTBEAT eval=0 signals=0 fills=0 arbs=0 arb-fills=0 no-spot=32 no-book=16824 warmup=0 markets=72 btcusdt[σ=0.050 iv=0.323 μ=-0.087] ethusdt[σ=0.050 iv=0.482 μ=-0.027] top-raw-gap=-1.000 ()
12:51:11 INFO     src.poly_universe  Universe: 72 tradeable BTC/ETH markets (1 page(s), 72 BTC/ETH seen)
12:51:11 INFO     __main__  Universe refreshed: 72 markets
12:51:23 INFO     __main__  HEARTBEAT eval=0 signals=0 fills=0 arbs=0 arb-fills=0 no-spot=64 no-book=19984 warmup=0 markets=72 btcusdt[σ=0.050 iv=0.323 μ=+0.089] ethusdt[σ=0.050 iv=0.482 μ=-0.017] top-raw-gap=-1.000 ()
12:51:41 INFO     src.poly_universe  Universe: 72 tradeable BTC/ETH markets (1 page(s), 72 BTC/ETH seen)
12:51:41 INFO     __main__  Universe refreshed: 72 markets
12:51:53 INFO     __main__  HEARTBEAT eval=0 signals=0 fills=0 arbs=0 arb-fills=0 no-spot=32 no-book=15920 warmup=0 markets=72 btcusdt[σ=0.050 iv=0.323 μ=-0.003] ethusdt[σ=0.050 iv=0.482 μ=-0.020] top-raw-gap=-1.000 ()
12:52:11 INFO     src.poly_universe  Universe: 72 tradeable BTC/ETH markets (1 page(s), 72 BTC/ETH seen)
12:52:11 INFO     __main__  Universe refreshed: 72 markets
12:52:23 INFO     __main__  HEARTBEAT eval=0 signals=0 fills=0 arbs=0 arb-fills=0 no-spot=0 no-book=25688 warmup=0 markets=72 btcusdt[σ=0.053 iv=0.323 μ=+0.051] ethusdt[σ=0.051 iv=0.482 μ=+0.053] top-raw-gap=-1.000 ()
12:52:41 INFO     src.poly_universe  Universe: 72 tradeable BTC/ETH markets (1 page(s), 72 BTC/ETH seen)
12:52:41 INFO     __main__  Universe refreshed: 72 markets
12:52:53 INFO     __main__  HEARTBEAT eval=0 signals=0 fills=0 arbs=0 arb-fills=0 no-spot=0 no-book=23400 warmup=0 markets=72 btcusdt[σ=0.050 iv=0.323 μ=+0.185] ethusdt[σ=0.050 iv=0.482 μ=+0.103] top-raw-gap=-1.000 ()
12:53:11 INFO     src.poly_universe  Universe: 72 tradeable BTC/ETH markets (1 page(s), 72 BTC/ETH seen)
12:53:11 INFO     __main__  Universe refreshed: 72 markets
12:53:23 INFO     __main__  HEARTBEAT eval=0 signals=0 fills=0 arbs=0 arb-fills=0 no-spot=0 no-book=20920 warmup=0 markets=72 btcusdt[σ=0.050 iv=0.323 μ=+0.112] ethusdt[σ=0.060 iv=0.482 μ=+0.030] top-raw-gap=-1.000 ()
12:53:41 INFO     src.poly_universe  Universe: 72 tradeable BTC/ETH markets (1 page(s), 72 BTC/ETH seen)
12:53:41 INFO     __main__  Universe refreshed: 72 markets
12:53:53 INFO     __main__  HEARTBEAT eval=0 signals=0 fills=0 arbs=0 arb-fills=0 no-spot=0 no-book=23224 warmup=0 markets=72 btcusdt[σ=0.050 iv=0.323 μ=-0.137] ethusdt[σ=0.050 iv=0.482 μ=-0.181] top-raw-gap=-1.000 ()
12:54:11 INFO     src.poly_universe  Universe: 72 tradeable BTC/ETH markets (1 page(s), 72 BTC/ETH seen)
12:54:11 INFO     __main__  Universe refreshed: 72 markets
12:54:23 INFO     __main__  HEARTBEAT eval=0 signals=0 fills=0 arbs=0 arb-fills=0 no-spot=0 no-book=27360 warmup=0 markets=72 btcusdt[σ=0.050 iv=0.323 μ=-0.182] ethusdt[σ=0.056 iv=0.482 μ=+0.082] top-raw-gap=-1.000 ()
12:54:42 INFO     src.poly_universe  Universe: 72 tradeable BTC/ETH markets (1 page(s), 72 BTC/ETH seen)
12:54:42 INFO     __main__  Universe refreshed: 72 markets
12:54:53 INFO     __main__  HEARTBEAT eval=0 signals=0 fills=0 arbs=0 arb-fills=0 no-spot=0 no-book=20944 warmup=0 markets=72 btcusdt[σ=0.050 iv=0.323 μ=+0.023] ethusdt[σ=0.050 iv=0.482 μ=-0.130] top-raw-gap=-1.000 ()
12:54:54 WARNING  src.poly_ws  Polymarket WS closed (no close frame received or sent), reconnecting in 1.0s
12:54:56 INFO     src.poly_ws  Polymarket WS connected: wss://ws-subscriptions-clob.polymarket.com/ws/market
12:55:12 INFO     src.poly_universe  Universe: 72 tradeable BTC/ETH markets (1 page(s), 72 BTC/ETH seen)
12:55:12 INFO     __main__  Universe refreshed: 72 markets
12:55:23 INFO     __main__  HEARTBEAT eval=795 signals=0 fills=0 arbs=0 arb-fills=0 no-spot=0 no-book=21048 warmup=1642 markets=72 btcusdt[σ=0.050 iv=0.323 μ=-0.159] ethusdt[σ=0.053 iv=0.482 μ=-0.106] top-raw-gap=-1.000 ()
12:55:42 INFO     src.poly_universe  Universe: 72 tradeable BTC/ETH markets (1 page(s), 72 BTC/ETH seen)
12:55:42 INFO     __main__  Universe refreshed: 72 markets
12:55:53 INFO     __main__  HEARTBEAT eval=0 signals=0 fills=0 arbs=0 arb-fills=0 no-spot=0 no-book=20200 warmup=0 markets=72 btcusdt[σ=0.050 iv=0.322 μ=+0.004] ethusdt[σ=0.051 iv=0.482 μ=+0.139] top-raw-gap=-1.000 ()
12:56:12 INFO     src.poly_universe  Universe: 72 tradeable BTC/ETH markets (1 page(s), 72 BTC/ETH seen)
12:56:12 INFO     __main__  Universe refreshed: 72 markets
12:56:23 INFO     __main__  HEARTBEAT eval=0 signals=0 fills=0 arbs=0 arb-fills=0 no-spot=0 no-book=20920 warmup=0 markets=72 btcusdt[σ=0.050 iv=0.322 μ=-0.142] ethusdt[σ=0.050 iv=0.482 μ=-0.189] top-raw-gap=-1.000 ()
12:56:42 INFO     src.poly_universe  Universe: 72 tradeable BTC/ETH markets (1 page(s), 72 BTC/ETH seen)
12:56:42 INFO     __main__  Universe refreshed: 72 markets
12:56:53 INFO     __main__  HEARTBEAT eval=0 signals=0 fills=0 arbs=0 arb-fills=0 no-spot=0 no-book=16160 warmup=0 markets=72 btcusdt[σ=0.050 iv=0.322 μ=+0.038] ethusdt[σ=0.050 iv=0.482 μ=-0.154] top-raw-gap=-1.000 ()
12:57:12 INFO     src.poly_universe  Universe: 72 tradeable BTC/ETH markets (1 page(s), 72 BTC/ETH seen)
12:57:12 INFO     __main__  Universe refreshed: 72 markets
12:57:24 INFO     __main__  HEARTBEAT eval=0 signals=0 fills=0 arbs=0 arb-fills=0 no-spot=0 no-book=26960 warmup=0 markets=72 btcusdt[σ=0.056 iv=0.322 μ=-0.162] ethusdt[σ=0.068 iv=0.482 μ=-0.164] top-raw-gap=-1.000 ()
12:57:43 INFO     src.poly_universe  Universe: 72 tradeable BTC/ETH markets (1 page(s), 72 BTC/ETH seen)
12:57:43 INFO     __main__  Universe refreshed: 72 markets
12:57:54 INFO     __main__  HEARTBEAT eval=0 signals=0 fills=0 arbs=0 arb-fills=0 no-spot=32 no-book=18832 warmup=0 markets=72 btcusdt[σ=0.050 iv=0.322 μ=-0.171] ethusdt[σ=0.050 iv=0.482 μ=+0.117] top-raw-gap=-1.000 ()
12:58:13 INFO     src.poly_universe  Universe: 72 tradeable BTC/ETH markets (1 page(s), 72 BTC/ETH seen)
12:58:13 INFO     __main__  Universe refreshed: 72 markets
12:58:24 INFO     __main__  HEARTBEAT eval=0 signals=0 fills=0 arbs=0 arb-fills=0 no-spot=0 no-book=33880 warmup=0 markets=72 btcusdt[σ=0.050 iv=0.322 μ=+0.138] ethusdt[σ=0.050 iv=0.482 μ=-0.035] top-raw-gap=-1.000 ()
12:58:43 INFO     src.poly_universe  Universe: 72 tradeable BTC/ETH markets (1 page(s), 72 BTC/ETH seen)
12:58:43 INFO     __main__  Universe refreshed: 72 markets
12:58:54 INFO     __main__  HEARTBEAT eval=0 signals=0 fills=0 arbs=0 arb-fills=0 no-spot=0 no-book=24120 warmup=0 markets=72 btcusdt[σ=0.050 iv=0.322 μ=-0.152] ethusdt[σ=0.050 iv=0.482 μ=+0.127] top-raw-gap=-1.000 ()
12:59:13 INFO     src.poly_universe  Universe: 36 tradeable BTC/ETH markets (1 page(s), 72 BTC/ETH seen)
12:59:13 INFO     __main__  Universe refreshed: 36 markets
12:59:24 INFO     __main__  HEARTBEAT eval=0 signals=0 fills=0 arbs=0 arb-fills=0 no-spot=0 no-book=15140 warmup=0 markets=36 btcusdt[σ=0.050 iv=0.322 μ=-0.061] ethusdt[σ=0.050 iv=0.482 μ=+0.033] top-raw-gap=-1.000 ()
12:59:43 INFO     src.poly_universe  Universe: 36 tradeable BTC/ETH markets (1 page(s), 72 BTC/ETH seen)
12:59:43 INFO     __main__  Universe refreshed: 36 markets
12:59:54 INFO     __main__  HEARTBEAT eval=0 signals=0 fills=0 arbs=0 arb-fills=0 no-spot=0 no-book=10496 warmup=0 markets=36 btcusdt[σ=0.050 iv=0.322 μ=+0.106] ethusdt[σ=0.050 iv=0.482 μ=-0.060] top-raw-gap=-1.000 ()
13:00:13 INFO     src.poly_universe  Universe: 36 tradeable BTC/ETH markets (1 page(s), 72 BTC/ETH seen)
13:00:13 INFO     __main__  Universe refreshed: 36 markets
13:00:24 INFO     __main__  HEARTBEAT eval=0 signals=0 fills=0 arbs=0 arb-fills=0 no-spot=0 no-book=12556 warmup=0 markets=36 btcusdt[σ=0.050 iv=0.322 μ=-0.064] ethusdt[σ=0.050 iv=0.482 μ=-0.059] top-raw-gap=-1.000 ()
13:00:43 INFO     src.poly_universe  Universe: 36 tradeable BTC/ETH markets (1 page(s), 72 BTC/ETH seen)
13:00:43 INFO     __main__  Universe refreshed: 36 markets
13:00:54 INFO     __main__  HEARTBEAT eval=0 signals=0 fills=0 arbs=0 arb-fills=0 no-spot=0 no-book=10992 warmup=0 markets=36 btcusdt[σ=0.058 iv=0.322 μ=-0.155] ethusdt[σ=0.072 iv=0.482 μ=-0.117] top-raw-gap=-1.000 ()
13:01:14 INFO     src.poly_universe  Universe: 36 tradeable BTC/ETH markets (1 page(s), 72 BTC/ETH seen)
13:01:14 INFO     __main__  Universe refreshed: 36 markets
13:01:24 INFO     __main__  HEARTBEAT eval=0 signals=0 fills=0 arbs=0 arb-fills=0 no-spot=0 no-book=15420 warmup=0 markets=36 btcusdt[σ=0.056 iv=0.322 μ=-0.041] ethusdt[σ=0.050 iv=0.482 μ=-0.190] top-raw-gap=-1.000 ()
13:01:44 INFO     src.poly_universe  Universe: 36 tradeable BTC/ETH markets (1 page(s), 72 BTC/ETH seen)
13:01:44 INFO     __main__  Universe refreshed: 36 markets
13:01:54 INFO     __main__  HEARTBEAT eval=0 signals=0 fills=0 arbs=0 arb-fills=0 no-spot=0 no-book=14632 warmup=0 markets=36 btcusdt[σ=0.066 iv=0.322 μ=+0.049] ethusdt[σ=0.063 iv=0.482 μ=+0.100] top-raw-gap=-1.000 ()
13:02:14 INFO     src.poly_universe  Universe: 36 tradeable BTC/ETH markets (1 page(s), 72 BTC/ETH seen)
13:02:14 INFO     __main__  Universe refreshed: 36 markets
13:02:24 INFO     __main__  HEARTBEAT eval=0 signals=0 fills=0 arbs=0 arb-fills=0 no-spot=32 no-book=11048 warmup=0 markets=36 btcusdt[σ=0.054 iv=0.322 μ=-0.084] ethusdt[σ=0.076 iv=0.482 μ=+0.112] top-raw-gap=-1.000 ()
13:02:44 INFO     src.poly_universe  Universe: 36 tradeable BTC/ETH markets (1 page(s), 72 BTC/ETH seen)
13:02:44 INFO     __main__  Universe refreshed: 36 markets
13:02:54 INFO     __main__  HEARTBEAT eval=0 signals=0 fills=0 arbs=0 arb-fills=0 no-spot=32 no-book=7958 warmup=4 markets=36 btcusdt[σ=0.050 iv=0.322 μ=-0.074] ethusdt[σ=0.050 iv=0.482 μ=-0.056] top-raw-gap=-1.000 ()
13:03:14 INFO     src.poly_universe  Universe: 36 tradeable BTC/ETH markets (1 page(s), 72 BTC/ETH seen)
13:03:14 INFO     __main__  Universe refreshed: 36 markets
13:03:24 INFO     __main__  HEARTBEAT eval=0 signals=0 fills=0 arbs=0 arb-fills=0 no-spot=0 no-book=9344 warmup=0 markets=36 btcusdt[σ=0.050 iv=0.322 μ=+0.051] ethusdt[σ=0.050 iv=0.482 μ=+0.032] top-raw-gap=-1.000 ()
13:03:44 INFO     src.poly_universe  Universe: 36 tradeable BTC/ETH markets (1 page(s), 72 BTC/ETH seen)
13:03:44 INFO     __main__  Universe refreshed: 36 markets
13:03:54 INFO     __main__  HEARTBEAT eval=0 signals=0 fills=0 arbs=0 arb-fills=0 no-spot=0 no-book=8672 warmup=0 markets=36 btcusdt[σ=0.050 iv=0.322 μ=+0.005] ethusdt[σ=0.050 iv=0.482 μ=-0.128] top-raw-gap=-1.000 ()
13:04:15 INFO     src.poly_universe  Universe: 36 tradeable BTC/ETH markets (1 page(s), 72 BTC/ETH seen)
13:04:15 INFO     __main__  Universe refreshed: 36 markets
13:04:24 INFO     __main__  HEARTBEAT eval=0 signals=0 fills=0 arbs=0 arb-fills=0 no-spot=0 no-book=12828 warmup=0 markets=36 btcusdt[σ=0.050 iv=0.322 μ=+0.083] ethusdt[σ=0.050 iv=0.482 μ=-0.080] top-raw-gap=-1.000 ()
13:04:45 INFO     src.poly_universe  Universe: 36 tradeable BTC/ETH markets (1 page(s), 72 BTC/ETH seen)
13:04:45 INFO     __main__  Universe refreshed: 36 markets
13:04:54 INFO     __main__  HEARTBEAT eval=0 signals=0 fills=0 arbs=0 arb-fills=0 no-spot=0 no-book=12920 warmup=0 markets=36 btcusdt[σ=0.087 iv=0.322 μ=+0.105] ethusdt[σ=0.121 iv=0.483 μ=+0.182] top-raw-gap=-1.000 ()
13:04:56 WARNING  src.poly_ws  Polymarket WS closed (no close frame received or sent), reconnecting in 1.0s
13:04:58 INFO     src.poly_ws  Polymarket WS connected: wss://ws-subscriptions-clob.polymarket.com/ws/market
13:05:15 INFO     src.poly_universe  Universe: 36 tradeable BTC/ETH markets (1 page(s), 72 BTC/ETH seen)
13:05:15 INFO     __main__  Universe refreshed: 36 markets
13:05:24 INFO     __main__  HEARTBEAT eval=1222 signals=0 fills=0 arbs=0 arb-fills=0 no-spot=0 no-book=21043 warmup=0 markets=36 btcusdt[σ=0.083 iv=0.322 μ=+0.119] ethusdt[σ=0.119 iv=0.483 μ=+0.041] top-raw-gap=-1.000 ()
13:05:45 INFO     src.poly_universe  Universe: 36 tradeable BTC/ETH markets (1 page(s), 72 BTC/ETH seen)
13:05:45 INFO     __main__  Universe refreshed: 36 markets
13:05:54 INFO     __main__  HEARTBEAT eval=0 signals=0 fills=0 arbs=0 arb-fills=0 no-spot=0 no-book=23208 warmup=0 markets=36 btcusdt[σ=0.104 iv=0.322 μ=+0.054] ethusdt[σ=0.166 iv=0.482 μ=+0.094] top-raw-gap=-1.000 ()
13:06:15 INFO     src.poly_universe  Universe: 36 tradeable BTC/ETH markets (1 page(s), 72 BTC/ETH seen)
13:06:15 INFO     __main__  Universe refreshed: 36 markets
13:06:24 INFO     __main__  HEARTBEAT eval=0 signals=0 fills=0 arbs=0 arb-fills=0 no-spot=0 no-book=6680 warmup=0 markets=36 btcusdt[σ=0.183 iv=0.322 μ=+0.121] ethusdt[σ=0.184 iv=0.482 μ=+0.017] top-raw-gap=-1.000 ()
13:06:36 WARNING  src.binance_ws  Binance WS closed (sent 1011 (internal error) keepalive ping timeout; no close frame received), reconnecting in 1.0s
13:06:38 INFO     src.binance_ws  Binance WS connected: wss://stream.binance.com:443/stream?streams=ethusdt@bookTicker/ethusdt@aggTrade
13:06:45 INFO     src.poly_universe  Universe: 36 tradeable BTC/ETH markets (1 page(s), 72 BTC/ETH seen)
13:06:45 INFO     __main__  Universe refreshed: 36 markets
13:06:54 INFO     __main__  HEARTBEAT eval=0 signals=0 fills=0 arbs=0 arb-fills=0 no-spot=160 no-book=16960 warmup=0 markets=36 btcusdt[σ=0.185 iv=0.321 μ=+0.028] ethusdt[σ=0.474 iv=0.466 μ=+0.045] top-raw-gap=-1.000 ()
13:07:16 INFO     src.poly_universe  Universe: 36 tradeable BTC/ETH markets (1 page(s), 72 BTC/ETH seen)
13:07:16 INFO     __main__  Universe refreshed: 36 markets
13:07:24 INFO     __main__  HEARTBEAT eval=0 signals=0 fills=0 arbs=0 arb-fills=0 no-spot=0 no-book=22808 warmup=0 markets=36 btcusdt[σ=0.182 iv=0.321 μ=+0.109] ethusdt[σ=0.319 iv=0.466 μ=-0.025] top-raw-gap=-1.000 ()
13:07:46 INFO     src.poly_universe  Universe: 36 tradeable BTC/ETH markets (1 page(s), 72 BTC/ETH seen)
13:07:46 INFO     __main__  Universe refreshed: 36 markets
13:07:55 INFO     __main__  HEARTBEAT eval=0 signals=0 fills=0 arbs=0 arb-fills=0 no-spot=0 no-book=24268 warmup=0 markets=36 btcusdt[σ=0.129 iv=0.321 μ=-0.119] ethusdt[σ=0.205 iv=0.466 μ=-0.112] top-raw-gap=-1.000 ()
13:08:16 INFO     src.poly_universe  Universe: 36 tradeable BTC/ETH markets (1 page(s), 72 BTC/ETH seen)
13:08:16 INFO     __main__  Universe refreshed: 36 markets
13:08:25 INFO     __main__  HEARTBEAT eval=0 signals=0 fills=0 arbs=0 arb-fills=0 no-spot=0 no-book=19432 warmup=0 markets=36 btcusdt[σ=0.105 iv=0.321 μ=-0.043] ethusdt[σ=0.157 iv=0.466 μ=-0.032] top-raw-gap=-1.000 ()
13:08:46 INFO     src.poly_universe  Universe: 36 tradeable BTC/ETH markets (1 page(s), 72 BTC/ETH seen)
13:08:46 INFO     __main__  Universe refreshed: 36 markets
13:08:55 INFO     __main__  HEARTBEAT eval=0 signals=0 fills=0 arbs=0 arb-fills=0 no-spot=0 no-book=21904 warmup=0 markets=36 btcusdt[σ=0.086 iv=0.321 μ=+0.075] ethusdt[σ=0.109 iv=0.466 μ=+0.012] top-raw-gap=-1.000 ()
13:09:16 INFO     src.poly_universe  Universe: 36 tradeable BTC/ETH markets (1 page(s), 72 BTC/ETH seen)
13:09:16 INFO     __main__  Universe refreshed: 36 markets
13:09:25 INFO     __main__  HEARTBEAT eval=0 signals=0 fills=0 arbs=0 arb-fills=0 no-spot=0 no-book=22580 warmup=0 markets=36 btcusdt[σ=0.081 iv=0.321 μ=-0.073] ethusdt[σ=0.102 iv=0.466 μ=+0.034] top-raw-gap=-1.000 ()
13:09:46 INFO     src.poly_universe  Universe: 36 tradeable BTC/ETH markets (1 page(s), 72 BTC/ETH seen)
13:09:46 INFO     __main__  Universe refreshed: 36 markets
13:09:55 INFO     __main__  HEARTBEAT eval=0 signals=0 fills=0 arbs=0 arb-fills=0 no-spot=0 no-book=18116 warmup=0 markets=36 btcusdt[σ=0.068 iv=0.321 μ=-0.001] ethusdt[σ=0.086 iv=0.467 μ=-0.145] top-raw-gap=-1.000 ()
13:10:16 INFO     src.poly_universe  Universe: 36 tradeable BTC/ETH markets (1 page(s), 72 BTC/ETH seen)
13:10:16 INFO     __main__  Universe refreshed: 36 markets
13:10:25 INFO     __main__  HEARTBEAT eval=0 signals=0 fills=0 arbs=0 arb-fills=0 no-spot=0 no-book=22352 warmup=0 markets=36 btcusdt[σ=0.065 iv=0.321 μ=+0.011] ethusdt[σ=0.072 iv=0.467 μ=+0.084] top-raw-gap=-1.000 ()
13:10:47 INFO     src.poly_universe  Universe: 36 tradeable BTC/ETH markets (1 page(s), 72 BTC/ETH seen)
13:10:47 INFO     __main__  Universe refreshed: 36 markets
13:10:55 INFO     __main__  HEARTBEAT eval=0 signals=0 fills=0 arbs=0 arb-fills=0 no-spot=0 no-book=24352 warmup=0 markets=36 btcusdt[σ=0.080 iv=0.321 μ=-0.179] ethusdt[σ=0.088 iv=0.467 μ=-0.171] top-raw-gap=-1.000 ()
13:11:17 INFO     src.poly_universe  Universe: 36 tradeable BTC/ETH markets (1 page(s), 72 BTC/ETH seen)
13:11:17 INFO     __main__  Universe refreshed: 36 markets
13:11:25 INFO     __main__  HEARTBEAT eval=0 signals=0 fills=0 arbs=0 arb-fills=0 no-spot=0 no-book=26176 warmup=0 markets=36 btcusdt[σ=0.087 iv=0.321 μ=-0.085] ethusdt[σ=0.102 iv=0.467 μ=-0.152] top-raw-gap=-1.000 ()
13:11:47 INFO     src.poly_universe  Universe: 36 tradeable BTC/ETH markets (1 page(s), 72 BTC/ETH seen)
13:11:47 INFO     __main__  Universe refreshed: 36 markets
13:11:55 INFO     __main__  HEARTBEAT eval=0 signals=0 fills=0 arbs=0 arb-fills=0 no-spot=0 no-book=20856 warmup=0 markets=36 btcusdt[σ=0.078 iv=0.321 μ=-0.108] ethusdt[σ=0.098 iv=0.490 μ=-0.098] top-raw-gap=-1.000 ()
13:12:17 INFO     src.poly_universe  Universe: 36 tradeable BTC/ETH markets (1 page(s), 72 BTC/ETH seen)
13:12:17 INFO     __main__  Universe refreshed: 36 markets
13:12:25 INFO     __main__  HEARTBEAT eval=0 signals=0 fills=0 arbs=0 arb-fills=0 no-spot=0 no-book=16200 warmup=0 markets=36 btcusdt[σ=0.075 iv=0.321 μ=+0.104] ethusdt[σ=0.088 iv=0.490 μ=+0.086] top-raw-gap=-1.000 ()
13:12:47 INFO     src.poly_universe  Universe: 36 tradeable BTC/ETH markets (1 page(s), 72 BTC/ETH seen)
13:12:47 INFO     __main__  Universe refreshed: 36 markets
13:12:55 INFO     __main__  HEARTBEAT eval=0 signals=0 fills=0 arbs=0 arb-fills=0 no-spot=0 no-book=20440 warmup=0 markets=36 btcusdt[σ=0.145 iv=0.322 μ=+0.118] ethusdt[σ=0.121 iv=0.490 μ=+0.139] top-raw-gap=-1.000 ()
